序号,汉字,原表来源分组,风险等级,原表风险,汉典通道,汉典页,字形数,著录出处,全部著录,SVG_URL,本地文件
1,憙,蓝块占位,none,原表无字形,hans（/憙/jiaguwen）,https://www.zdic.net/hans/憙/jiaguwen,21,憙甲178 合15671,憙甲178 合15671 | 憙甲930 合25257 | 憙甲1076 | 憙甲1652 | 憙乙1671 合21207 𠂤歷間 | 憙鐵48.4 合22999 | 憙鐵182.3 合24146 出組 | 憙前1.1.3 合22708 | 憙前4.18.1 合36482 黃組 | 憙前4.43.2 合23691 出組 | 憙前5.18.2 | 憙後2.21.4 合25366 | 憙戩45.7 合23607 | 憙河114 合24886 | 憙河156 合26398 | 憙河348 合23368 | 憙粹1211 合24336 出組 | 憙粹1486 合17518 | 憙粹1487 合17519 | 憙河364 合24964 | 憙乙4597反 合9259反 賓組,https://img.zdic.net/zy/jiaguwen/42_E4B8.svg;https://img.zdic.net/zy/jiaguwen/42_E4B9.svg;https://img.zdic.net/zy/jiaguwen/42_E4BA.svg;https://img.zdic.net/zy/jiaguwen/42_E4BB.svg;https://img.zdic.net/zy/jiaguwen/42_E4BC.svg;https://img.zdic.net/zy/jiaguwen/42_E4BD.svg;https://img.zdic.net/zy/jiaguwen/42_E4BE.svg;https://img.zdic.net/zy/jiaguwen/42_E4BF.svg;https://img.zdic.net/zy/jiaguwen/42_E4C0.svg;https://img.zdic.net/zy/jiaguwen/42_E4C1.svg;https://img.zdic.net/zy/jiaguwen/42_E4C2.svg;https://img.zdic.net/zy/jiaguwen/42_E4C3.svg;https://img.zdic.net/zy/jiaguwen/42_E4C4.svg;https://img.zdic.net/zy/jiaguwen/42_E4C5.svg;https://img.zdic.net/zy/jiaguwen/42_E4C6.svg;https://img.zdic.net/zy/jiaguwen/42_E4C7.svg;https://img.zdic.net/zy/jiaguwen/42_E4C8.svg;https://img.zdic.net/zy/jiaguwen/42_E4C9.svg;https://img.zdic.net/zy/jiaguwen/42_E4CA.svg;https://img.zdic.net/zy/jiaguwen/42_E4CB.svg;https://img.zdic.net/zy/jiaguwen/42_E4CC.svg,glyphs/0001_憙_0.png;glyphs/0001_憙_1.png;glyphs/0001_憙_2.png;glyphs/0001_憙_3.png;glyphs/0001_憙_4.png;glyphs/0001_憙_5.png;glyphs/0001_憙_6.png;glyphs/0001_憙_7.png;glyphs/0001_憙_8.png;glyphs/0001_憙_9.png;glyphs/0001_憙_10.png;glyphs/0001_憙_11.png;glyphs/0001_憙_12.png;glyphs/0001_憙_13.png;glyphs/0001_憙_14.png;glyphs/0001_憙_15.png;glyphs/0001_憙_16.png;glyphs/0001_憙_17.png;glyphs/0001_憙_18.png;glyphs/0001_憙_19.png;glyphs/0001_憙_20.png
2,杕,深色,ok,—,hans（/杕/jiaguwen）,https://www.zdic.net/hans/杕/jiaguwen,1,杕摭續120 合32960 歷組,杕摭續120 合32960 歷組,https://img.zdic.net/zy/jiaguwen/45_E986.svg,glyphs/0002_杕_0.png
3,楯,蓝块占位,none,原表无字形,hans（/楯/jiaguwen）,https://www.zdic.net/hans/楯/jiaguwen,29,楯甲3113,楯甲3113 | 楯乙5248 合772 | 楯乙6305 合7427 賓組 | 楯鐵1.3 合6971 | 楯鐵25.1 合2238 子組 | 楯後2.5.2 合38704 | 楯林2.3.16 合3354 | 楯林2.24.6 合16347 賓組 | 楯林2.26.4 合21659 子組 | 楯粹1288 合6974 𠂤賓間 | 楯粹1289 合6975 𠂤賓間 | 楯京津1304 合9082 賓組 | 楯京津1305 合6973 𠂤賓間 | 楯京津1307 合7992 | 楯京津1308 合6975 𠂤賓間 | 楯京津1309 合7994 | 楯京津3077 合20135 | 楯掇1.271 合6972 𠂤賓間 | 楯庫365 合39823 | 楯庫457 | 楯乙333 | 楯明藏253 | 楯後2.37.2 合6665 賓組 | 楯燕606 合6754 𠂤賓間 | 楯燕637 合6976 𠂤賓間 | 楯燕758 合6976 𠂤賓間 | 楯庫563 合39775 | 楯庫981 合20584 𠂤歷間 | 楯庫993,https://img.zdic.net/zy/jiaguwen/42_EFA8.svg;https://img.zdic.net/zy/jiaguwen/42_EFA9.svg;https://img.zdic.net/zy/jiaguwen/42_EFAA.svg;https://img.zdic.net/zy/jiaguwen/42_EFAB.svg;https://img.zdic.net/zy/jiaguwen/42_EFAC.svg;https://img.zdic.net/zy/jiaguwen/42_EFAD.svg;https://img.zdic.net/zy/jiaguwen/42_EFAE.svg;https://img.zdic.net/zy/jiaguwen/42_EFAF.svg;https://img.zdic.net/zy/jiaguwen/42_EFB0.svg;https://img.zdic.net/zy/jiaguwen/42_EFB1.svg;https://img.zdic.net/zy/jiaguwen/42_EFB2.svg;https://img.zdic.net/zy/jiaguwen/42_EFB3.svg;https://img.zdic.net/zy/jiaguwen/42_EFB4.svg;https://img.zdic.net/zy/jiaguwen/42_EFB5.svg;https://img.zdic.net/zy/jiaguwen/42_EFB6.svg;https://img.zdic.net/zy/jiaguwen/42_EFB7.svg;https://img.zdic.net/zy/jiaguwen/42_EFB8.svg;https://img.zdic.net/zy/jiaguwen/42_EFB9.svg;https://img.zdic.net/zy/jiaguwen/42_EFBA.svg;https://img.zdic.net/zy/jiaguwen/42_EFBB.svg;https://img.zdic.net/zy/jiaguwen/42_EFBC.svg;https://img.zdic.net/zy/jiaguwen/42_EFBD.svg;https://img.zdic.net/zy/jiaguwen/42_EFBE.svg;https://img.zdic.net/zy/jiaguwen/42_EFBF.svg;https://img.zdic.net/zy/jiaguwen/42_EFC0.svg;https://img.zdic.net/zy/jiaguwen/42_EFC1.svg;https://img.zdic.net/zy/jiaguwen/42_EFC2.svg;https://img.zdic.net/zy/jiaguwen/42_EFC3.svg;https://img.zdic.net/zy/jiaguwen/42_EFC4.svg,glyphs/0003_楯_0.png;glyphs/0003_楯_1.png;glyphs/0003_楯_2.png;glyphs/0003_楯_3.png;glyphs/0003_楯_4.png;glyphs/0003_楯_5.png;glyphs/0003_楯_6.png;glyphs/0003_楯_7.png;glyphs/0003_楯_8.png;glyphs/0003_楯_9.png;glyphs/0003_楯_10.png;glyphs/0003_楯_11.png;glyphs/0003_楯_12.png;glyphs/0003_楯_13.png;glyphs/0003_楯_14.png;glyphs/0003_楯_15.png;glyphs/0003_楯_16.png;glyphs/0003_楯_17.png;glyphs/0003_楯_18.png;glyphs/0003_楯_19.png;glyphs/0003_楯_20.png;glyphs/0003_楯_21.png;glyphs/0003_楯_22.png;glyphs/0003_楯_23.png;glyphs/0003_楯_24.png;glyphs/0003_楯_25.png;glyphs/0003_楯_26.png;glyphs/0003_楯_27.png;glyphs/0003_楯_28.png
4,犇,蓝块占位,none,原表无字形,hans（/犇/jiaguwen）,https://www.zdic.net/hans/犇/jiaguwen,7,犇乙25 合19875 𠂤組,犇乙25 合19875 𠂤組 | 犇掇2.130 合26993 無名組 | 犇佚96 合34677 | 犇佚543 合302 賓組 | 犇拾12.17 合13764 𠂤賓間 | 犇後1.28.3 合301 賓組 | 犇後2.20.16 合20190 𠂤組,https://img.zdic.net/zy/jiaguwen/42_EE37.svg;https://img.zdic.net/zy/jiaguwen/42_EE38.svg;https://img.zdic.net/zy/jiaguwen/42_EE39.svg;https://img.zdic.net/zy/jiaguwen/42_EE3A.svg;https://img.zdic.net/zy/jiaguwen/42_EE3B.svg;https://img.zdic.net/zy/jiaguwen/42_EE3C.svg;https://img.zdic.net/zy/jiaguwen/42_EE3D.svg,glyphs/0004_犇_0.png;glyphs/0004_犇_1.png;glyphs/0004_犇_2.png;glyphs/0004_犇_3.png;glyphs/0004_犇_4.png;glyphs/0004_犇_5.png;glyphs/0004_犇_6.png
5,珷,蓝块占位,none,原表无字形,hans（/珷/jiaguwen）,https://www.zdic.net/hans/珷/jiaguwen,25,珷甲3339 合10229 賓組,珷甲3339 合10229 賓組 | 珷甲3946 | 珷乙2998 | 珷鐵67.4 合26770 出組 | 珷前1.10.3 合36080 | 珷前1.17.3 合35832 | 珷前1.21.1 合36013 | 珷前3.23.1 合36158 | 珷後1.4.15 合36109 | 珷後1.20.6 合35816 | 珷林1.10.14 合36055 | 珷佚427 | 珷佚816 合21357 | 珷佚984 合36089 | 珷燕252 合36093 黃組 | 珷燕289 合36111 | 珷坊間4.447 | 珷掇2.218 合35828 黃組 | 珷鄴初下.40.7 合35965 黃組 | 珷鄴3下.50.14 合36119 | 珷粹356 合36105 | 珷粹359 合36035 | 珷粹360A 合36107 | 珷乙4333 合22075 午組 | 珷金740 合41741 黃組,https://img.zdic.net/zy/jiaguwen/43_EF52.svg;https://img.zdic.net/zy/jiaguwen/43_EF53.svg;https://img.zdic.net/zy/jiaguwen/43_EF54.svg;https://img.zdic.net/zy/jiaguwen/43_EF55.svg;https://img.zdic.net/zy/jiaguwen/43_EF56.svg;https://img.zdic.net/zy/jiaguwen/43_EF57.svg;https://img.zdic.net/zy/jiaguwen/43_EF58.svg;https://img.zdic.net/zy/jiaguwen/43_EF59.svg;https://img.zdic.net/zy/jiaguwen/43_EF5A.svg;https://img.zdic.net/zy/jiaguwen/43_EF5B.svg;https://img.zdic.net/zy/jiaguwen/43_EF5C.svg;https://img.zdic.net/zy/jiaguwen/43_EF5D.svg;https://img.zdic.net/zy/jiaguwen/43_EF5E.svg;https://img.zdic.net/zy/jiaguwen/43_EF5F.svg;https://img.zdic.net/zy/jiaguwen/43_EF60.svg;https://img.zdic.net/zy/jiaguwen/43_EF61.svg;https://img.zdic.net/zy/jiaguwen/43_EF62.svg;https://img.zdic.net/zy/jiaguwen/43_EF63.svg;https://img.zdic.net/zy/jiaguwen/43_EF64.svg;https://img.zdic.net/zy/jiaguwen/43_EF65.svg;https://img.zdic.net/zy/jiaguwen/43_EF66.svg;https://img.zdic.net/zy/jiaguwen/43_EF67.svg;https://img.zdic.net/zy/jiaguwen/43_EF68.svg;https://img.zdic.net/zy/jiaguwen/43_EF69.svg;https://img.zdic.net/zy/jiaguwen/43_EF6A.svg,glyphs/0005_珷_0.png;glyphs/0005_珷_1.png;glyphs/0005_珷_2.png;glyphs/0005_珷_3.png;glyphs/0005_珷_4.png;glyphs/0005_珷_5.png;glyphs/0005_珷_6.png;glyphs/0005_珷_7.png;glyphs/0005_珷_8.png;glyphs/0005_珷_9.png;glyphs/0005_珷_10.png;glyphs/0005_珷_11.png;glyphs/0005_珷_12.png;glyphs/0005_珷_13.png;glyphs/0005_珷_14.png;glyphs/0005_珷_15.png;glyphs/0005_珷_16.png;glyphs/0005_珷_17.png;glyphs/0005_珷_18.png;glyphs/0005_珷_19.png;glyphs/0005_珷_20.png;glyphs/0005_珷_21.png;glyphs/0005_珷_22.png;glyphs/0005_珷_23.png;glyphs/0005_珷_24.png
6,逴,深色,ok,—,hans（/逴/jiaguwen）,https://www.zdic.net/hans/逴/jiaguwen,1,逴粹1160 合26992 無名組,逴粹1160 合26992 無名組,https://img.zdic.net/zy/jiaguwen/41_E927.svg,glyphs/0006_逴_0.png
7,临,深色,ok,—,hans（/临/jiaguwen）,https://www.zdic.net/hans/临/jiaguwen,1,临合36418 合36418 黃組,临合36418 合36418 黃組,https://img.zdic.net/zy/jiaguwen/44_E2B4.svg,glyphs/0007_临_0.png
8,为,深色,ok,—,hans（/为/jiaguwen）,https://www.zdic.net/hans/为/jiaguwen,25,为乙1049 合21729 子組,为乙1049 合21729 子組 | 为乙2307 合2953 賓組 | 为乙2524 合13490 賓組 | 为乙7589 合1855 | 为前5.30.4 合15182 | 为前5.30.4 合15182 | 为後2.10.11 合15186 賓組 | 为後2.10.11 合15186 賓組 | 为後2.10.12 合15188 賓組 | 为後2.10.13 合15184 | 为京津2261 合18152 | 为京津2262 合18150 | 为明藏145 | 为明藏145 | 为明藏145 | 为明藏145 | 为金591 合40483 | 为庫1687 合40482 | 为燕199 合18151 | 为乙3417 合13490 賓組 | 为乙3664 合1288 | 为存742 合5410 賓組 | 为乙3018 合13623 賓組 | 为乙6898 合13490 賓組 | 为七8039,https://img.zdic.net/zy/jiaguwen/41_EDFA.svg;https://img.zdic.net/zy/jiaguwen/41_EDFB.svg;https://img.zdic.net/zy/jiaguwen/41_EDFC.svg;https://img.zdic.net/zy/jiaguwen/41_EDFD.svg;https://img.zdic.net/zy/jiaguwen/41_EDFE.svg;https://img.zdic.net/zy/jiaguwen/41_EDFF.svg;https://img.zdic.net/zy/jiaguwen/41_EE00.svg;https://img.zdic.net/zy/jiaguwen/41_EE01.svg;https://img.zdic.net/zy/jiaguwen/41_EE02.svg;https://img.zdic.net/zy/jiaguwen/41_EE03.svg;https://img.zdic.net/zy/jiaguwen/41_EE04.svg;https://img.zdic.net/zy/jiaguwen/41_EE05.svg;https://img.zdic.net/zy/jiaguwen/41_EE06.svg;https://img.zdic.net/zy/jiaguwen/41_EE07.svg;https://img.zdic.net/zy/jiaguwen/41_EE08.svg;https://img.zdic.net/zy/jiaguwen/41_EE09.svg;https://img.zdic.net/zy/jiaguwen/41_EE0A.svg;https://img.zdic.net/zy/jiaguwen/41_EE0B.svg;https://img.zdic.net/zy/jiaguwen/41_EE0C.svg;https://img.zdic.net/zy/jiaguwen/41_EE0D.svg;https://img.zdic.net/zy/jiaguwen/41_EE0E.svg;https://img.zdic.net/zy/jiaguwen/41_EE0F.svg;https://img.zdic.net/zy/jiaguwen/41_EE10.svg;https://img.zdic.net/zy/jiaguwen/41_EE11.svg;https://img.zdic.net/zy/jiaguwen/41_EE12.svg,glyphs/0008_为_0.png;glyphs/0008_为_1.png;glyphs/0008_为_2.png;glyphs/0008_为_3.png;glyphs/0008_为_4.png;glyphs/0008_为_5.png;glyphs/0008_为_6.png;glyphs/0008_为_7.png;glyphs/0008_为_8.png;glyphs/0008_为_9.png;glyphs/0008_为_10.png;glyphs/0008_为_11.png;glyphs/0008_为_12.png;glyphs/0008_为_13.png;glyphs/0008_为_14.png;glyphs/0008_为_15.png;glyphs/0008_为_16.png;glyphs/0008_为_17.png;glyphs/0008_为_18.png;glyphs/0008_为_19.png;glyphs/0008_为_20.png;glyphs/0008_为_21.png;glyphs/0008_为_22.png;glyphs/0008_为_23.png;glyphs/0008_为_24.png
9,乞,深色,ok,—,hans（/乞/jiaguwen）,https://www.zdic.net/hans/乞/jiaguwen,23,乞前7.36.2 合12532 賓組,乞前7.36.2 合12532 賓組 | 乞後2.16.2 合16243 賓組 | 乞戩12.9 合6154 賓組 | 乞粹524 合16242 賓組 | 乞粹771 合33897 歷組 | 乞前2.28.2 合10925 | 乞前7.9.3 合7148 賓組 | 乞菁1.1 合6057 賓組 | 乞菁1.1 合6057 賓組 | 乞菁2.1 合6057 賓組 | 乞前7.31.3 合1075 賓組 | 乞甲870 合35260 | 乞甲2103反 合9419反 賓組 | 乞甲2833 合9461 | 乞明藏12 | 乞燕403 合9430 賓組 | 乞燕197 合11002 賓組 | 乞佚60 合6060 賓組 | 乞佚894 合22913 出組 | 乞通別2.3A | 乞陳133 合9421 | 乞存1483 合22657 出組 | 乞京都949 合4857,https://img.zdic.net/zy/jiaguwen/41_E23A.svg;https://img.zdic.net/zy/jiaguwen/41_E23B.svg;https://img.zdic.net/zy/jiaguwen/41_E23C.svg;https://img.zdic.net/zy/jiaguwen/41_E23D.svg;https://img.zdic.net/zy/jiaguwen/41_E23E.svg;https://img.zdic.net/zy/jiaguwen/41_E23F.svg;https://img.zdic.net/zy/jiaguwen/41_E240.svg;https://img.zdic.net/zy/jiaguwen/41_E241.svg;https://img.zdic.net/zy/jiaguwen/41_E242.svg;https://img.zdic.net/zy/jiaguwen/41_E243.svg;https://img.zdic.net/zy/jiaguwen/41_E244.svg;https://img.zdic.net/zy/jiaguwen/41_E245.svg;https://img.zdic.net/zy/jiaguwen/41_E246.svg;https://img.zdic.net/zy/jiaguwen/41_E247.svg;https://img.zdic.net/zy/jiaguwen/41_E248.svg;https://img.zdic.net/zy/jiaguwen/41_E249.svg;https://img.zdic.net/zy/jiaguwen/41_E24A.svg;https://img.zdic.net/zy/jiaguwen/41_E24B.svg;https://img.zdic.net/zy/jiaguwen/41_E24C.svg;https://img.zdic.net/zy/jiaguwen/41_E24D.svg;https://img.zdic.net/zy/jiaguwen/41_E24E.svg;https://img.zdic.net/zy/jiaguwen/41_E24F.svg;https://img.zdic.net/zy/jiaguwen/41_E250.svg,glyphs/0009_乞_0.png;glyphs/0009_乞_1.png;glyphs/0009_乞_2.png;glyphs/0009_乞_3.png;glyphs/0009_乞_4.png;glyphs/0009_乞_5.png;glyphs/0009_乞_6.png;glyphs/0009_乞_7.png;glyphs/0009_乞_8.png;glyphs/0009_乞_9.png;glyphs/0009_乞_10.png;glyphs/0009_乞_11.png;glyphs/0009_乞_12.png;glyphs/0009_乞_13.png;glyphs/0009_乞_14.png;glyphs/0009_乞_15.png;glyphs/0009_乞_16.png;glyphs/0009_乞_17.png;glyphs/0009_乞_18.png;glyphs/0009_乞_19.png;glyphs/0009_乞_20.png;glyphs/0009_乞_21.png;glyphs/0009_乞_22.png
10,亓,淡蓝 #7396FF,L2,淡蓝同批·待核,hans（/亓/jiaguwen）,https://www.zdic.net/hans/亓/jiaguwen,43,亓甲662 合33811,亓甲662 合33811 | 亓甲663 合27000 無名組 | 亓甲751 合33757 | 亓甲862 合33771 | 亓甲2007 合28664 | 亓甲2366 | 亓乙3400 合1285 賓組 | 亓乙7285 合14542 | 亓乙7672 合9810 賓組 | 亓乙8685反 合21031反 𠂤組 | 亓鐵34.3 合16310 | 亓鐵46.4 | 亓鐵117.2 合19390 | 亓鐵218.2 合15758 賓組 | 亓餘15.4 合18771 賓組 | 亓前1.12.7 合35975 | 亓前1.18.1 合36115 黃組 | 亓前1.18.1 合36115 黃組 | 亓前1.18.1 合36115 黃組 | 亓前2.30.6 合38186 黃組 | 亓前2.30.6 合38186 黃組 | 亓前2.30.6 合38186 黃組 | 亓前3.1.1 合3418 𠂤賓間 | 亓前4.38.3 合36164 | 亓前5.6.1 合35347 黃組 | 亓前6.20.2 合12852 | 亓後1.11.4 合29401 無名組 | 亓後1.14.3 合24460 出組 | 亓後1.15.2 合24452 | 亓後1.15.2 合24452 | 亓後1.23.4 合32161 歷組 | 亓後1.26.15 合34149 歷組 | 亓後1.33.2 | 亓後2.19.11 合39453 黃組 | 亓後2.21.2 合32933 歷組 | 亓後2.36.5 合33075 𠂤歷間 | 亓佚116 合6316 | 亓佚230 合33845 | 亓佚13 合6196 | 亓福8 合37386 黃組 | 亓京津3000 合10980 | 亓前6.34.7 合6063 賓組 | 亓京都934A,https://img.zdic.net/zy/jiaguwen/42_E2C7.svg;https://img.zdic.net/zy/jiaguwen/42_E2C8.svg;https://img.zdic.net/zy/jiaguwen/42_E2C9.svg;https://img.zdic.net/zy/jiaguwen/42_E2CA.svg;https://img.zdic.net/zy/jiaguwen/42_E2CB.svg;https://img.zdic.net/zy/jiaguwen/42_E2CC.svg;https://img.zdic.net/zy/jiaguwen/42_E2CD.svg;https://img.zdic.net/zy/jiaguwen/42_E2CE.svg;https://img.zdic.net/zy/jiaguwen/42_E2CF.svg;https://img.zdic.net/zy/jiaguwen/42_E2D0.svg;https://img.zdic.net/zy/jiaguwen/42_E2D1.svg;https://img.zdic.net/zy/jiaguwen/42_E2D2.svg;https://img.zdic.net/zy/jiaguwen/42_E2D3.svg;https://img.zdic.net/zy/jiaguwen/42_E2D4.svg;https://img.zdic.net/zy/jiaguwen/42_E2D5.svg;https://img.zdic.net/zy/jiaguwen/42_E2D6.svg;https://img.zdic.net/zy/jiaguwen/42_E2D7.svg;https://img.zdic.net/zy/jiaguwen/42_E2D8.svg;https://img.zdic.net/zy/jiaguwen/42_E2D9.svg;https://img.zdic.net/zy/jiaguwen/42_E2DA.svg;https://img.zdic.net/zy/jiaguwen/42_E2DB.svg;https://img.zdic.net/zy/jiaguwen/42_E2DC.svg;https://img.zdic.net/zy/jiaguwen/42_E2DD.svg;https://img.zdic.net/zy/jiaguwen/42_E2DE.svg;https://img.zdic.net/zy/jiaguwen/42_E2DF.svg;https://img.zdic.net/zy/jiaguwen/42_E2E0.svg;https://img.zdic.net/zy/jiaguwen/42_E2E1.svg;https://img.zdic.net/zy/jiaguwen/42_E2E2.svg;https://img.zdic.net/zy/jiaguwen/42_E2E3.svg;https://img.zdic.net/zy/jiaguwen/42_E2E4.svg;https://img.zdic.net/zy/jiaguwen/42_E2E5.svg;https://img.zdic.net/zy/jiaguwen/42_E2E6.svg;https://img.zdic.net/zy/jiaguwen/42_E2E7.svg;https://img.zdic.net/zy/jiaguwen/42_E2E8.svg;https://img.zdic.net/zy/jiaguwen/42_E2E9.svg;https://img.zdic.net/zy/jiaguwen/42_E2EA.svg;https://img.zdic.net/zy/jiaguwen/42_E2EB.svg;https://img.zdic.net/zy/jiaguwen/42_E2EC.svg;https://img.zdic.net/zy/jiaguwen/42_E2ED.svg;https://img.zdic.net/zy/jiaguwen/42_E2EE.svg;https://img.zdic.net/zy/jiaguwen/42_E2EF.svg;https://img.zdic.net/zy/jiaguwen/42_E2F1.svg;https://img.zdic.net/zy/jiaguwen/42_E2F2.svg,glyphs/0010_亓_0.png;glyphs/0010_亓_1.png;glyphs/0010_亓_2.png;glyphs/0010_亓_3.png;glyphs/0010_亓_4.png;glyphs/0010_亓_5.png;glyphs/0010_亓_6.png;glyphs/0010_亓_7.png;glyphs/0010_亓_8.png;glyphs/0010_亓_9.png;glyphs/0010_亓_10.png;glyphs/0010_亓_11.png;glyphs/0010_亓_12.png;glyphs/0010_亓_13.png;glyphs/0010_亓_14.png;glyphs/0010_亓_15.png;glyphs/0010_亓_16.png;glyphs/0010_亓_17.png;glyphs/0010_亓_18.png;glyphs/0010_亓_19.png;glyphs/0010_亓_20.png;glyphs/0010_亓_21.png;glyphs/0010_亓_22.png;glyphs/0010_亓_23.png;glyphs/0010_亓_24.png;glyphs/0010_亓_25.png;glyphs/0010_亓_26.png;glyphs/0010_亓_27.png;glyphs/0010_亓_28.png;glyphs/0010_亓_29.png;glyphs/0010_亓_30.png;glyphs/0010_亓_31.png;glyphs/0010_亓_32.png;glyphs/0010_亓_33.png;glyphs/0010_亓_34.png;glyphs/0010_亓_35.png;glyphs/0010_亓_36.png;glyphs/0010_亓_37.png;glyphs/0010_亓_38.png;glyphs/0010_亓_39.png;glyphs/0010_亓_40.png;glyphs/0010_亓_41.png;glyphs/0010_亓_42.png
11,仂,淡蓝 #7396FF,L1,实证错配·与金文表同图,hans（/仂/jiaguwen）,https://www.zdic.net/hans/仂/jiaguwen,11,仂甲211 合22370 子組,仂甲211 合22370 子組 | 仂乙453 合22460 子組 | 仂乙5404 合7352 賓組 | 仂乙8698 合22268 子組 | 仂乙8712 合22322 子組 | 仂乙8893 合22323 子組 | 仂乙8898 合22324 子組 | 仂京津1903 合18446 | 仂存1459 合22269 子組 | 仂庫203 合40764 | 仂中大11,https://img.zdic.net/zy/jiaguwen/43_F358.svg;https://img.zdic.net/zy/jiaguwen/43_F359.svg;https://img.zdic.net/zy/jiaguwen/43_F35A.svg;https://img.zdic.net/zy/jiaguwen/43_F35B.svg;https://img.zdic.net/zy/jiaguwen/43_F35C.svg;https://img.zdic.net/zy/jiaguwen/43_F35D.svg;https://img.zdic.net/zy/jiaguwen/43_F35E.svg;https://img.zdic.net/zy/jiaguwen/43_F35F.svg;https://img.zdic.net/zy/jiaguwen/43_F360.svg;https://img.zdic.net/zy/jiaguwen/43_F361.svg;https://img.zdic.net/zy/jiaguwen/43_F362.svg,glyphs/0011_仂_0.png;glyphs/0011_仂_1.png;glyphs/0011_仂_2.png;glyphs/0011_仂_3.png;glyphs/0011_仂_4.png;glyphs/0011_仂_5.png;glyphs/0011_仂_6.png;glyphs/0011_仂_7.png;glyphs/0011_仂_8.png;glyphs/0011_仂_9.png;glyphs/0011_仂_10.png
12,仟,淡蓝 #7396FF,L1,实证错配·与金文表同图,hans（/仟/jiaguwen）,https://www.zdic.net/hans/仟/jiaguwen,16,仟甲2907 合19946 𠂤組,仟甲2907 合19946 𠂤組 | 仟甲2927 合22505 | 仟甲3115 合8424 𠂤賓間 | 仟乙2684反 合9013反 賓組 | 仟鐵132.4 合4992 賓組 | 仟前6.46.5 合5860 𠂤賓間 | 仟後1.31.6 合7606 賓組 | 仟林1.11.13 合6273 | 仟佚34 合7055 | 仟佚324 合6643 賓組 | 仟燕135 合7330 賓組 | 仟粹432 合24525 | 仟粹1586 合32008 歷組 | 仟乙6889反 合9016反 | 仟京津45 合9015 賓組 | 仟京都2369 合32009 歷組,https://img.zdic.net/zy/jiaguwen/41_EC35.svg;https://img.zdic.net/zy/jiaguwen/41_EC36.svg;https://img.zdic.net/zy/jiaguwen/41_EC37.svg;https://img.zdic.net/zy/jiaguwen/41_EC38.svg;https://img.zdic.net/zy/jiaguwen/41_EC39.svg;https://img.zdic.net/zy/jiaguwen/41_EC3A.svg;https://img.zdic.net/zy/jiaguwen/41_EC3B.svg;https://img.zdic.net/zy/jiaguwen/41_EC3C.svg;https://img.zdic.net/zy/jiaguwen/41_EC3D.svg;https://img.zdic.net/zy/jiaguwen/41_EC3E.svg;https://img.zdic.net/zy/jiaguwen/41_EC3F.svg;https://img.zdic.net/zy/jiaguwen/41_EC40.svg;https://img.zdic.net/zy/jiaguwen/41_EC41.svg;https://img.zdic.net/zy/jiaguwen/41_EC42.svg;https://img.zdic.net/zy/jiaguwen/41_EC43.svg;https://img.zdic.net/zy/jiaguwen/41_EC44.svg,glyphs/0012_仟_0.png;glyphs/0012_仟_1.png;glyphs/0012_仟_2.png;glyphs/0012_仟_3.png;glyphs/0012_仟_4.png;glyphs/0012_仟_5.png;glyphs/0012_仟_6.png;glyphs/0012_仟_7.png;glyphs/0012_仟_8.png;glyphs/0012_仟_9.png;glyphs/0012_仟_10.png;glyphs/0012_仟_11.png;glyphs/0012_仟_12.png;glyphs/0012_仟_13.png;glyphs/0012_仟_14.png;glyphs/0012_仟_15.png
13,佑,淡蓝 #7396FF,L1,实证错配·与金文表同图,hans（/佑/jiaguwen）,https://www.zdic.net/hans/佑/jiaguwen,1,佑鐵7.4 合20836,佑鐵7.4 合20836,https://img.zdic.net/zy/jiaguwen/41_E589.svg,glyphs/0013_佑_0.png
14,佣,淡蓝 #7396FF,L1,实证错配·与金文表同图,hans（/佣/jiaguwen）,https://www.zdic.net/hans/佣/jiaguwen,47,佣鐵116.1 合15420,佣鐵116.1 合15420 | 佣鐵130.4 合2635 | 佣鐵160.2 合15405 | 佣拾7.3 合34466 | 佣前1.21.4 合36002 黃組 | 佣前4.6.4 合16388 賓組 | 佣前4.16.3 合34622 | 佣前5.35.1 合11218 | 佣前6.11.3 合15684 賓組 | 佣前6.37.6 合15429 賓組 | 佣前6.67.4 合242 賓組 | 佣後1.5.9 合32331 歷組 | 佣後1.15.3 合29256 | 佣後1.22.7 合32230 | 佣後1.25.4 合36002 黃組 | 佣後2.19.4 合15821 | 佣後2.21.2 合32933 歷組 | 佣後2.31.14 合18535 賓組 | 佣後2.37.8 合299 賓組 | 佣後2.38.8 合34621 歷組 | 佣後2.43.4 合27023 | 佣林1.1.5 合38235 | 佣戩23.9 合34629 | 佣戩46.1 合25181 | 佣福29 合36986 黃組 | 佣佚65 | 佣佚645 合30399 何組 | 佣甲2418 合22507 子組 | 佣甲2464 合26953 何組 | 佣甲2752 合36524 黃組 | 佣乙6410 合232 | 佣乙7030 合14 賓組 | 佣乙7767 合6647 賓組 | 佣京津4293 合34300 歷組 | 佣京津4296 合34313 | 佣京津4588 | 佣京津4876 | 佣京津4879 | 佣存下402 合16387 | 佣存下758 合32242 | 佣粹55 合33698 歷組 | 佣掇2.49 合38762 黃組 | 佣粹552 合34406 歷組 | 佣燕368 合15431 | 佣安2.5 合15093 | 佣師友1.5.3 | 佣甲874 合34413,https://img.zdic.net/zy/jiaguwen/41_F3CD.svg;https://img.zdic.net/zy/jiaguwen/41_F3CE.svg;https://img.zdic.net/zy/jiaguwen/41_F3CF.svg;https://img.zdic.net/zy/jiaguwen/41_F3D0.svg;https://img.zdic.net/zy/jiaguwen/41_F3D1.svg;https://img.zdic.net/zy/jiaguwen/41_F3D2.svg;https://img.zdic.net/zy/jiaguwen/41_F3D3.svg;https://img.zdic.net/zy/jiaguwen/41_F3D4.svg;https://img.zdic.net/zy/jiaguwen/41_F3D5.svg;https://img.zdic.net/zy/jiaguwen/41_F3D6.svg;https://img.zdic.net/zy/jiaguwen/41_F3D7.svg;https://img.zdic.net/zy/jiaguwen/41_F3D8.svg;https://img.zdic.net/zy/jiaguwen/41_F3D9.svg;https://img.zdic.net/zy/jiaguwen/41_F3DA.svg;https://img.zdic.net/zy/jiaguwen/41_F3DB.svg;https://img.zdic.net/zy/jiaguwen/41_F3DC.svg;https://img.zdic.net/zy/jiaguwen/41_F3DD.svg;https://img.zdic.net/zy/jiaguwen/41_F3DE.svg;https://img.zdic.net/zy/jiaguwen/41_F3DF.svg;https://img.zdic.net/zy/jiaguwen/41_F3E0.svg;https://img.zdic.net/zy/jiaguwen/41_F3E1.svg;https://img.zdic.net/zy/jiaguwen/41_F3E2.svg;https://img.zdic.net/zy/jiaguwen/41_F3E3.svg;https://img.zdic.net/zy/jiaguwen/41_F3E4.svg;https://img.zdic.net/zy/jiaguwen/41_F3E5.svg;https://img.zdic.net/zy/jiaguwen/41_F3E6.svg;https://img.zdic.net/zy/jiaguwen/41_F3E7.svg;https://img.zdic.net/zy/jiaguwen/41_F3E8.svg;https://img.zdic.net/zy/jiaguwen/41_F3E9.svg;https://img.zdic.net/zy/jiaguwen/41_F3EA.svg;https://img.zdic.net/zy/jiaguwen/41_F3EB.svg;https://img.zdic.net/zy/jiaguwen/41_F3EC.svg;https://img.zdic.net/zy/jiaguwen/41_F3ED.svg;https://img.zdic.net/zy/jiaguwen/41_F3EE.svg;https://img.zdic.net/zy/jiaguwen/41_F3EF.svg;https://img.zdic.net/zy/jiaguwen/41_F3F0.svg;https://img.zdic.net/zy/jiaguwen/41_F3F1.svg;https://img.zdic.net/zy/jiaguwen/41_F3F2.svg;https://img.zdic.net/zy/jiaguwen/41_F3F3.svg;https://img.zdic.net/zy/jiaguwen/41_F3F4.svg;https://img.zdic.net/zy/jiaguwen/41_F3F5.svg;https://img.zdic.net/zy/jiaguwen/41_F3F6.svg;https://img.zdic.net/zy/jiaguwen/41_F3F7.svg;https://img.zdic.net/zy/jiaguwen/41_F3F8.svg;https://img.zdic.net/zy/jiaguwen/41_F3F9.svg;https://img.zdic.net/zy/jiaguwen/41_F3FA.svg;https://img.zdic.net/zy/jiaguwen/41_F3FB.svg,glyphs/0014_佣_0.png;glyphs/0014_佣_1.png;glyphs/0014_佣_2.png;glyphs/0014_佣_3.png;glyphs/0014_佣_4.png;glyphs/0014_佣_5.png;glyphs/0014_佣_6.png;glyphs/0014_佣_7.png;glyphs/0014_佣_8.png;glyphs/0014_佣_9.png;glyphs/0014_佣_10.png;glyphs/0014_佣_11.png;glyphs/0014_佣_12.png;glyphs/0014_佣_13.png;glyphs/0014_佣_14.png;glyphs/0014_佣_15.png;glyphs/0014_佣_16.png;glyphs/0014_佣_17.png;glyphs/0014_佣_18.png;glyphs/0014_佣_19.png;glyphs/0014_佣_20.png;glyphs/0014_佣_21.png;glyphs/0014_佣_22.png;glyphs/0014_佣_23.png;glyphs/0014_佣_24.png;glyphs/0014_佣_25.png;glyphs/0014_佣_26.png;glyphs/0014_佣_27.png;glyphs/0014_佣_28.png;glyphs/0014_佣_29.png;glyphs/0014_佣_30.png;glyphs/0014_佣_31.png;glyphs/0014_佣_32.png;glyphs/0014_佣_33.png;glyphs/0014_佣_34.png;glyphs/0014_佣_35.png;glyphs/0014_佣_36.png;glyphs/0014_佣_37.png;glyphs/0014_佣_38.png;glyphs/0014_佣_39.png;glyphs/0014_佣_40.png;glyphs/0014_佣_41.png;glyphs/0014_佣_42.png;glyphs/0014_佣_43.png;glyphs/0014_佣_44.png;glyphs/0014_佣_45.png;glyphs/0014_佣_46.png
15,侄,淡蓝 #7396FF,L2,淡蓝同批·待核,hans（/侄/jiaguwen）,https://www.zdic.net/hans/侄/jiaguwen,4,侄前1.25.3,侄前1.25.3 | 侄前4.26.5 合14067 賓組 | 侄前4.26.6 合18055 𠂤賓間 | 侄續4.28.2 合21066 𠂤組,https://img.zdic.net/zy/jiaguwen/43_ED06.svg;https://img.zdic.net/zy/jiaguwen/43_ED07.svg;https://img.zdic.net/zy/jiaguwen/43_ED08.svg;https://img.zdic.net/zy/jiaguwen/43_ED09.svg,glyphs/0015_侄_0.png;glyphs/0015_侄_1.png;glyphs/0015_侄_2.png;glyphs/0015_侄_3.png
16,倴,蓝块占位,none,原表无字形,hans（/倴/jiaguwen）,https://www.zdic.net/hans/倴/jiaguwen,7,倴乙25 合19875 𠂤組,倴乙25 合19875 𠂤組 | 倴掇2.130 合26993 無名組 | 倴佚96 合34677 | 倴佚543 合302 賓組 | 倴拾12.17 合13764 𠂤賓間 | 倴後1.28.3 合301 賓組 | 倴後2.20.16 合20190 𠂤組,https://img.zdic.net/zy/jiaguwen/42_EE37.svg;https://img.zdic.net/zy/jiaguwen/42_EE38.svg;https://img.zdic.net/zy/jiaguwen/42_EE39.svg;https://img.zdic.net/zy/jiaguwen/42_EE3A.svg;https://img.zdic.net/zy/jiaguwen/42_EE3B.svg;https://img.zdic.net/zy/jiaguwen/42_EE3C.svg;https://img.zdic.net/zy/jiaguwen/42_EE3D.svg,glyphs/0016_倴_0.png;glyphs/0016_倴_1.png;glyphs/0016_倴_2.png;glyphs/0016_倴_3.png;glyphs/0016_倴_4.png;glyphs/0016_倴_5.png;glyphs/0016_倴_6.png
17,偕,淡蓝 #7396FF,L1,实证错配·与金文表同图,hans（/偕/jiaguwen）,https://www.zdic.net/hans/偕/jiaguwen,6,偕後2.23.10 合30453 無名組,偕後2.23.10 合30453 無名組 | 偕粹968 合30044 無名組 | 偕甲777 合29694 無名組 | 偕甲542 合27749 何組 | 偕粹339 合27445 歷無名間 | 偕前6.40.6 合18126 賓組,https://img.zdic.net/zy/jiaguwen/41_E68E.svg;https://img.zdic.net/zy/jiaguwen/41_E68F.svg;https://img.zdic.net/zy/jiaguwen/41_E690.svg;https://img.zdic.net/zy/jiaguwen/41_E691.svg;https://img.zdic.net/zy/jiaguwen/41_E692.svg;https://img.zdic.net/zy/jiaguwen/41_E693.svg,glyphs/0017_偕_0.png;glyphs/0017_偕_1.png;glyphs/0017_偕_2.png;glyphs/0017_偕_3.png;glyphs/0017_偕_4.png;glyphs/0017_偕_5.png
18,关,淡蓝 #7396FF,L1,实证错配·与金文表同图,hans（/关/jiaguwen）,https://www.zdic.net/hans/关/jiaguwen,1,关庫1397 合21211,关庫1397 合21211,https://img.zdic.net/zy/jiaguwen/41_ED26.svg,glyphs/0018_关_0.png
19,冕,深色,ok,—,hans（/冕/jiaguwen）,https://www.zdic.net/hans/冕/jiaguwen,1,冕合33069 合33069 無名組,冕合33069 合33069 無名組,https://img.zdic.net/zy/jiaguwen/44_E255.svg,glyphs/0019_冕_0.png
20,凰,淡蓝 #7396FF,L1,实证错配·与金文表同图,hans（/凰/jiaguwen）,https://www.zdic.net/hans/凰/jiaguwen,2,凰後2.19.3 合6960 𠂤賓間,凰後2.19.3 合6960 𠂤賓間 | 凰後2.26.11 合6961 𠂤賓間,https://img.zdic.net/zy/jiaguwen/45_F2D9.svg;https://img.zdic.net/zy/jiaguwen/45_F2DA.svg,glyphs/0020_凰_0.png;glyphs/0020_凰_1.png
21,凿,深色,ok,—,hans（/凿/jiaguwen）,https://www.zdic.net/hans/凿/jiaguwen,16,凿甲2415 合522 賓組,凿甲2415 合522 賓組 | 凿甲3531 合8097 | 凿乙4821 合201 賓組 | 凿乙4824反 | 凿鐵27.1 合17281 | 凿前5.38.4 合39466 黃組 | 凿前7.7.1 合13444 賓組 | 凿前7.14.1 合6063 賓組 | 凿前7.43.2 合13442 賓組 | 凿林2.1.1 合13559 | 凿京津1955 合17283 | 凿京津1960 合17290 | 凿京津1961 合17291 | 凿粹503 合22600 出組 | 凿佚843 合13561 賓組 | 凿京都3 合14533,https://img.zdic.net/zy/jiaguwen/45_E65A.svg;https://img.zdic.net/zy/jiaguwen/45_E65B.svg;https://img.zdic.net/zy/jiaguwen/45_E65C.svg;https://img.zdic.net/zy/jiaguwen/45_E65D.svg;https://img.zdic.net/zy/jiaguwen/45_E65E.svg;https://img.zdic.net/zy/jiaguwen/45_E65F.svg;https://img.zdic.net/zy/jiaguwen/45_E660.svg;https://img.zdic.net/zy/jiaguwen/45_E661.svg;https://img.zdic.net/zy/jiaguwen/45_E662.svg;https://img.zdic.net/zy/jiaguwen/45_E663.svg;https://img.zdic.net/zy/jiaguwen/45_E664.svg;https://img.zdic.net/zy/jiaguwen/45_E665.svg;https://img.zdic.net/zy/jiaguwen/45_E666.svg;https://img.zdic.net/zy/jiaguwen/45_E667.svg;https://img.zdic.net/zy/jiaguwen/45_E668.svg;https://img.zdic.net/zy/jiaguwen/45_E669.svg,glyphs/0021_凿_0.png;glyphs/0021_凿_1.png;glyphs/0021_凿_2.png;glyphs/0021_凿_3.png;glyphs/0021_凿_4.png;glyphs/0021_凿_5.png;glyphs/0021_凿_6.png;glyphs/0021_凿_7.png;glyphs/0021_凿_8.png;glyphs/0021_凿_9.png;glyphs/0021_凿_10.png;glyphs/0021_凿_11.png;glyphs/0021_凿_12.png;glyphs/0021_凿_13.png;glyphs/0021_凿_14.png;glyphs/0021_凿_15.png
22,刁,深色,ok,—,hans（/刁/jiaguwen）,https://www.zdic.net/hans/刁/jiaguwen,11,刁甲3085 合22474 子組,刁甲3085 合22474 子組 | 刁甲3092 合20349 亞組 | 刁甲3164 合22204 𠂤組 | 刁前8.13.2 合21623 子組 | 刁粹1184 | 刁粹1185 合33036 歷組 | 刁粹1186 合33035 歷組 | 刁粹1188 合33032 歷組 | 刁掇1.46.3 | 刁存下804 合33037 歷組 | 刁明藏617,https://img.zdic.net/zy/jiaguwen/42_E238.svg;https://img.zdic.net/zy/jiaguwen/42_E239.svg;https://img.zdic.net/zy/jiaguwen/42_E23A.svg;https://img.zdic.net/zy/jiaguwen/42_E23B.svg;https://img.zdic.net/zy/jiaguwen/42_E23C.svg;https://img.zdic.net/zy/jiaguwen/42_E23D.svg;https://img.zdic.net/zy/jiaguwen/42_E23E.svg;https://img.zdic.net/zy/jiaguwen/42_E23F.svg;https://img.zdic.net/zy/jiaguwen/42_E240.svg;https://img.zdic.net/zy/jiaguwen/42_E241.svg;https://img.zdic.net/zy/jiaguwen/42_E242.svg,glyphs/0022_刁_0.png;glyphs/0022_刁_1.png;glyphs/0022_刁_2.png;glyphs/0022_刁_3.png;glyphs/0022_刁_4.png;glyphs/0022_刁_5.png;glyphs/0022_刁_6.png;glyphs/0022_刁_7.png;glyphs/0022_刁_8.png;glyphs/0022_刁_9.png;glyphs/0022_刁_10.png
23,刚,深色,ok,—,hans（/刚/jiaguwen）,https://www.zdic.net/hans/刚/jiaguwen,8,刚甲3510 合6 賓組,刚甲3510 合6 賓組 | 刚前4.30.3 合18453 | 刚掇1.432 合32770 歷組 | 刚後1.23.4 合32161 歷組 | 刚戩48.4 合34682 歷組 | 刚後2.18.12 合34440 | 刚粹191 合32487 歷組 | 刚粹1221 合33210 歷組,https://img.zdic.net/zy/jiaguwen/42_E25D.svg;https://img.zdic.net/zy/jiaguwen/42_E25E.svg;https://img.zdic.net/zy/jiaguwen/42_E25F.svg;https://img.zdic.net/zy/jiaguwen/42_E260.svg;https://img.zdic.net/zy/jiaguwen/42_E261.svg;https://img.zdic.net/zy/jiaguwen/42_E262.svg;https://img.zdic.net/zy/jiaguwen/42_E263.svg;https://img.zdic.net/zy/jiaguwen/42_E264.svg,glyphs/0023_刚_0.png;glyphs/0023_刚_1.png;glyphs/0023_刚_2.png;glyphs/0023_刚_3.png;glyphs/0023_刚_4.png;glyphs/0023_刚_5.png;glyphs/0023_刚_6.png;glyphs/0023_刚_7.png
24,勾,深色,ok,—,hans（/勾/jiaguwen）,https://www.zdic.net/hans/勾/jiaguwen,1,勾前8.4.8 合9378,勾前8.4.8 合9378,https://img.zdic.net/zy/jiaguwen/41_EBF5.svg,glyphs/0024_勾_0.png
25,叁,淡蓝 #7396FF,L1,实证错配·与金文表同图,hans（/叁/jiaguwen）,https://www.zdic.net/hans/叁/jiaguwen,3,叁前1.7.2 合1491,叁前1.7.2 合1491 | 叁前6.2.3 合388 賓組 | 叁菁5.1 合137 賓組,https://img.zdic.net/zy/jiaguwen/41_E1D7.svg;https://img.zdic.net/zy/jiaguwen/41_E1D8.svg;https://img.zdic.net/zy/jiaguwen/41_E1D9.svg,glyphs/0025_叁_0.png;glyphs/0025_叁_1.png;glyphs/0025_叁_2.png
26,呆,淡蓝 #7396FF,L2,淡蓝同批·待核,hans（/呆/jiaguwen）,https://www.zdic.net/hans/呆/jiaguwen,19,呆珠524 合2646 賓組,呆珠524 合2646 賓組 | 呆甲936 合8311 𠂤賓間 | 呆甲1021 合16430 | 呆乙6389 合1370 賓組 | 呆鐵15.2 合16426 | 呆拾9.5 合14059 𠂤組 | 呆後2.14.8 合21494 𠂤組 | 呆後2.31.3 合18632 賓組 | 呆京津117 合16431 賓組 | 呆掇2.10 合18722 | 呆京津2064 合3410 𠂤賓間 | 呆甲3510 合6 賓組 | 呆簠地57 合6330 賓組 | 呆林1.3.5 合18964 | 呆鐵245.1 合16425 | 呆燕744 合4323 | 呆乙1654 合18271 賓組 | 呆庫1593 合39768 | 呆據殷虛文字記摹,https://img.zdic.net/zy/jiaguwen/42_F507.svg;https://img.zdic.net/zy/jiaguwen/42_F508.svg;https://img.zdic.net/zy/jiaguwen/42_F509.svg;https://img.zdic.net/zy/jiaguwen/42_F50A.svg;https://img.zdic.net/zy/jiaguwen/42_F50B.svg;https://img.zdic.net/zy/jiaguwen/42_F50C.svg;https://img.zdic.net/zy/jiaguwen/42_F50D.svg;https://img.zdic.net/zy/jiaguwen/42_F50E.svg;https://img.zdic.net/zy/jiaguwen/42_F50F.svg;https://img.zdic.net/zy/jiaguwen/42_F510.svg;https://img.zdic.net/zy/jiaguwen/42_F511.svg;https://img.zdic.net/zy/jiaguwen/42_F512.svg;https://img.zdic.net/zy/jiaguwen/42_F513.svg;https://img.zdic.net/zy/jiaguwen/42_F514.svg;https://img.zdic.net/zy/jiaguwen/42_F515.svg;https://img.zdic.net/zy/jiaguwen/42_F516.svg;https://img.zdic.net/zy/jiaguwen/42_F517.svg;https://img.zdic.net/zy/jiaguwen/42_F518.svg;https://img.zdic.net/zy/jiaguwen/42_F519.svg,glyphs/0026_呆_0.png;glyphs/0026_呆_1.png;glyphs/0026_呆_2.png;glyphs/0026_呆_3.png;glyphs/0026_呆_4.png;glyphs/0026_呆_5.png;glyphs/0026_呆_6.png;glyphs/0026_呆_7.png;glyphs/0026_呆_8.png;glyphs/0026_呆_9.png;glyphs/0026_呆_10.png;glyphs/0026_呆_11.png;glyphs/0026_呆_12.png;glyphs/0026_呆_13.png;glyphs/0026_呆_14.png;glyphs/0026_呆_15.png;glyphs/0026_呆_16.png;glyphs/0026_呆_17.png;glyphs/0026_呆_18.png
27,哼,淡蓝 #7396FF,L1,实证错配·与金文表同图,hans（/哼/jiaguwen）,https://www.zdic.net/hans/哼/jiaguwen,3,哼乙228 合20788,哼乙228 合20788 | 哼乙316 合20773 | 哼後2.12.2 合20064,https://img.zdic.net/zy/jiaguwen/43_E194.svg;https://img.zdic.net/zy/jiaguwen/43_E195.svg;https://img.zdic.net/zy/jiaguwen/43_E196.svg,glyphs/0027_哼_0.png;glyphs/0027_哼_1.png;glyphs/0027_哼_2.png
28,唬,深色,ok,—,hans（/唬/jiaguwen）,https://www.zdic.net/hans/唬/jiaguwen,1,唬京津2445 合18312 賓組,唬京津2445 合18312 賓組,https://img.zdic.net/zy/jiaguwen/45_E19F.svg,glyphs/0028_唬_0.png
29,垩,淡蓝 #7396FF,L1,实证错配·与金文表同图,hans（/垩/jiaguwen）,https://www.zdic.net/hans/垩/jiaguwen,4,垩林2.25.14 合18094 賓組,垩林2.25.14 合18094 賓組 | 垩乙6533 合14295 無名組 | 垩乙5161 合14295 無名組 | 垩明665 合10478 𠂤組,https://img.zdic.net/zy/jiaguwen/43_EC11.svg;https://img.zdic.net/zy/jiaguwen/43_EC12.svg;https://img.zdic.net/zy/jiaguwen/43_EC13.svg;https://img.zdic.net/zy/jiaguwen/43_EC14.svg,glyphs/0029_垩_0.png;glyphs/0029_垩_1.png;glyphs/0029_垩_2.png;glyphs/0029_垩_3.png
30,埠,淡蓝 #7396FF,L1,实证错配·与金文表同图,hans（/埠/jiaguwen）,https://www.zdic.net/hans/埠/jiaguwen,53,埠鐵22.2 合19249 賓組,埠鐵22.2 合19249 賓組 | 埠甲388 合34414 | 埠甲475 合21242 𠂤組 | 埠甲684 合35319 | 埠甲3003 合20731 𠂤組 | 埠乙154 合20761 | 埠乙811 合11274 賓組 | 埠河658 合19081 賓組 | 埠拾7.13 合13463 | 埠前1.29.4 合10918 | 埠前1.44.5 | 埠前2.7.4 合36777 黃組 | 埠前2.15.2 合36772 | 埠前4.18.1 合36482 黃組 | 埠前5.24.2 合39461 黃組 | 埠後1.13.4 合33148 歷組 | 埠佚38 合34010 𠂤歷間 | 埠佚430 合24263 出組 | 埠京津1521 | 埠燕612 | 埠摭續164 合33147 歷組 | 埠存600 合495 賓組 | 埠續3.28.2 合36845 黃組 | 埠續3.28.5 合36501 黃組 | 埠師友1.72 | 埠鐵128.2 合4885 賓組 | 埠甲36 合19274 | 埠甲3072 | 埠乙1595 合19275 | 埠河580 合6897 賓組 | 埠福1 合6894 賓組 | 埠燕722 合6900 賓組 | 埠拾9.12 合6890 | 埠前6.22.8 合6895 賓組 | 埠鐵14.1 合20549 | 埠乙1016 合19275 | 埠河120 合20951 𠂤組 | 埠前4.17.1 合21282 𠂤組 | 埠林1.7.9 合6883 | 埠佚381 | 埠京津384 合20950 𠂤組 | 埠金696 合40352 | 埠後2.11.9 | 埠甲436 合20074 賓組 | 埠前8.4.7 合19971 𠂤組 | 埠後2.24.10 合20230 | 埠寧滬3.79 | 埠陳44 | 埠前6.22.4 合17624 賓組 | 埠寧滬3.86 合39987 | 埠存78 合9408 賓組 | 埠戩39.11 合13634 賓組 | 埠後2.43.2 合20360,https://img.zdic.net/zy/jiaguwen/41_E7D2.svg;https://img.zdic.net/zy/jiaguwen/41_E7D3.svg;https://img.zdic.net/zy/jiaguwen/41_E7D4.svg;https://img.zdic.net/zy/jiaguwen/41_E7D5.svg;https://img.zdic.net/zy/jiaguwen/41_E7D6.svg;https://img.zdic.net/zy/jiaguwen/41_E7D7.svg;https://img.zdic.net/zy/jiaguwen/41_E7D8.svg;https://img.zdic.net/zy/jiaguwen/41_E7D9.svg;https://img.zdic.net/zy/jiaguwen/41_E7DA.svg;https://img.zdic.net/zy/jiaguwen/41_E7DB.svg;https://img.zdic.net/zy/jiaguwen/41_E7DC.svg;https://img.zdic.net/zy/jiaguwen/41_E7DD.svg;https://img.zdic.net/zy/jiaguwen/41_E7DE.svg;https://img.zdic.net/zy/jiaguwen/41_E7DF.svg;https://img.zdic.net/zy/jiaguwen/41_E7E0.svg;https://img.zdic.net/zy/jiaguwen/41_E7E1.svg;https://img.zdic.net/zy/jiaguwen/41_E7E2.svg;https://img.zdic.net/zy/jiaguwen/41_E7E3.svg;https://img.zdic.net/zy/jiaguwen/41_E7E4.svg;https://img.zdic.net/zy/jiaguwen/41_E7E5.svg;https://img.zdic.net/zy/jiaguwen/41_E7E6.svg;https://img.zdic.net/zy/jiaguwen/41_E7E7.svg;https://img.zdic.net/zy/jiaguwen/41_E7E8.svg;https://img.zdic.net/zy/jiaguwen/41_E7E9.svg;https://img.zdic.net/zy/jiaguwen/41_E7EA.svg;https://img.zdic.net/zy/jiaguwen/41_E7EB.svg;https://img.zdic.net/zy/jiaguwen/41_E7EC.svg;https://img.zdic.net/zy/jiaguwen/41_E7ED.svg;https://img.zdic.net/zy/jiaguwen/41_E7EE.svg;https://img.zdic.net/zy/jiaguwen/41_E7EF.svg;https://img.zdic.net/zy/jiaguwen/41_E7F0.svg;https://img.zdic.net/zy/jiaguwen/41_E7F1.svg;https://img.zdic.net/zy/jiaguwen/41_E7F2.svg;https://img.zdic.net/zy/jiaguwen/41_E7F3.svg;https://img.zdic.net/zy/jiaguwen/41_E7F4.svg;https://img.zdic.net/zy/jiaguwen/41_E7F5.svg;https://img.zdic.net/zy/jiaguwen/41_E7F6.svg;https://img.zdic.net/zy/jiaguwen/41_E7F7.svg;https://img.zdic.net/zy/jiaguwen/41_E7F8.svg;https://img.zdic.net/zy/jiaguwen/41_E7F9.svg;https://img.zdic.net/zy/jiaguwen/41_E7FA.svg;https://img.zdic.net/zy/jiaguwen/41_E7FB.svg;https://img.zdic.net/zy/jiaguwen/41_E7FC.svg;https://img.zdic.net/zy/jiaguwen/41_E7FD.svg;https://img.zdic.net/zy/jiaguwen/41_E7FE.svg;https://img.zdic.net/zy/jiaguwen/41_E7FF.svg;https://img.zdic.net/zy/jiaguwen/41_E800.svg;https://img.zdic.net/zy/jiaguwen/41_E801.svg;https://img.zdic.net/zy/jiaguwen/41_E802.svg;https://img.zdic.net/zy/jiaguwen/41_E803.svg;https://img.zdic.net/zy/jiaguwen/41_E804.svg;https://img.zdic.net/zy/jiaguwen/41_E805.svg;https://img.zdic.net/zy/jiaguwen/41_E806.svg,glyphs/0030_埠_0.png;glyphs/0030_埠_1.png;glyphs/0030_埠_2.png;glyphs/0030_埠_3.png;glyphs/0030_埠_4.png;glyphs/0030_埠_5.png;glyphs/0030_埠_6.png;glyphs/0030_埠_7.png;glyphs/0030_埠_8.png;glyphs/0030_埠_9.png;glyphs/0030_埠_10.png;glyphs/0030_埠_11.png;glyphs/0030_埠_12.png;glyphs/0030_埠_13.png;glyphs/0030_埠_14.png;glyphs/0030_埠_15.png;glyphs/0030_埠_16.png;glyphs/0030_埠_17.png;glyphs/0030_埠_18.png;glyphs/0030_埠_19.png;glyphs/0030_埠_20.png;glyphs/0030_埠_21.png;glyphs/0030_埠_22.png;glyphs/0030_埠_23.png;glyphs/0030_埠_24.png;glyphs/0030_埠_25.png;glyphs/0030_埠_26.png;glyphs/0030_埠_27.png;glyphs/0030_埠_28.png;glyphs/0030_埠_29.png;glyphs/0030_埠_30.png;glyphs/0030_埠_31.png;glyphs/0030_埠_32.png;glyphs/0030_埠_33.png;glyphs/0030_埠_34.png;glyphs/0030_埠_35.png;glyphs/0030_埠_36.png;glyphs/0030_埠_37.png;glyphs/0030_埠_38.png;glyphs/0030_埠_39.png;glyphs/0030_埠_40.png;glyphs/0030_埠_41.png;glyphs/0030_埠_42.png;glyphs/0030_埠_43.png;glyphs/0030_埠_44.png;glyphs/0030_埠_45.png;glyphs/0030_埠_46.png;glyphs/0030_埠_47.png;glyphs/0030_埠_48.png;glyphs/0030_埠_49.png;glyphs/0030_埠_50.png;glyphs/0030_埠_51.png;glyphs/0030_埠_52.png
31,堡,淡蓝 #7396FF,L1,实证错配·与金文表同图,hans（/堡/jiaguwen）,https://www.zdic.net/hans/堡/jiaguwen,19,堡珠524 合2646 賓組,堡珠524 合2646 賓組 | 堡甲936 合8311 𠂤賓間 | 堡甲1021 合16430 | 堡乙6389 合1370 賓組 | 堡鐵15.2 合16426 | 堡拾9.5 合14059 𠂤組 | 堡後2.14.8 合21494 𠂤組 | 堡後2.31.3 合18632 賓組 | 堡京津117 合16431 賓組 | 堡掇2.10 合18722 | 堡京津2064 合3410 𠂤賓間 | 堡甲3510 合6 賓組 | 堡簠地57 合6330 賓組 | 堡林1.3.5 合18964 | 堡鐵245.1 合16425 | 堡燕744 合4323 | 堡乙1654 合18271 賓組 | 堡庫1593 合39768 | 堡據殷虛文字記摹,https://img.zdic.net/zy/jiaguwen/42_F507.svg;https://img.zdic.net/zy/jiaguwen/42_F508.svg;https://img.zdic.net/zy/jiaguwen/42_F509.svg;https://img.zdic.net/zy/jiaguwen/42_F50A.svg;https://img.zdic.net/zy/jiaguwen/42_F50B.svg;https://img.zdic.net/zy/jiaguwen/42_F50C.svg;https://img.zdic.net/zy/jiaguwen/42_F50D.svg;https://img.zdic.net/zy/jiaguwen/42_F50E.svg;https://img.zdic.net/zy/jiaguwen/42_F50F.svg;https://img.zdic.net/zy/jiaguwen/42_F510.svg;https://img.zdic.net/zy/jiaguwen/42_F511.svg;https://img.zdic.net/zy/jiaguwen/42_F512.svg;https://img.zdic.net/zy/jiaguwen/42_F513.svg;https://img.zdic.net/zy/jiaguwen/42_F514.svg;https://img.zdic.net/zy/jiaguwen/42_F515.svg;https://img.zdic.net/zy/jiaguwen/42_F516.svg;https://img.zdic.net/zy/jiaguwen/42_F517.svg;https://img.zdic.net/zy/jiaguwen/42_F518.svg;https://img.zdic.net/zy/jiaguwen/42_F519.svg,glyphs/0031_堡_0.png;glyphs/0031_堡_1.png;glyphs/0031_堡_2.png;glyphs/0031_堡_3.png;glyphs/0031_堡_4.png;glyphs/0031_堡_5.png;glyphs/0031_堡_6.png;glyphs/0031_堡_7.png;glyphs/0031_堡_8.png;glyphs/0031_堡_9.png;glyphs/0031_堡_10.png;glyphs/0031_堡_11.png;glyphs/0031_堡_12.png;glyphs/0031_堡_13.png;glyphs/0031_堡_14.png;glyphs/0031_堡_15.png;glyphs/0031_堡_16.png;glyphs/0031_堡_17.png;glyphs/0031_堡_18.png
32,墅,淡蓝 #7396FF,L1,实证错配·与金文表同图,hans（/墅/jiaguwen）,https://www.zdic.net/hans/墅/jiaguwen,4,墅前4.33.5,墅前4.33.5 | 墅後2.3.1 合18419 賓組 | 墅鄴3下.38.4 合30173 歷無名間 | 墅乙360 合22027 子組,https://img.zdic.net/zy/jiaguwen/43_F30A.svg;https://img.zdic.net/zy/jiaguwen/43_F30B.svg;https://img.zdic.net/zy/jiaguwen/43_F30C.svg;https://img.zdic.net/zy/jiaguwen/43_F30D.svg,glyphs/0032_墅_0.png;glyphs/0032_墅_1.png;glyphs/0032_墅_2.png;glyphs/0032_墅_3.png
33,墩,淡蓝 #7396FF,L1,实证错配·与金文表同图,hans（/墩/jiaguwen）,https://www.zdic.net/hans/墩/jiaguwen,38,墩前4.34.7 合7947 賓組,墩前4.34.7 合7947 賓組 | 墩林2.14.9 合7965 | 墩鐵255.2 合7945 | 墩前6.10.5 合6355 賓組 | 墩粹1043 合12814 賓組 | 墩續3.10.1 合6354 賓組 | 墩珠174 合6358 | 墩存616 合1110 賓組 | 墩後2.1.3 合7314 | 墩後2.17.2 合7048 𠂤賓間 | 墩京津2815 | 墩前4.42.1 合6843 𠂤賓間 | 墩前7.1.3 合7660 賓組 | 墩拾4.12 合6824 | 墩佚890 合23088 出組 | 墩燕88 合6788 | 墩燕128 合9817 賓組 | 墩戩9.19 | 墩甲206 合20500 𠂤組 | 墩甲709 合20510 𠂤歷間 | 墩甲907 合28915 無名組 | 墩前4.35.1 合11406 | 墩佚470 合6795 | 墩珠393 | 墩前3.24.3 合348 | 墩林2.14.5 合6793 | 墩續3.18.2 合37746 黃組 | 墩前2.15.1 合37532 黃組 | 墩前2.26.5 合37421 黃組 | 墩前2.43.1 合37644 黃組 | 墩甲80 | 墩前1.48.1 合7861 賓組 | 墩前2.5.3 合36522 黃組 | 墩前2.16.1 合37403 黃組 | 墩續3.16.7 合37579 | 墩林2.13.9 合36816 | 墩寧滬1.426 合33029 歷組 | 墩京都2327 合33136 歷組,https://img.zdic.net/zy/jiaguwen/42_E8F7.svg;https://img.zdic.net/zy/jiaguwen/42_E8F8.svg;https://img.zdic.net/zy/jiaguwen/42_E8F9.svg;https://img.zdic.net/zy/jiaguwen/42_E8FA.svg;https://img.zdic.net/zy/jiaguwen/42_E8FB.svg;https://img.zdic.net/zy/jiaguwen/42_E8FC.svg;https://img.zdic.net/zy/jiaguwen/42_E8FD.svg;https://img.zdic.net/zy/jiaguwen/42_E8FE.svg;https://img.zdic.net/zy/jiaguwen/42_E8FF.svg;https://img.zdic.net/zy/jiaguwen/42_E900.svg;https://img.zdic.net/zy/jiaguwen/42_E901.svg;https://img.zdic.net/zy/jiaguwen/42_E902.svg;https://img.zdic.net/zy/jiaguwen/42_E903.svg;https://img.zdic.net/zy/jiaguwen/42_E904.svg;https://img.zdic.net/zy/jiaguwen/42_E905.svg;https://img.zdic.net/zy/jiaguwen/42_E906.svg;https://img.zdic.net/zy/jiaguwen/42_E907.svg;https://img.zdic.net/zy/jiaguwen/42_E908.svg;https://img.zdic.net/zy/jiaguwen/42_E909.svg;https://img.zdic.net/zy/jiaguwen/42_E90A.svg;https://img.zdic.net/zy/jiaguwen/42_E90B.svg;https://img.zdic.net/zy/jiaguwen/42_E90C.svg;https://img.zdic.net/zy/jiaguwen/42_E90D.svg;https://img.zdic.net/zy/jiaguwen/42_E90E.svg;https://img.zdic.net/zy/jiaguwen/42_E90F.svg;https://img.zdic.net/zy/jiaguwen/42_E910.svg;https://img.zdic.net/zy/jiaguwen/42_E911.svg;https://img.zdic.net/zy/jiaguwen/42_E912.svg;https://img.zdic.net/zy/jiaguwen/42_E913.svg;https://img.zdic.net/zy/jiaguwen/42_E914.svg;https://img.zdic.net/zy/jiaguwen/42_E915.svg;https://img.zdic.net/zy/jiaguwen/42_E916.svg;https://img.zdic.net/zy/jiaguwen/42_E917.svg;https://img.zdic.net/zy/jiaguwen/42_E918.svg;https://img.zdic.net/zy/jiaguwen/42_E919.svg;https://img.zdic.net/zy/jiaguwen/42_E91A.svg;https://img.zdic.net/zy/jiaguwen/42_E91B.svg;https://img.zdic.net/zy/jiaguwen/42_E91C.svg,glyphs/0033_墩_0.png;glyphs/0033_墩_1.png;glyphs/0033_墩_2.png;glyphs/0033_墩_3.png;glyphs/0033_墩_4.png;glyphs/0033_墩_5.png;glyphs/0033_墩_6.png;glyphs/0033_墩_7.png;glyphs/0033_墩_8.png;glyphs/0033_墩_9.png;glyphs/0033_墩_10.png;glyphs/0033_墩_11.png;glyphs/0033_墩_12.png;glyphs/0033_墩_13.png;glyphs/0033_墩_14.png;glyphs/0033_墩_15.png;glyphs/0033_墩_16.png;glyphs/0033_墩_17.png;glyphs/0033_墩_18.png;glyphs/0033_墩_19.png;glyphs/0033_墩_20.png;glyphs/0033_墩_21.png;glyphs/0033_墩_22.png;glyphs/0033_墩_23.png;glyphs/0033_墩_24.png;glyphs/0033_墩_25.png;glyphs/0033_墩_26.png;glyphs/0033_墩_27.png;glyphs/0033_墩_28.png;glyphs/0033_墩_29.png;glyphs/0033_墩_30.png;glyphs/0033_墩_31.png;glyphs/0033_墩_32.png;glyphs/0033_墩_33.png;glyphs/0033_墩_34.png;glyphs/0033_墩_35.png;glyphs/0033_墩_36.png;glyphs/0033_墩_37.png
34,太,淡蓝 #7396FF,L1,实证错配·与金文表同图,hans（/太/jiaguwen）,https://www.zdic.net/hans/太/jiaguwen,47,太甲387 合22421 𠂤歷間,太甲387 合22421 𠂤歷間 | 太乙2494 合3216 賓組 | 太乙2653反 合17337反 賓組 | 太鐵23.1 合5520 賓組 | 太鐵115.1 合1443 | 太鐵151.2 合6692 𠂤賓間 | 太鐵175.4 合1438 | 太鐵242.1 合12424 賓組 | 太拾7.13 合13463 | 太前1.6.1 合1488 賓組 | 太前1.46.4 合6692 𠂤賓間 | 太前4.35.1 合11406 | 太前4.45.4 合12812 賓組 | 太前7.28.1 合23711 出組 | 太後1.5.1 合1474 賓組 | 太林1.9.6 | 太甲1275 合28275 何組 | 太甲2015 合30023 | 太甲2644 合31289 | 太後1.1.2 合7668 | 太後1.4.17 合32469 歷組 | 太後1.22.7 合32230 | 太後1.28.3 合301 賓組 | 太後1.28.8 合34117 | 太後2.13.12 合23683 出組 | 太戩2.6 合34048 | 太戩16.10 合30059 | 太佚393 合33788 | 太佚498 合11295 | 太粹112 合32384 歷組 | 太寧滬1.2 合41612 | 太寧滬1.63 合30057 | 太鄴初下.30.1 | 太鄴初下.33.12 合31144 無名組 | 太珠21 合1535 賓組 | 太福26 合13635 賓組 | 太京津3857 合31198 無名組 | 太甲2416 合36511 黃組 | 太前3.28.1 合37835 | 太前4.7.1 合37969 | 太佚73 合28556 | 太佚247 合28628 無名組 | 太京津4990 合38171 | 太存2449 合39334 | 太存2689 合35641 | 太燕139 合30017 | 太燕719 合17456,https://img.zdic.net/zy/jiaguwen/43_E619.svg;https://img.zdic.net/zy/jiaguwen/43_E61A.svg;https://img.zdic.net/zy/jiaguwen/43_E61B.svg;https://img.zdic.net/zy/jiaguwen/43_E61C.svg;https://img.zdic.net/zy/jiaguwen/43_E61D.svg;https://img.zdic.net/zy/jiaguwen/43_E61E.svg;https://img.zdic.net/zy/jiaguwen/43_E61F.svg;https://img.zdic.net/zy/jiaguwen/43_E620.svg;https://img.zdic.net/zy/jiaguwen/43_E621.svg;https://img.zdic.net/zy/jiaguwen/43_E622.svg;https://img.zdic.net/zy/jiaguwen/43_E623.svg;https://img.zdic.net/zy/jiaguwen/43_E624.svg;https://img.zdic.net/zy/jiaguwen/43_E625.svg;https://img.zdic.net/zy/jiaguwen/43_E626.svg;https://img.zdic.net/zy/jiaguwen/43_E627.svg;https://img.zdic.net/zy/jiaguwen/43_E628.svg;https://img.zdic.net/zy/jiaguwen/43_E629.svg;https://img.zdic.net/zy/jiaguwen/43_E62A.svg;https://img.zdic.net/zy/jiaguwen/43_E62B.svg;https://img.zdic.net/zy/jiaguwen/43_E62C.svg;https://img.zdic.net/zy/jiaguwen/43_E62D.svg;https://img.zdic.net/zy/jiaguwen/43_E62E.svg;https://img.zdic.net/zy/jiaguwen/43_E62F.svg;https://img.zdic.net/zy/jiaguwen/43_E630.svg;https://img.zdic.net/zy/jiaguwen/43_E631.svg;https://img.zdic.net/zy/jiaguwen/43_E632.svg;https://img.zdic.net/zy/jiaguwen/43_E633.svg;https://img.zdic.net/zy/jiaguwen/43_E634.svg;https://img.zdic.net/zy/jiaguwen/43_E635.svg;https://img.zdic.net/zy/jiaguwen/43_E636.svg;https://img.zdic.net/zy/jiaguwen/43_E637.svg;https://img.zdic.net/zy/jiaguwen/43_E638.svg;https://img.zdic.net/zy/jiaguwen/43_E639.svg;https://img.zdic.net/zy/jiaguwen/43_E63A.svg;https://img.zdic.net/zy/jiaguwen/43_E63B.svg;https://img.zdic.net/zy/jiaguwen/43_E63C.svg;https://img.zdic.net/zy/jiaguwen/43_E63D.svg;https://img.zdic.net/zy/jiaguwen/43_E63E.svg;https://img.zdic.net/zy/jiaguwen/43_E63F.svg;https://img.zdic.net/zy/jiaguwen/43_E640.svg;https://img.zdic.net/zy/jiaguwen/43_E641.svg;https://img.zdic.net/zy/jiaguwen/43_E642.svg;https://img.zdic.net/zy/jiaguwen/43_E643.svg;https://img.zdic.net/zy/jiaguwen/43_E644.svg;https://img.zdic.net/zy/jiaguwen/43_E645.svg;https://img.zdic.net/zy/jiaguwen/43_E646.svg;https://img.zdic.net/zy/jiaguwen/43_E647.svg,glyphs/0034_太_0.png;glyphs/0034_太_1.png;glyphs/0034_太_2.png;glyphs/0034_太_3.png;glyphs/0034_太_4.png;glyphs/0034_太_5.png;glyphs/0034_太_6.png;glyphs/0034_太_7.png;glyphs/0034_太_8.png;glyphs/0034_太_9.png;glyphs/0034_太_10.png;glyphs/0034_太_11.png;glyphs/0034_太_12.png;glyphs/0034_太_13.png;glyphs/0034_太_14.png;glyphs/0034_太_15.png;glyphs/0034_太_16.png;glyphs/0034_太_17.png;glyphs/0034_太_18.png;glyphs/0034_太_19.png;glyphs/0034_太_20.png;glyphs/0034_太_21.png;glyphs/0034_太_22.png;glyphs/0034_太_23.png;glyphs/0034_太_24.png;glyphs/0034_太_25.png;glyphs/0034_太_26.png;glyphs/0034_太_27.png;glyphs/0034_太_28.png;glyphs/0034_太_29.png;glyphs/0034_太_30.png;glyphs/0034_太_31.png;glyphs/0034_太_32.png;glyphs/0034_太_33.png;glyphs/0034_太_34.png;glyphs/0034_太_35.png;glyphs/0034_太_36.png;glyphs/0034_太_37.png;glyphs/0034_太_38.png;glyphs/0034_太_39.png;glyphs/0034_太_40.png;glyphs/0034_太_41.png;glyphs/0034_太_42.png;glyphs/0034_太_43.png;glyphs/0034_太_44.png;glyphs/0034_太_45.png;glyphs/0034_太_46.png
35,妃,深色,ok,—,hans（/妃/jiaguwen）,https://www.zdic.net/hans/妃/jiaguwen,8,妃後1.23.4 合32161 歷組,妃後1.23.4 合32161 歷組 | 妃粹387 合32162 歷組 | 妃京津2454 | 妃京津4142 合32162 歷組 | 妃京津4143 合32163 歷組 | 妃存下765 合34095 歷組 | 妃燕830 合666 賓組 | 妃寧滬1.94 合32166 歷組,https://img.zdic.net/zy/jiaguwen/43_E0F3.svg;https://img.zdic.net/zy/jiaguwen/43_E0F4.svg;https://img.zdic.net/zy/jiaguwen/43_E0F5.svg;https://img.zdic.net/zy/jiaguwen/43_E0F6.svg;https://img.zdic.net/zy/jiaguwen/43_E0F7.svg;https://img.zdic.net/zy/jiaguwen/43_E0F8.svg;https://img.zdic.net/zy/jiaguwen/43_E0F9.svg;https://img.zdic.net/zy/jiaguwen/43_E0FA.svg,glyphs/0035_妃_0.png;glyphs/0035_妃_1.png;glyphs/0035_妃_2.png;glyphs/0035_妃_3.png;glyphs/0035_妃_4.png;glyphs/0035_妃_5.png;glyphs/0035_妃_6.png;glyphs/0035_妃_7.png
36,妆,深色,ok,—,hans（/妆/jiaguwen）,https://www.zdic.net/hans/妆/jiaguwen,2,妆鄴初下.38.6 合5652,妆鄴初下.38.6 合5652 | 妆京津1682 合18063 賓組,https://img.zdic.net/zy/jiaguwen/43_EDAC.svg;https://img.zdic.net/zy/jiaguwen/43_EDAD.svg,glyphs/0036_妆_0.png;glyphs/0036_妆_1.png
37,妊,深色,ok,—,hans（/妊/jiaguwen）,https://www.zdic.net/hans/妊/jiaguwen,4,妊乙1329 合21557,妊乙1329 合21557 | 妊乙5269 合926 賓組 | 妊前8.14.3 合21725 | 妊陳101 合21556 子組,https://img.zdic.net/zy/jiaguwen/43_ECB0.svg;https://img.zdic.net/zy/jiaguwen/43_ECB1.svg;https://img.zdic.net/zy/jiaguwen/43_ECB2.svg;https://img.zdic.net/zy/jiaguwen/43_ECB3.svg,glyphs/0037_妊_0.png;glyphs/0037_妊_1.png;glyphs/0037_妊_2.png;glyphs/0037_妊_3.png
38,姓,深色,ok,—,hans（/姓/jiaguwen）,https://www.zdic.net/hans/姓/jiaguwen,3,姓前6.28.2 合18052 𠂤賓間,姓前6.28.2 合18052 𠂤賓間 | 姓前6.28.3 合13963 | 姓佚445 合14027 𠂤賓間,https://img.zdic.net/zy/jiaguwen/43_EC8A.svg;https://img.zdic.net/zy/jiaguwen/43_EC8B.svg;https://img.zdic.net/zy/jiaguwen/43_EC8C.svg,glyphs/0038_姓_0.png;glyphs/0038_姓_1.png;glyphs/0038_姓_2.png
39,姤,蓝块占位,none,原表无字形,hans（/姤/jiaguwen）,https://www.zdic.net/hans/姤/jiaguwen,43,姤甲522 合28038 無名組,姤甲522 合28038 無名組 | 姤甲706 合30080 | 姤甲871 合30084 | 姤甲1415 合30151 | 姤甲2193 合30101 | 姤甲2416 合36511 黃組 | 姤甲2491 合26907 何組 | 姤甲2601 合27683 | 姤拾6.14 合28335 | 姤拾7.9 合30234 | 姤前1.2.6 合22644 | 姤前2.28.8 合37787 黃組 | 姤前2.29.6 合37671 | 姤前2.30.6 合38186 黃組 | 姤前2.35.2 合36954 | 姤後1.18.2 合36530 黃組 | 姤後2.6.7 合26909 無名組 | 姤佚71 合30244 | 姤佚901 合28973 | 姤粹1084 合6322 | 姤粹831 合30246 | 姤寧滬1.99 合29142 | 姤師友1.132 | 姤師友2.236 | 姤珠115 合37669 | 姤鄴2下.37.9 | 姤誠498 合30100 | 姤明藏519 | 姤京都1950 合30143 | 姤甲1258 | 姤甲2187 | 姤鐵48.2 合2713 | 姤京津4810 合27840 何組 | 姤京津4811 | 姤甲1604 合28491 何組 | 姤粹712 合28701 無名組 | 姤存1944 合28745 | 姤甲1190 合28881 | 姤甲2409 合30922 何組 | 姤後1.14.8 合29234 無名組 | 姤粹101 合27051 | 姤師友1.170 | 姤粹728 合30531,https://img.zdic.net/zy/jiaguwen/41_E89D.svg;https://img.zdic.net/zy/jiaguwen/41_E89E.svg;https://img.zdic.net/zy/jiaguwen/41_E89F.svg;https://img.zdic.net/zy/jiaguwen/41_E8A0.svg;https://img.zdic.net/zy/jiaguwen/41_E8A1.svg;https://img.zdic.net/zy/jiaguwen/41_E8A2.svg;https://img.zdic.net/zy/jiaguwen/41_E8A3.svg;https://img.zdic.net/zy/jiaguwen/41_E8A4.svg;https://img.zdic.net/zy/jiaguwen/41_E8A5.svg;https://img.zdic.net/zy/jiaguwen/41_E8A6.svg;https://img.zdic.net/zy/jiaguwen/41_E8A7.svg;https://img.zdic.net/zy/jiaguwen/41_E8A8.svg;https://img.zdic.net/zy/jiaguwen/41_E8A9.svg;https://img.zdic.net/zy/jiaguwen/41_E8AA.svg;https://img.zdic.net/zy/jiaguwen/41_E8AB.svg;https://img.zdic.net/zy/jiaguwen/41_E8AC.svg;https://img.zdic.net/zy/jiaguwen/41_E8AD.svg;https://img.zdic.net/zy/jiaguwen/41_E8AE.svg;https://img.zdic.net/zy/jiaguwen/41_E8AF.svg;https://img.zdic.net/zy/jiaguwen/41_E8B0.svg;https://img.zdic.net/zy/jiaguwen/41_E8B1.svg;https://img.zdic.net/zy/jiaguwen/41_E8B2.svg;https://img.zdic.net/zy/jiaguwen/41_E8B3.svg;https://img.zdic.net/zy/jiaguwen/41_E8B4.svg;https://img.zdic.net/zy/jiaguwen/41_E8B5.svg;https://img.zdic.net/zy/jiaguwen/41_E8B6.svg;https://img.zdic.net/zy/jiaguwen/41_E8B7.svg;https://img.zdic.net/zy/jiaguwen/41_E8B8.svg;https://img.zdic.net/zy/jiaguwen/41_E8B9.svg;https://img.zdic.net/zy/jiaguwen/41_E8BA.svg;https://img.zdic.net/zy/jiaguwen/41_E8BB.svg;https://img.zdic.net/zy/jiaguwen/41_E8BC.svg;https://img.zdic.net/zy/jiaguwen/41_E8BD.svg;https://img.zdic.net/zy/jiaguwen/41_E8BE.svg;https://img.zdic.net/zy/jiaguwen/41_E8BF.svg;https://img.zdic.net/zy/jiaguwen/41_E8C0.svg;https://img.zdic.net/zy/jiaguwen/41_E8C1.svg;https://img.zdic.net/zy/jiaguwen/41_E8C2.svg;https://img.zdic.net/zy/jiaguwen/41_E8C3.svg;https://img.zdic.net/zy/jiaguwen/41_E8C4.svg;https://img.zdic.net/zy/jiaguwen/41_E8C5.svg;https://img.zdic.net/zy/jiaguwen/41_E8C6.svg;https://img.zdic.net/zy/jiaguwen/41_E8C7.svg,glyphs/0039_姤_0.png;glyphs/0039_姤_1.png;glyphs/0039_姤_2.png;glyphs/0039_姤_3.png;glyphs/0039_姤_4.png;glyphs/0039_姤_5.png;glyphs/0039_姤_6.png;glyphs/0039_姤_7.png;glyphs/0039_姤_8.png;glyphs/0039_姤_9.png;glyphs/0039_姤_10.png;glyphs/0039_姤_11.png;glyphs/0039_姤_12.png;glyphs/0039_姤_13.png;glyphs/0039_姤_14.png;glyphs/0039_姤_15.png;glyphs/0039_姤_16.png;glyphs/0039_姤_17.png;glyphs/0039_姤_18.png;glyphs/0039_姤_19.png;glyphs/0039_姤_20.png;glyphs/0039_姤_21.png;glyphs/0039_姤_22.png;glyphs/0039_姤_23.png;glyphs/0039_姤_24.png;glyphs/0039_姤_25.png;glyphs/0039_姤_26.png;glyphs/0039_姤_27.png;glyphs/0039_姤_28.png;glyphs/0039_姤_29.png;glyphs/0039_姤_30.png;glyphs/0039_姤_31.png;glyphs/0039_姤_32.png;glyphs/0039_姤_33.png;glyphs/0039_姤_34.png;glyphs/0039_姤_35.png;glyphs/0039_姤_36.png;glyphs/0039_姤_37.png;glyphs/0039_姤_38.png;glyphs/0039_姤_39.png;glyphs/0039_姤_40.png;glyphs/0039_姤_41.png;glyphs/0039_姤_42.png
40,姱,蓝块占位,none,原表无字形,hans（/姱/jiaguwen）,https://www.zdic.net/hans/姱/jiaguwen,1,姱粹1027 合30691 無名組,姱粹1027 合30691 無名組,https://img.zdic.net/zy/jiaguwen/43_E658.svg,glyphs/0040_姱_0.png
41,婞,蓝块占位,none,原表无字形,hans（/婞/jiaguwen）,https://www.zdic.net/hans/婞/jiaguwen,8,婞甲225 合19785 𠂤組,婞甲225 合19785 𠂤組 | 婞甲2909 合20376 𠂤組 | 婞乙4693 合6952 賓組 | 婞乙8609 合18301 | 婞師友1.59 | 婞河646 合20468 𠂤組 | 婞庫460 | 婞甲38 合2801 賓組,https://img.zdic.net/zy/jiaguwen/43_EE35.svg;https://img.zdic.net/zy/jiaguwen/43_EE36.svg;https://img.zdic.net/zy/jiaguwen/43_EE37.svg;https://img.zdic.net/zy/jiaguwen/43_EE38.svg;https://img.zdic.net/zy/jiaguwen/43_EE39.svg;https://img.zdic.net/zy/jiaguwen/43_EE3A.svg;https://img.zdic.net/zy/jiaguwen/43_EE3B.svg;https://img.zdic.net/zy/jiaguwen/43_EE3C.svg,glyphs/0041_婞_0.png;glyphs/0041_婞_1.png;glyphs/0041_婞_2.png;glyphs/0041_婞_3.png;glyphs/0041_婞_4.png;glyphs/0041_婞_5.png;glyphs/0041_婞_6.png;glyphs/0041_婞_7.png
42,媚,深色,ok,—,hans（/媚/jiaguwen）,https://www.zdic.net/hans/媚/jiaguwen,10,媚乙519 合9717 賓組,媚乙519 合9717 賓組 | 媚乙3443 合14795 賓組 | 媚乙6481 | 媚前6.28.6 合2809 | 媚後2.32.7 合18539 | 媚菁3.1 合10405 賓組 | 媚佚706 合14793 賓組 | 媚京津2759 合14800 賓組 | 媚存下302 合6592 賓組 | 媚誠500 合14796 賓組,https://img.zdic.net/zy/jiaguwen/43_ED26.svg;https://img.zdic.net/zy/jiaguwen/43_ED27.svg;https://img.zdic.net/zy/jiaguwen/43_ED28.svg;https://img.zdic.net/zy/jiaguwen/43_ED29.svg;https://img.zdic.net/zy/jiaguwen/43_ED2A.svg;https://img.zdic.net/zy/jiaguwen/43_ED2B.svg;https://img.zdic.net/zy/jiaguwen/43_ED2C.svg;https://img.zdic.net/zy/jiaguwen/43_ED2D.svg;https://img.zdic.net/zy/jiaguwen/43_ED2E.svg;https://img.zdic.net/zy/jiaguwen/43_ED2F.svg,glyphs/0042_媚_0.png;glyphs/0042_媚_1.png;glyphs/0042_媚_2.png;glyphs/0042_媚_3.png;glyphs/0042_媚_4.png;glyphs/0042_媚_5.png;glyphs/0042_媚_6.png;glyphs/0042_媚_7.png;glyphs/0042_媚_8.png;glyphs/0042_媚_9.png
43,嬉,深色,ok,—,hans（/嬉/jiaguwen）,https://www.zdic.net/hans/嬉/jiaguwen,2,嬉林1.21.12 合3097 賓組,嬉林1.21.12 合3097 賓組 | 嬉珠371背 合2726 賓組,https://img.zdic.net/zy/jiaguwen/43_EE0C.svg;https://img.zdic.net/zy/jiaguwen/43_EE0D.svg,glyphs/0043_嬉_0.png;glyphs/0043_嬉_1.png
44,嬖,淡蓝 #7396FF,L1,实证错配·与金文表同图,hans（/嬖/jiaguwen）,https://www.zdic.net/hans/嬖/jiaguwen,14,嬖甲1046 合8108 賓組,嬖甲1046 合8108 賓組 | 嬖甲3238 合18005 | 嬖甲1490 合27009 何組 | 嬖甲1564 合31911 無名組 | 嬖前2.23.1 合37468 黃組 | 嬖前4.7.5 合20820 | 嬖前4.15.7 合21085 𠂤組 | 嬖後1.12.1 合37468 黃組 | 嬖菁9.13 合36630 黃組 | 嬖戩37.12 合27604 無名組 | 嬖佚611 合17473 | 嬖乙6768 合438 賓組 | 嬖京津4144 合27937 何組 | 嬖簠人79 合7566,https://img.zdic.net/zy/jiaguwen/43_E131.svg;https://img.zdic.net/zy/jiaguwen/43_E132.svg;https://img.zdic.net/zy/jiaguwen/43_E133.svg;https://img.zdic.net/zy/jiaguwen/43_E134.svg;https://img.zdic.net/zy/jiaguwen/43_E135.svg;https://img.zdic.net/zy/jiaguwen/43_E136.svg;https://img.zdic.net/zy/jiaguwen/43_E137.svg;https://img.zdic.net/zy/jiaguwen/43_E138.svg;https://img.zdic.net/zy/jiaguwen/43_E139.svg;https://img.zdic.net/zy/jiaguwen/43_E13A.svg;https://img.zdic.net/zy/jiaguwen/43_E13B.svg;https://img.zdic.net/zy/jiaguwen/43_E13C.svg;https://img.zdic.net/zy/jiaguwen/43_E13D.svg;https://img.zdic.net/zy/jiaguwen/43_E13E.svg,glyphs/0044_嬖_0.png;glyphs/0044_嬖_1.png;glyphs/0044_嬖_2.png;glyphs/0044_嬖_3.png;glyphs/0044_嬖_4.png;glyphs/0044_嬖_5.png;glyphs/0044_嬖_6.png;glyphs/0044_嬖_7.png;glyphs/0044_嬖_8.png;glyphs/0044_嬖_9.png;glyphs/0044_嬖_10.png;glyphs/0044_嬖_11.png;glyphs/0044_嬖_12.png;glyphs/0044_嬖_13.png
45,孵,深色,ok,—,hans（/孵/jiaguwen）,https://www.zdic.net/hans/孵/jiaguwen,1,孵乙6694 合903 賓組,孵乙6694 合903 賓組,https://img.zdic.net/zy/jiaguwen/41_EDF9.svg,glyphs/0045_孵_0.png
46,宅,深色,ok,—,hans（/宅/jiaguwen）,https://www.zdic.net/hans/宅/jiaguwen,12,宅乙2256 合14206 賓組,宅乙2256 合14206 賓組 | 宅乙6404 合685 賓組 | 宅乙8685反 合21031反 𠂤組 | 宅乙8712 合22322 子組 | 宅前1.30.5 合24951 出組 | 宅前2.25.6 合24951 出組 | 宅前4.14.7 合5753 | 宅菁7.1 合3297 賓組 | 宅續5.30.3 合19532 賓組 | 宅佚616 合8344 賓組 | 宅燕595 合13569 賓組 | 宅京津2231 合8229 賓組,https://img.zdic.net/zy/jiaguwen/42_F1BF.svg;https://img.zdic.net/zy/jiaguwen/42_F1C0.svg;https://img.zdic.net/zy/jiaguwen/42_F1C1.svg;https://img.zdic.net/zy/jiaguwen/42_F1C2.svg;https://img.zdic.net/zy/jiaguwen/42_F1C3.svg;https://img.zdic.net/zy/jiaguwen/42_F1C4.svg;https://img.zdic.net/zy/jiaguwen/42_F1C5.svg;https://img.zdic.net/zy/jiaguwen/42_F1C6.svg;https://img.zdic.net/zy/jiaguwen/42_F1C7.svg;https://img.zdic.net/zy/jiaguwen/42_F1C8.svg;https://img.zdic.net/zy/jiaguwen/42_F1C9.svg;https://img.zdic.net/zy/jiaguwen/42_F1CA.svg,glyphs/0046_宅_0.png;glyphs/0046_宅_1.png;glyphs/0046_宅_2.png;glyphs/0046_宅_3.png;glyphs/0046_宅_4.png;glyphs/0046_宅_5.png;glyphs/0046_宅_6.png;glyphs/0046_宅_7.png;glyphs/0046_宅_8.png;glyphs/0046_宅_9.png;glyphs/0046_宅_10.png;glyphs/0046_宅_11.png
47,宓,深色,ok,—,hans（/宓/jiaguwen）,https://www.zdic.net/hans/宓/jiaguwen,4,宓乙6929反,宓乙6929反 | 宓鐵128.1 合19270 | 宓鐵185.3 合4813 賓組 | 宓戩47.8 合22317 賓組,https://img.zdic.net/zy/jiaguwen/45_EAC5.svg;https://img.zdic.net/zy/jiaguwen/45_EAC6.svg;https://img.zdic.net/zy/jiaguwen/45_EAC7.svg;https://img.zdic.net/zy/jiaguwen/45_EAC8.svg,glyphs/0047_宓_0.png;glyphs/0047_宓_1.png;glyphs/0047_宓_2.png;glyphs/0047_宓_3.png
48,官,深色,ok,—,hans（/官/jiaguwen）,https://www.zdic.net/hans/官/jiaguwen,10,官乙4832 合14228 賓組,官乙4832 合14228 賓組 | 官乙5321 合22045 午組 | 官前4.27.7 | 官後2.4.6 合18754 | 官後2.24.10 合20230 | 官菁10.12 合37450 | 官京津4845 合28033 無名組 | 官珠26 合1916 賓組 | 官存下484 合37944 | 官金393 合41303,https://img.zdic.net/zy/jiaguwen/43_F473.svg;https://img.zdic.net/zy/jiaguwen/43_F474.svg;https://img.zdic.net/zy/jiaguwen/43_F475.svg;https://img.zdic.net/zy/jiaguwen/43_F476.svg;https://img.zdic.net/zy/jiaguwen/43_F477.svg;https://img.zdic.net/zy/jiaguwen/43_F478.svg;https://img.zdic.net/zy/jiaguwen/43_F479.svg;https://img.zdic.net/zy/jiaguwen/43_F47A.svg;https://img.zdic.net/zy/jiaguwen/43_F47B.svg;https://img.zdic.net/zy/jiaguwen/43_F47C.svg,glyphs/0048_官_0.png;glyphs/0048_官_1.png;glyphs/0048_官_2.png;glyphs/0048_官_3.png;glyphs/0048_官_4.png;glyphs/0048_官_5.png;glyphs/0048_官_6.png;glyphs/0048_官_7.png;glyphs/0048_官_8.png;glyphs/0048_官_9.png
49,宛,深色,ok,—,hans（/宛/jiaguwen）,https://www.zdic.net/hans/宛/jiaguwen,1,宛粹664 合30268 無名組,宛粹664 合30268 無名組,https://img.zdic.net/zy/jiaguwen/42_F285.svg,glyphs/0049_宛_0.png
50,宪,淡蓝 #7396FF,L2,淡蓝同批·待核,hans（/宪/jiaguwen）,https://www.zdic.net/hans/宪/jiaguwen,1,宪陳132 合8811 賓組,宪陳132 合8811 賓組,https://img.zdic.net/zy/jiaguwen/45_F573.svg,glyphs/0050_宪_0.png
51,宰,深色,ok,—,hans（/宰/jiaguwen）,https://www.zdic.net/hans/宰/jiaguwen,6,宰乙8688 合35501 黃組,宰乙8688 合35501 黃組 | 宰佚426 | 宰佚518背 | 宰鄴3下.39.8 合35215 | 宰掇1.131 | 宰粹1196 合31136 無名組,https://img.zdic.net/zy/jiaguwen/42_F205.svg;https://img.zdic.net/zy/jiaguwen/42_F206.svg;https://img.zdic.net/zy/jiaguwen/42_F207.svg;https://img.zdic.net/zy/jiaguwen/42_F208.svg;https://img.zdic.net/zy/jiaguwen/42_F209.svg;https://img.zdic.net/zy/jiaguwen/42_F20A.svg,glyphs/0051_宰_0.png;glyphs/0051_宰_1.png;glyphs/0051_宰_2.png;glyphs/0051_宰_3.png;glyphs/0051_宰_4.png;glyphs/0051_宰_5.png
52,寝,深色,ok,—,hans（/寝/jiaguwen）,https://www.zdic.net/hans/寝/jiaguwen,11,寝甲55 合8163,寝甲55 合8163 | 寝乙232 合20044 𠂤組 | 寝前1.30.5 合24951 出組 | 寝前4.15.5 合24952 出組 | 寝後2.3.13 合13575 賓組 | 寝戩25.13 合32980 歷組 | 寝燕595 合13569 賓組 | 寝佚426 | 寝佚518背 | 寝佚921 合23532 出組 | 寝京津4614 合34067 歷組,https://img.zdic.net/zy/jiaguwen/42_F214.svg;https://img.zdic.net/zy/jiaguwen/42_F215.svg;https://img.zdic.net/zy/jiaguwen/42_F216.svg;https://img.zdic.net/zy/jiaguwen/42_F217.svg;https://img.zdic.net/zy/jiaguwen/42_F218.svg;https://img.zdic.net/zy/jiaguwen/42_F219.svg;https://img.zdic.net/zy/jiaguwen/42_F21A.svg;https://img.zdic.net/zy/jiaguwen/42_F21B.svg;https://img.zdic.net/zy/jiaguwen/42_F21C.svg;https://img.zdic.net/zy/jiaguwen/42_F21D.svg;https://img.zdic.net/zy/jiaguwen/42_F21E.svg,glyphs/0052_寝_0.png;glyphs/0052_寝_1.png;glyphs/0052_寝_2.png;glyphs/0052_寝_3.png;glyphs/0052_寝_4.png;glyphs/0052_寝_5.png;glyphs/0052_寝_6.png;glyphs/0052_寝_7.png;glyphs/0052_寝_8.png;glyphs/0052_寝_9.png;glyphs/0052_寝_10.png
53,尾,深色,ok,—,hans（/尾/jiaguwen）,https://www.zdic.net/hans/尾/jiaguwen,1,尾乙4293 合136 賓組,尾乙4293 合136 賓組,https://img.zdic.net/zy/jiaguwen/42_F6E4.svg,glyphs/0053_尾_0.png
54,帛,深色,ok,—,hans（/帛/jiaguwen）,https://www.zdic.net/hans/帛/jiaguwen,1,帛前2.12.4 合36842 黃組,帛前2.12.4 合36842 黃組,https://img.zdic.net/zy/jiaguwen/42_F45A.svg,glyphs/0054_帛_0.png
55,庥,淡蓝 #7396FF,L1,实证错配·与金文表同图,hans（/庥/jiaguwen）,https://www.zdic.net/hans/庥/jiaguwen,21,庥甲55 合8163,庥甲55 合8163 | 庥乙484 合21722 子組 | 庥乙4779 合8167 賓組 | 庥乙6532 合8167 賓組 | 庥河560 合12681 | 庥河852 合8166 | 庥前5.26.2 合8154 賓組 | 庥前5.26.3 合8156 | 庥後1.12.6 合8158 | 庥後1.12.7 合8160 賓組 | 庥後1.12.8 合8155 | 庥後1.15.5 合37789 | 庥林1.23.15 合8162 賓組 | 庥林2.5.4 合8161 賓組 | 庥續3.27.2 合24397 出組 | 庥粹1252 合28190 無名組 | 庥京津456 合13022 | 庥京津1542 合8164 賓組 | 庥文管58 | 庥明1396 合3360 賓組 | 庥金699 合39781,https://img.zdic.net/zy/jiaguwen/42_EAD6.svg;https://img.zdic.net/zy/jiaguwen/42_EAD7.svg;https://img.zdic.net/zy/jiaguwen/42_EAD8.svg;https://img.zdic.net/zy/jiaguwen/42_EAD9.svg;https://img.zdic.net/zy/jiaguwen/42_EADA.svg;https://img.zdic.net/zy/jiaguwen/42_EADB.svg;https://img.zdic.net/zy/jiaguwen/42_EADC.svg;https://img.zdic.net/zy/jiaguwen/42_EADD.svg;https://img.zdic.net/zy/jiaguwen/42_EADE.svg;https://img.zdic.net/zy/jiaguwen/42_EADF.svg;https://img.zdic.net/zy/jiaguwen/42_EAE0.svg;https://img.zdic.net/zy/jiaguwen/42_EAE1.svg;https://img.zdic.net/zy/jiaguwen/42_EAE2.svg;https://img.zdic.net/zy/jiaguwen/42_EAE3.svg;https://img.zdic.net/zy/jiaguwen/42_EAE4.svg;https://img.zdic.net/zy/jiaguwen/42_EAE5.svg;https://img.zdic.net/zy/jiaguwen/42_EAE6.svg;https://img.zdic.net/zy/jiaguwen/42_EAE7.svg;https://img.zdic.net/zy/jiaguwen/42_EAE8.svg;https://img.zdic.net/zy/jiaguwen/42_EAE9.svg;https://img.zdic.net/zy/jiaguwen/42_EAEA.svg,glyphs/0055_庥_0.png;glyphs/0055_庥_1.png;glyphs/0055_庥_2.png;glyphs/0055_庥_3.png;glyphs/0055_庥_4.png;glyphs/0055_庥_5.png;glyphs/0055_庥_6.png;glyphs/0055_庥_7.png;glyphs/0055_庥_8.png;glyphs/0055_庥_9.png;glyphs/0055_庥_10.png;glyphs/0055_庥_11.png;glyphs/0055_庥_12.png;glyphs/0055_庥_13.png;glyphs/0055_庥_14.png;glyphs/0055_庥_15.png;glyphs/0055_庥_16.png;glyphs/0055_庥_17.png;glyphs/0055_庥_18.png;glyphs/0055_庥_19.png;glyphs/0055_庥_20.png
56,庶,深色,ok,—,hans（/庶/jiaguwen）,https://www.zdic.net/hans/庶/jiaguwen,6,庶前4.30.1 合6595 賓組,庶前4.30.1 合6595 賓組 | 庶前6.3.5 合16270 賓組 | 庶乙5321 合22045 午組 | 庶存1865 合30498 無名組 | 庶珠979 合10399 賓組 | 庶京津2674 合16272 賓組,https://img.zdic.net/zy/jiaguwen/43_E1E6.svg;https://img.zdic.net/zy/jiaguwen/43_E1E7.svg;https://img.zdic.net/zy/jiaguwen/43_E1E8.svg;https://img.zdic.net/zy/jiaguwen/43_E1E9.svg;https://img.zdic.net/zy/jiaguwen/43_E1EA.svg;https://img.zdic.net/zy/jiaguwen/43_E1EB.svg,glyphs/0056_庶_0.png;glyphs/0056_庶_1.png;glyphs/0056_庶_2.png;glyphs/0056_庶_3.png;glyphs/0056_庶_4.png;glyphs/0056_庶_5.png
57,弆,蓝块占位,none,原表无字形,hans（/弆/jiaguwen）,https://www.zdic.net/hans/弆/jiaguwen,11,弆甲3073 合7063 𠂤賓間,弆甲3073 合7063 𠂤賓間 | 弆乙3029 合18187 賓組 | 弆鐵71.4 合5131 | 弆前1.47.7 合5151 | 弆前6.37.3 合5137 | 弆前7.9.3 合7148 賓組 | 弆林1.10.9 合5141 | 弆佚382 合11181 賓組 | 弆佚537 合7385 賓組 | 弆存下387 合5137 | 弆珠107 合13568,https://img.zdic.net/zy/jiaguwen/42_E664.svg;https://img.zdic.net/zy/jiaguwen/42_E665.svg;https://img.zdic.net/zy/jiaguwen/42_E666.svg;https://img.zdic.net/zy/jiaguwen/42_E667.svg;https://img.zdic.net/zy/jiaguwen/42_E668.svg;https://img.zdic.net/zy/jiaguwen/42_E669.svg;https://img.zdic.net/zy/jiaguwen/42_E66A.svg;https://img.zdic.net/zy/jiaguwen/42_E66D.svg;https://img.zdic.net/zy/jiaguwen/42_E66E.svg;https://img.zdic.net/zy/jiaguwen/42_E66F.svg;https://img.zdic.net/zy/jiaguwen/42_E671.svg,glyphs/0057_弆_0.png;glyphs/0057_弆_1.png;glyphs/0057_弆_2.png;glyphs/0057_弆_3.png;glyphs/0057_弆_4.png;glyphs/0057_弆_5.png;glyphs/0057_弆_6.png;glyphs/0057_弆_7.png;glyphs/0057_弆_8.png;glyphs/0057_弆_9.png;glyphs/0057_弆_10.png
58,录,淡蓝 #7396FF,L1,实证错配·与金文表同图,hans（/录/jiaguwen）,https://www.zdic.net/hans/录/jiaguwen,18,录甲598 合28800 無名組,录甲598 合28800 無名組 | 录甲1112 合10972 | 录甲1132 | 录乙543反 合5531反 賓組 | 录前6.1.8 合5976 賓組 | 录前7.3.1 合43 賓組 | 录後2.13.14 合10971 | 录菁5.1 合137 賓組 | 录粹501 合25942 出組 | 录粹987 合33378 無名組 | 录粹1276 合29408 無名組 | 录存731 合10973 | 录簠天2 合11482 賓組 | 录鄴3下.45.11 合33177 歷組 | 录坊間3.70 | 录摭續121 合28799 無名組 | 录佚427 | 录甲2562 合35344,https://img.zdic.net/zy/jiaguwen/42_F0AF.svg;https://img.zdic.net/zy/jiaguwen/42_F0B0.svg;https://img.zdic.net/zy/jiaguwen/42_F0B1.svg;https://img.zdic.net/zy/jiaguwen/42_F0B2.svg;https://img.zdic.net/zy/jiaguwen/42_F0B3.svg;https://img.zdic.net/zy/jiaguwen/42_F0B4.svg;https://img.zdic.net/zy/jiaguwen/42_F0B5.svg;https://img.zdic.net/zy/jiaguwen/42_F0B6.svg;https://img.zdic.net/zy/jiaguwen/42_F0B7.svg;https://img.zdic.net/zy/jiaguwen/42_F0B8.svg;https://img.zdic.net/zy/jiaguwen/42_F0B9.svg;https://img.zdic.net/zy/jiaguwen/42_F0BA.svg;https://img.zdic.net/zy/jiaguwen/42_F0BB.svg;https://img.zdic.net/zy/jiaguwen/42_F0BC.svg;https://img.zdic.net/zy/jiaguwen/42_F0BD.svg;https://img.zdic.net/zy/jiaguwen/42_F0BE.svg;https://img.zdic.net/zy/jiaguwen/42_F0BF.svg;https://img.zdic.net/zy/jiaguwen/42_F0C1.svg,glyphs/0058_录_0.png;glyphs/0058_录_1.png;glyphs/0058_录_2.png;glyphs/0058_录_3.png;glyphs/0058_录_4.png;glyphs/0058_录_5.png;glyphs/0058_录_6.png;glyphs/0058_录_7.png;glyphs/0058_录_8.png;glyphs/0058_录_9.png;glyphs/0058_录_10.png;glyphs/0058_录_11.png;glyphs/0058_录_12.png;glyphs/0058_录_13.png;glyphs/0058_录_14.png;glyphs/0058_录_15.png;glyphs/0058_录_16.png;glyphs/0058_录_17.png
59,彻,深色,ok,—,hans（/彻/jiaguwen）,https://www.zdic.net/hans/彻/jiaguwen,11,彻前2.9.5 合8074 賓組,彻前2.9.5 合8074 賓組 | 彻前2.9.6 合36567 黃組 | 彻前6.35.1 合8073 賓組 | 彻續2.9.9 合23431 出組 | 彻河474 合1023 𠂤賓間 | 彻師友1.162 | 彻寧滬2.13 合2699 | 彻燕647 合8077 賓組 | 彻佚366 合8072 賓組 | 彻佚990 合10921 賓組 | 彻陳123 合8072 賓組,https://img.zdic.net/zy/jiaguwen/41_F1D0.svg;https://img.zdic.net/zy/jiaguwen/41_F1D1.svg;https://img.zdic.net/zy/jiaguwen/41_F1D2.svg;https://img.zdic.net/zy/jiaguwen/41_F1D3.svg;https://img.zdic.net/zy/jiaguwen/41_F1D4.svg;https://img.zdic.net/zy/jiaguwen/41_F1D5.svg;https://img.zdic.net/zy/jiaguwen/41_F1D6.svg;https://img.zdic.net/zy/jiaguwen/41_F1D7.svg;https://img.zdic.net/zy/jiaguwen/41_F1D8.svg;https://img.zdic.net/zy/jiaguwen/41_F1D9.svg;https://img.zdic.net/zy/jiaguwen/41_F1DA.svg,glyphs/0059_彻_0.png;glyphs/0059_彻_1.png;glyphs/0059_彻_2.png;glyphs/0059_彻_3.png;glyphs/0059_彻_4.png;glyphs/0059_彻_5.png;glyphs/0059_彻_6.png;glyphs/0059_彻_7.png;glyphs/0059_彻_8.png;glyphs/0059_彻_9.png;glyphs/0059_彻_10.png
60,征,深色,ok,—,hans（/征/jiaguwen）,https://www.zdic.net/hans/征/jiaguwen,3,征續1.3.2 合15515 賓組,征續1.3.2 合15515 賓組 | 征存下848 合31791 何組 | 征甲3355 合36496,https://img.zdic.net/zy/jiaguwen/41_E86E.svg;https://img.zdic.net/zy/jiaguwen/41_E86F.svg;https://img.zdic.net/zy/jiaguwen/41_E870.svg,glyphs/0060_征_0.png;glyphs/0060_征_1.png;glyphs/0060_征_2.png
61,律,深色,ok,—,hans（/律/jiaguwen）,https://www.zdic.net/hans/律/jiaguwen,1,律京都2033 合28953 無名組,律京都2033 合28953 無名組,https://img.zdic.net/zy/jiaguwen/41_E9E2.svg,glyphs/0061_律_0.png
62,御,深色,ok,—,hans（/御/jiaguwen）,https://www.zdic.net/hans/御/jiaguwen,49,御燕72 合6158 賓組,御燕72 合6158 賓組 | 御前2.18.6 合8189 賓組 | 御前8.12.1 合21708 子組 | 御存1858 合30525 | 御前6.6.3 合6545 賓組 | 御後2.19.2 合6675 | 御甲270 合19910 | 御甲2121 合9560 賓組 | 御乙748反 合1656反 賓組 | 御鐵179.1 合8007 | 御鐵199.1 合2514 賓組 | 御前5.13.2 合34340 歷組 | 御前7.31.3 合1075 賓組 | 御菁1.1 合6057 賓組 | 御佚492 合2418 賓組 | 御佚640 合22109 | 御佚850 合2510 𠂤賓間 | 御燕5 | 御通別2.6.4 | 御粹49 合14525 | 御甲562 合34176 歷組 | 御甲2001 合30527 | 御佚237 合19976 𠂤組 | 御佚908 合30759 | 御前6.19.5 合20028 𠂤組 | 御後1.5.9 合32331 歷組 | 御後1.6.4 合22145 子組 | 御後1.26.6 合34083 歷組 | 御粹20 合32675 歷組 | 御粹79 合34103 歷組 | 御粹79 合34103 歷組 | 御粹231 合32523 | 御戩33.17 合30759 | 御戩33.17 合30759 | 御林1.22.19 合19809 𠂤組 | 御甲878 合32043 歷組 | 御乙68 合21906 | 御乙426 合20471 | 御乙690 合1580 | 御河112 合19778 | 御河578 合22430 子組 | 御粹190 合32042 歷組 | 御前2.24.1 合37460 黃組 | 御前2.26.5 合37421 黃組 | 御前2.27.5 合37473 黃組 | 御後1.15.9 合37820 | 御林2.26.12 合37714 黃組 | 御乙3380反 合17301反 | 御乙6690 合22094 午組,https://img.zdic.net/zy/jiaguwen/41_E9E3.svg;https://img.zdic.net/zy/jiaguwen/41_E9E4.svg;https://img.zdic.net/zy/jiaguwen/41_E9E5.svg;https://img.zdic.net/zy/jiaguwen/41_E9E6.svg;https://img.zdic.net/zy/jiaguwen/41_E9E7.svg;https://img.zdic.net/zy/jiaguwen/41_E9EA.svg;https://img.zdic.net/zy/jiaguwen/41_E9EB.svg;https://img.zdic.net/zy/jiaguwen/41_E9EC.svg;https://img.zdic.net/zy/jiaguwen/41_E9ED.svg;https://img.zdic.net/zy/jiaguwen/41_E9EE.svg;https://img.zdic.net/zy/jiaguwen/41_E9EF.svg;https://img.zdic.net/zy/jiaguwen/41_E9F0.svg;https://img.zdic.net/zy/jiaguwen/41_E9F1.svg;https://img.zdic.net/zy/jiaguwen/41_E9F2.svg;https://img.zdic.net/zy/jiaguwen/41_E9F3.svg;https://img.zdic.net/zy/jiaguwen/41_E9F4.svg;https://img.zdic.net/zy/jiaguwen/41_E9F5.svg;https://img.zdic.net/zy/jiaguwen/41_E9F6.svg;https://img.zdic.net/zy/jiaguwen/41_E9F7.svg;https://img.zdic.net/zy/jiaguwen/41_E9F8.svg;https://img.zdic.net/zy/jiaguwen/41_E9F9.svg;https://img.zdic.net/zy/jiaguwen/41_E9FA.svg;https://img.zdic.net/zy/jiaguwen/41_E9FB.svg;https://img.zdic.net/zy/jiaguwen/41_E9FC.svg;https://img.zdic.net/zy/jiaguwen/41_E9FD.svg;https://img.zdic.net/zy/jiaguwen/41_E9FE.svg;https://img.zdic.net/zy/jiaguwen/41_E9FF.svg;https://img.zdic.net/zy/jiaguwen/41_EA00.svg;https://img.zdic.net/zy/jiaguwen/41_EA01.svg;https://img.zdic.net/zy/jiaguwen/41_EA02.svg;https://img.zdic.net/zy/jiaguwen/41_EA03.svg;https://img.zdic.net/zy/jiaguwen/41_EA04.svg;https://img.zdic.net/zy/jiaguwen/41_EA05.svg;https://img.zdic.net/zy/jiaguwen/41_EA06.svg;https://img.zdic.net/zy/jiaguwen/41_EA07.svg;https://img.zdic.net/zy/jiaguwen/41_EA08.svg;https://img.zdic.net/zy/jiaguwen/41_EA09.svg;https://img.zdic.net/zy/jiaguwen/41_EA0A.svg;https://img.zdic.net/zy/jiaguwen/41_EA0B.svg;https://img.zdic.net/zy/jiaguwen/41_EA0C.svg;https://img.zdic.net/zy/jiaguwen/41_EA0D.svg;https://img.zdic.net/zy/jiaguwen/41_EA0E.svg;https://img.zdic.net/zy/jiaguwen/41_EA0F.svg;https://img.zdic.net/zy/jiaguwen/41_EA10.svg;https://img.zdic.net/zy/jiaguwen/41_EA11.svg;https://img.zdic.net/zy/jiaguwen/41_EA12.svg;https://img.zdic.net/zy/jiaguwen/41_EA13.svg;https://img.zdic.net/zy/jiaguwen/41_EA14.svg;https://img.zdic.net/zy/jiaguwen/41_EA15.svg,glyphs/0062_御_0.png;glyphs/0062_御_1.png;glyphs/0062_御_2.png;glyphs/0062_御_3.png;glyphs/0062_御_4.png;glyphs/0062_御_5.png;glyphs/0062_御_6.png;glyphs/0062_御_7.png;glyphs/0062_御_8.png;glyphs/0062_御_9.png;glyphs/0062_御_10.png;glyphs/0062_御_11.png;glyphs/0062_御_12.png;glyphs/0062_御_13.png;glyphs/0062_御_14.png;glyphs/0062_御_15.png;glyphs/0062_御_16.png;glyphs/0062_御_17.png;glyphs/0062_御_18.png;glyphs/0062_御_19.png;glyphs/0062_御_20.png;glyphs/0062_御_21.png;glyphs/0062_御_22.png;glyphs/0062_御_23.png;glyphs/0062_御_24.png;glyphs/0062_御_25.png;glyphs/0062_御_26.png;glyphs/0062_御_27.png;glyphs/0062_御_28.png;glyphs/0062_御_29.png;glyphs/0062_御_30.png;glyphs/0062_御_31.png;glyphs/0062_御_32.png;glyphs/0062_御_33.png;glyphs/0062_御_34.png;glyphs/0062_御_35.png;glyphs/0062_御_36.png;glyphs/0062_御_37.png;glyphs/0062_御_38.png;glyphs/0062_御_39.png;glyphs/0062_御_40.png;glyphs/0062_御_41.png;glyphs/0062_御_42.png;glyphs/0062_御_43.png;glyphs/0062_御_44.png;glyphs/0062_御_45.png;glyphs/0062_御_46.png;glyphs/0062_御_47.png;glyphs/0062_御_48.png
63,徵,深色,ok,—,hans（/徵/jiaguwen）,https://www.zdic.net/hans/徵/jiaguwen,14,徵乙757,徵乙757 | 徵乙4335反 | 徵乙5269 合926 賓組 | 徵粹1088 合6368 賓組 | 徵京都932 合6067 | 徵簠雜58 合5663 賓組 | 徵存667 合3286 歷組 | 徵乙4658 合9791 賓組 | 徵佚1 合5455 賓組 | 徵清暉63 | 徵前7.8.2 合6063 賓組 | 徵前8.7.1 合21954 子組 | 徵菁1.1 合6057 賓組 | 徵京都375 合18264 賓組,https://img.zdic.net/zy/jiaguwen/45_EBA8.svg;https://img.zdic.net/zy/jiaguwen/45_EBA9.svg;https://img.zdic.net/zy/jiaguwen/45_EBAA.svg;https://img.zdic.net/zy/jiaguwen/45_EBAB.svg;https://img.zdic.net/zy/jiaguwen/45_EBAC.svg;https://img.zdic.net/zy/jiaguwen/45_EBAD.svg;https://img.zdic.net/zy/jiaguwen/45_EBAE.svg;https://img.zdic.net/zy/jiaguwen/45_EBAF.svg;https://img.zdic.net/zy/jiaguwen/45_EBB0.svg;https://img.zdic.net/zy/jiaguwen/45_EBB1.svg;https://img.zdic.net/zy/jiaguwen/45_EBB2.svg;https://img.zdic.net/zy/jiaguwen/45_EBB3.svg;https://img.zdic.net/zy/jiaguwen/45_EBB4.svg;https://img.zdic.net/zy/jiaguwen/45_EBB5.svg,glyphs/0063_徵_0.png;glyphs/0063_徵_1.png;glyphs/0063_徵_2.png;glyphs/0063_徵_3.png;glyphs/0063_徵_4.png;glyphs/0063_徵_5.png;glyphs/0063_徵_6.png;glyphs/0063_徵_7.png;glyphs/0063_徵_8.png;glyphs/0063_徵_9.png;glyphs/0063_徵_10.png;glyphs/0063_徵_11.png;glyphs/0063_徵_12.png;glyphs/0063_徵_13.png
64,怫,淡蓝 #7396FF,L1,实证错配·与金文表同图,hans（/怫/jiaguwen）,https://www.zdic.net/hans/怫/jiaguwen,41,怫鐵28.2,怫鐵28.2 | 怫鐵103.2 合6329 | 怫鐵130.4 合2635 | 怫鐵219.3 合5021 | 怫拾10.13 合31188 何組 | 怫前2.23.1 合37468 黃組 | 怫前4.27.3 合36421 | 怫前5.34.1 | 怫前7.2.1 合6341 賓組 | 怫前7.33.3 合8512 | 怫前8.12.1 合21708 子組 | 怫前8.11.3 合21897 子組 | 怫後1.22.3 合33273 歷組 | 怫林2.25.6 合36518 黃組 | 怫戩11.13 合6202 | 怫戩12.1 合8513 | 怫戩13.4 合6514 | 怫戩47.5 合33013 歷組 | 怫佚18 合6314 | 怫佚190 合32893 歷組 | 怫佚204 合30278 | 怫佚588 合30543 | 怫佚732 合2802 賓組 | 怫福25 合8482 | 怫燕732 合14217 | 怫燕740 合9962 賓組 | 怫燕89 合36443 黃組 | 怫甲660 合29752 | 怫甲1286 合29422 | 怫甲3913 合28011 何組 | 怫甲3919 合29084 何組 | 怫乙2672 合13840 | 怫乙7795 合6834 賓組 | 怫乙9031 合22293 子組 | 怫乙9067 合20975 𠂤組 | 怫坊間2.196 | 怫坊間3.118 | 怫粹952 合28330 | 怫粹1018 合28326 無名組 | 怫簠征12 合6257 | 怫摭續1 合27925 無名組,https://img.zdic.net/zy/jiaguwen/43_EE66.svg;https://img.zdic.net/zy/jiaguwen/43_EE67.svg;https://img.zdic.net/zy/jiaguwen/43_EE68.svg;https://img.zdic.net/zy/jiaguwen/43_EE69.svg;https://img.zdic.net/zy/jiaguwen/43_EE6A.svg;https://img.zdic.net/zy/jiaguwen/43_EE6B.svg;https://img.zdic.net/zy/jiaguwen/43_EE6C.svg;https://img.zdic.net/zy/jiaguwen/43_EE6D.svg;https://img.zdic.net/zy/jiaguwen/43_EE6E.svg;https://img.zdic.net/zy/jiaguwen/43_EE6F.svg;https://img.zdic.net/zy/jiaguwen/43_EE70.svg;https://img.zdic.net/zy/jiaguwen/43_EE71.svg;https://img.zdic.net/zy/jiaguwen/43_EE72.svg;https://img.zdic.net/zy/jiaguwen/43_EE73.svg;https://img.zdic.net/zy/jiaguwen/43_EE74.svg;https://img.zdic.net/zy/jiaguwen/43_EE75.svg;https://img.zdic.net/zy/jiaguwen/43_EE76.svg;https://img.zdic.net/zy/jiaguwen/43_EE77.svg;https://img.zdic.net/zy/jiaguwen/43_EE78.svg;https://img.zdic.net/zy/jiaguwen/43_EE79.svg;https://img.zdic.net/zy/jiaguwen/43_EE7A.svg;https://img.zdic.net/zy/jiaguwen/43_EE7B.svg;https://img.zdic.net/zy/jiaguwen/43_EE7C.svg;https://img.zdic.net/zy/jiaguwen/43_EE7D.svg;https://img.zdic.net/zy/jiaguwen/43_EE7E.svg;https://img.zdic.net/zy/jiaguwen/43_EE7F.svg;https://img.zdic.net/zy/jiaguwen/43_EE80.svg;https://img.zdic.net/zy/jiaguwen/43_EE81.svg;https://img.zdic.net/zy/jiaguwen/43_EE82.svg;https://img.zdic.net/zy/jiaguwen/43_EE83.svg;https://img.zdic.net/zy/jiaguwen/43_EE84.svg;https://img.zdic.net/zy/jiaguwen/43_EE85.svg;https://img.zdic.net/zy/jiaguwen/43_EE86.svg;https://img.zdic.net/zy/jiaguwen/43_EE87.svg;https://img.zdic.net/zy/jiaguwen/43_EE88.svg;https://img.zdic.net/zy/jiaguwen/43_EE89.svg;https://img.zdic.net/zy/jiaguwen/43_EE8A.svg;https://img.zdic.net/zy/jiaguwen/43_EE8B.svg;https://img.zdic.net/zy/jiaguwen/43_EE8C.svg;https://img.zdic.net/zy/jiaguwen/43_EE8D.svg;https://img.zdic.net/zy/jiaguwen/43_EE8E.svg,glyphs/0064_怫_0.png;glyphs/0064_怫_1.png;glyphs/0064_怫_2.png;glyphs/0064_怫_3.png;glyphs/0064_怫_4.png;glyphs/0064_怫_5.png;glyphs/0064_怫_6.png;glyphs/0064_怫_7.png;glyphs/0064_怫_8.png;glyphs/0064_怫_9.png;glyphs/0064_怫_10.png;glyphs/0064_怫_11.png;glyphs/0064_怫_12.png;glyphs/0064_怫_13.png;glyphs/0064_怫_14.png;glyphs/0064_怫_15.png;glyphs/0064_怫_16.png;glyphs/0064_怫_17.png;glyphs/0064_怫_18.png;glyphs/0064_怫_19.png;glyphs/0064_怫_20.png;glyphs/0064_怫_21.png;glyphs/0064_怫_22.png;glyphs/0064_怫_23.png;glyphs/0064_怫_24.png;glyphs/0064_怫_25.png;glyphs/0064_怫_26.png;glyphs/0064_怫_27.png;glyphs/0064_怫_28.png;glyphs/0064_怫_29.png;glyphs/0064_怫_30.png;glyphs/0064_怫_31.png;glyphs/0064_怫_32.png;glyphs/0064_怫_33.png;glyphs/0064_怫_34.png;glyphs/0064_怫_35.png;glyphs/0064_怫_36.png;glyphs/0064_怫_37.png;glyphs/0064_怫_38.png;glyphs/0064_怫_39.png;glyphs/0064_怫_40.png
65,惛,蓝块占位,none,原表无字形,hans（/惛/jiaguwen）,https://www.zdic.net/hans/惛/jiaguwen,8,惛甲558 合30838,惛甲558 合30838 | 惛粹715 合29794 無名組 | 惛粹717 合29801 無名組 | 惛鄴初下.33.3 合29803 | 惛京津4450 合29272 | 惛寧滬1.70 合29328 何組 | 惛寧滬1.681 | 惛佚292 合29092 何組,https://img.zdic.net/zy/jiaguwen/42_ED9F.svg;https://img.zdic.net/zy/jiaguwen/42_EDA0.svg;https://img.zdic.net/zy/jiaguwen/42_EDA1.svg;https://img.zdic.net/zy/jiaguwen/42_EDA2.svg;https://img.zdic.net/zy/jiaguwen/42_EDA3.svg;https://img.zdic.net/zy/jiaguwen/42_EDA4.svg;https://img.zdic.net/zy/jiaguwen/42_EDA5.svg;https://img.zdic.net/zy/jiaguwen/42_EDA6.svg,glyphs/0065_惛_0.png;glyphs/0065_惛_1.png;glyphs/0065_惛_2.png;glyphs/0065_惛_3.png;glyphs/0065_惛_4.png;glyphs/0065_惛_5.png;glyphs/0065_惛_6.png;glyphs/0065_惛_7.png
66,愧,淡蓝 #7396FF,L2,淡蓝同批·待核,hans（/愧/jiaguwen）,https://www.zdic.net/hans/愧/jiaguwen,3,愧乙424 合21092,愧乙424 合21092 | 愧乙8000 合14293 賓組 | 愧明2142 合18069,https://img.zdic.net/zy/jiaguwen/43_EDC1.svg;https://img.zdic.net/zy/jiaguwen/43_EDC2.svg;https://img.zdic.net/zy/jiaguwen/43_EDC3.svg,glyphs/0066_愧_0.png;glyphs/0066_愧_1.png;glyphs/0066_愧_2.png
67,慵,淡蓝 #7396FF,L1,实证错配·与金文表同图,hans（/慵/jiaguwen）,https://www.zdic.net/hans/慵/jiaguwen,10,慵鐵100.2 合15665,慵鐵100.2 合15665 | 慵前5.11.1 合26040 出組 | 慵前5.38.2 合18802 賓組 | 慵後1.4.2 合11775 | 慵佚11 合20592 𠂤組 | 慵粹494 合30694 無名組 | 慵粹518 合31012 無名組 | 慵粹539 合31017 無名組 | 慵存2237 合31019 | 慵京津3176 合24376 出組,https://img.zdic.net/zy/jiaguwen/43_F712.svg;https://img.zdic.net/zy/jiaguwen/43_F713.svg;https://img.zdic.net/zy/jiaguwen/43_F714.svg;https://img.zdic.net/zy/jiaguwen/43_F715.svg;https://img.zdic.net/zy/jiaguwen/43_F716.svg;https://img.zdic.net/zy/jiaguwen/43_F717.svg;https://img.zdic.net/zy/jiaguwen/43_F718.svg;https://img.zdic.net/zy/jiaguwen/43_F719.svg;https://img.zdic.net/zy/jiaguwen/43_F71A.svg;https://img.zdic.net/zy/jiaguwen/43_F71B.svg,glyphs/0067_慵_0.png;glyphs/0067_慵_1.png;glyphs/0067_慵_2.png;glyphs/0067_慵_3.png;glyphs/0067_慵_4.png;glyphs/0067_慵_5.png;glyphs/0067_慵_6.png;glyphs/0067_慵_7.png;glyphs/0067_慵_8.png;glyphs/0067_慵_9.png
68,懈,淡蓝 #7396FF,L1,实证错配·与金文表同图,hans（/懈/jiaguwen）,https://www.zdic.net/hans/懈/jiaguwen,1,懈陳97,懈陳97,https://img.zdic.net/zy/jiaguwen/42_E2C4.svg,glyphs/0068_懈_0.png
69,托,淡蓝 #7396FF,L1,实证错配·与金文表同图,hans（/托/jiaguwen）,https://www.zdic.net/hans/托/jiaguwen,12,托乙8711 合22247 子組,托乙8711 合22247 子組 | 托乙5783 合1076 賓組 | 托乙7199 合5884 賓組 | 托戩21.5 合25776 | 托乙8712 合22322 子組 | 托乙8896 合22246 子組 | 托乙8898 合22324 子組 | 托京津4255 合31085 何組 | 托粹109 合32350 歷組 | 托珠679 合29015 無名組 | 托甲648 合34653 | 托京都1775,https://img.zdic.net/zy/jiaguwen/45_ED51.svg;https://img.zdic.net/zy/jiaguwen/45_ED52.svg;https://img.zdic.net/zy/jiaguwen/45_ED53.svg;https://img.zdic.net/zy/jiaguwen/45_ED54.svg;https://img.zdic.net/zy/jiaguwen/45_ED55.svg;https://img.zdic.net/zy/jiaguwen/45_ED56.svg;https://img.zdic.net/zy/jiaguwen/45_ED57.svg;https://img.zdic.net/zy/jiaguwen/45_ED58.svg;https://img.zdic.net/zy/jiaguwen/45_ED59.svg;https://img.zdic.net/zy/jiaguwen/45_ED5A.svg;https://img.zdic.net/zy/jiaguwen/45_ED5B.svg;https://img.zdic.net/zy/jiaguwen/45_ED5C.svg,glyphs/0069_托_0.png;glyphs/0069_托_1.png;glyphs/0069_托_2.png;glyphs/0069_托_3.png;glyphs/0069_托_4.png;glyphs/0069_托_5.png;glyphs/0069_托_6.png;glyphs/0069_托_7.png;glyphs/0069_托_8.png;glyphs/0069_托_9.png;glyphs/0069_托_10.png;glyphs/0069_托_11.png
70,揍,淡蓝 #7396FF,L1,实证错配·与金文表同图,hans（/揍/jiaguwen）,https://www.zdic.net/hans/揍/jiaguwen,17,揍乙6708 合14311,揍乙6708 合14311 | 揍乙6708 合14311 | 揍乙6794 合18899 | 揍乙9067 合20975 𠂤組 | 揍鄴初下.44.12 合16018 | 揍粹530 合34125 歷組 | 揍粹690 合31636 | 揍甲1217 | 揍京津3419 合26012 出組 | 揍續1.46.2 合16019 | 揍簠雜69 合14125 賓組 | 揍明藏683 | 揍明藏684 | 揍庫353 合40528 | 揍庫502 合40028 | 揍前4.54.3 合4660 | 揍戩37.7 合33128 無名組,https://img.zdic.net/zy/jiaguwen/45_E4D9.svg;https://img.zdic.net/zy/jiaguwen/45_E4DA.svg;https://img.zdic.net/zy/jiaguwen/45_E4DB.svg;https://img.zdic.net/zy/jiaguwen/45_E4DC.svg;https://img.zdic.net/zy/jiaguwen/45_E4DD.svg;https://img.zdic.net/zy/jiaguwen/45_E4DE.svg;https://img.zdic.net/zy/jiaguwen/45_E4DF.svg;https://img.zdic.net/zy/jiaguwen/45_E4E0.svg;https://img.zdic.net/zy/jiaguwen/45_E4E1.svg;https://img.zdic.net/zy/jiaguwen/45_E4E2.svg;https://img.zdic.net/zy/jiaguwen/45_E4E3.svg;https://img.zdic.net/zy/jiaguwen/45_E4E4.svg;https://img.zdic.net/zy/jiaguwen/45_E4E5.svg;https://img.zdic.net/zy/jiaguwen/45_E4E6.svg;https://img.zdic.net/zy/jiaguwen/45_E4E7.svg;https://img.zdic.net/zy/jiaguwen/45_E4E8.svg;https://img.zdic.net/zy/jiaguwen/45_E4E9.svg,glyphs/0070_揍_0.png;glyphs/0070_揍_1.png;glyphs/0070_揍_2.png;glyphs/0070_揍_3.png;glyphs/0070_揍_4.png;glyphs/0070_揍_5.png;glyphs/0070_揍_6.png;glyphs/0070_揍_7.png;glyphs/0070_揍_8.png;glyphs/0070_揍_9.png;glyphs/0070_揍_10.png;glyphs/0070_揍_11.png;glyphs/0070_揍_12.png;glyphs/0070_揍_13.png;glyphs/0070_揍_14.png;glyphs/0070_揍_15.png;glyphs/0070_揍_16.png
71,擂,淡蓝 #7396FF,L1,实证错配·与金文表同图,hans（/擂/jiaguwen）,https://www.zdic.net/hans/擂/jiaguwen,22,擂粹1570 合24364 出組,擂粹1570 合24364 出組 | 擂明藏395 | 擂乙529 合14129 賓組 | 擂前7.26.2 合4006 | 擂前7.26.2 合4006 | 擂乙563反 合14131反 賓組 | 擂乙727 合3947 賓組 | 擂乙564 合19638 賓組 | 擂前4.11.7 合13409 賓組 | 擂後2.42.7 合21797 | 擂後2.1.12 合13406 賓組 | 擂佚367 合13415 𠂤賓間 | 擂佚838 合13410 賓組 | 擂存下87 合13216 賓組 | 擂存下589 合21796 子組 | 擂乙3864 合13696 賓組 | 擂珠840 合13413 𠂤賓間 | 擂前3.19.3 合24868 出組 | 擂前3.22.1 合13419 賓組 | 擂前4.10.1 | 擂前7.24.4 | 擂乙12 合21021 𠂤組,https://img.zdic.net/zy/jiaguwen/43_EA85.svg;https://img.zdic.net/zy/jiaguwen/43_EA86.svg;https://img.zdic.net/zy/jiaguwen/43_EA87.svg;https://img.zdic.net/zy/jiaguwen/43_EA88.svg;https://img.zdic.net/zy/jiaguwen/43_EA89.svg;https://img.zdic.net/zy/jiaguwen/43_EA8A.svg;https://img.zdic.net/zy/jiaguwen/43_EA8B.svg;https://img.zdic.net/zy/jiaguwen/43_EA8C.svg;https://img.zdic.net/zy/jiaguwen/43_EA8D.svg;https://img.zdic.net/zy/jiaguwen/43_EA8E.svg;https://img.zdic.net/zy/jiaguwen/43_EA8F.svg;https://img.zdic.net/zy/jiaguwen/43_EA90.svg;https://img.zdic.net/zy/jiaguwen/43_EA91.svg;https://img.zdic.net/zy/jiaguwen/43_EA92.svg;https://img.zdic.net/zy/jiaguwen/43_EA93.svg;https://img.zdic.net/zy/jiaguwen/43_EA94.svg;https://img.zdic.net/zy/jiaguwen/43_EA95.svg;https://img.zdic.net/zy/jiaguwen/43_EA96.svg;https://img.zdic.net/zy/jiaguwen/43_EA97.svg;https://img.zdic.net/zy/jiaguwen/43_EA98.svg;https://img.zdic.net/zy/jiaguwen/43_EA99.svg;https://img.zdic.net/zy/jiaguwen/43_EA9A.svg,glyphs/0071_擂_0.png;glyphs/0071_擂_1.png;glyphs/0071_擂_2.png;glyphs/0071_擂_3.png;glyphs/0071_擂_4.png;glyphs/0071_擂_5.png;glyphs/0071_擂_6.png;glyphs/0071_擂_7.png;glyphs/0071_擂_8.png;glyphs/0071_擂_9.png;glyphs/0071_擂_10.png;glyphs/0071_擂_11.png;glyphs/0071_擂_12.png;glyphs/0071_擂_13.png;glyphs/0071_擂_14.png;glyphs/0071_擂_15.png;glyphs/0071_擂_16.png;glyphs/0071_擂_17.png;glyphs/0071_擂_18.png;glyphs/0071_擂_19.png;glyphs/0071_擂_20.png;glyphs/0071_擂_21.png
72,政,淡蓝 #7396FF,L2,淡蓝同批·待核,hans（/政/jiaguwen）,https://www.zdic.net/hans/政/jiaguwen,1,政燕686 合14499,政燕686 合14499,https://img.zdic.net/zy/jiaguwen/41_F1F3.svg,glyphs/0072_政_0.png
73,效,淡蓝 #7396FF,L2,淡蓝同批·待核,hans（/效/jiaguwen）,https://www.zdic.net/hans/效/jiaguwen,15,效甲786 合32782 歷組,效甲786 合32782 歷組 | 效乙5323 合6928 賓組 | 效鐵22.4 合3090 | 效鐵59.1 合195 | 效鐵175.1 合195 | 效前5.19.6 合6256 賓組 | 效前5.19.7 合14983 | 效後2.10.16 合3094 賓組 | 效林1.21.12 合3097 賓組 | 效續5.11.6 合10977 賓組 | 效京津2077 合20378 𠂤組 | 效京津2078 合3093 賓組 | 效京津2520 合20048 𠂤歷間 | 效存下460 合3092 | 效摭79 合194 賓組,https://img.zdic.net/zy/jiaguwen/41_F1E4.svg;https://img.zdic.net/zy/jiaguwen/41_F1E5.svg;https://img.zdic.net/zy/jiaguwen/41_F1E6.svg;https://img.zdic.net/zy/jiaguwen/41_F1E7.svg;https://img.zdic.net/zy/jiaguwen/41_F1E8.svg;https://img.zdic.net/zy/jiaguwen/41_F1E9.svg;https://img.zdic.net/zy/jiaguwen/41_F1EA.svg;https://img.zdic.net/zy/jiaguwen/41_F1EB.svg;https://img.zdic.net/zy/jiaguwen/41_F1EC.svg;https://img.zdic.net/zy/jiaguwen/41_F1ED.svg;https://img.zdic.net/zy/jiaguwen/41_F1EE.svg;https://img.zdic.net/zy/jiaguwen/41_F1EF.svg;https://img.zdic.net/zy/jiaguwen/41_F1F0.svg;https://img.zdic.net/zy/jiaguwen/41_F1F1.svg;https://img.zdic.net/zy/jiaguwen/41_F1F2.svg,glyphs/0073_效_0.png;glyphs/0073_效_1.png;glyphs/0073_效_2.png;glyphs/0073_效_3.png;glyphs/0073_效_4.png;glyphs/0073_效_5.png;glyphs/0073_效_6.png;glyphs/0073_效_7.png;glyphs/0073_效_8.png;glyphs/0073_效_9.png;glyphs/0073_效_10.png;glyphs/0073_效_11.png;glyphs/0073_效_12.png;glyphs/0073_效_13.png;glyphs/0073_效_14.png
74,斧,深色,ok,—,hans（/斧/jiaguwen）,https://www.zdic.net/hans/斧/jiaguwen,1,斧簠文67 合18456,斧簠文67 合18456,https://img.zdic.net/zy/jiaguwen/43_F3FC.svg,glyphs/0074_斧_0.png
75,旋,深色,ok,—,hans（/旋/jiaguwen）,https://www.zdic.net/hans/旋/jiaguwen,2,旋後2.35.5 合21482 𠂤組,旋後2.35.5 合21482 𠂤組 | 旋佚697 合7652,https://img.zdic.net/zy/jiaguwen/42_EE34.svg;https://img.zdic.net/zy/jiaguwen/42_EE35.svg,glyphs/0075_旋_0.png;glyphs/0075_旋_1.png
76,昀,淡蓝 #7396FF,L2,淡蓝同批·待核,hans（/昀/jiaguwen）,https://www.zdic.net/hans/昀/jiaguwen,72,昀甲1055,昀甲1055 | 昀甲1178 | 昀乙6686 合9012 | 昀乙7795 合6834 賓組 | 昀鐵33.3 合16903 | 昀鐵70.1 合12886 | 昀鐵247.2 合17076 賓組 | 昀餘17.1 合10217 | 昀前4.29.6 合7163 | 昀前6.65.4 合3784 | 昀前7.37.1 合6063 賓組 | 昀前7.39.1 合7403 賓組 | 昀菁5.1 合137 賓組 | 昀林1.1.1 合3427 | 昀佚28 合11648 賓組 | 昀佚29 合16790 賓組 | 昀佚637 合19783 | 昀福17 合16873 | 昀京津1255 | 昀京津1781 合17273 | 昀京津1782 合16739 | 昀京津1783 | 昀存556 合6356 | 昀粹1181 合33078 𠂤歷間 | 昀續4.8.2 合12629 | 昀續4.25.1 合14009 賓組 | 昀明藏192 | 昀燕115 合16887 | 昀燕123 | 昀甲1417 | 昀甲1478 | 昀拾10.11 合26642 | 昀前5.33.1 合7867 賓組 | 昀鐵151.2 合6692 𠂤賓間 | 昀戩29.5 合26618 | 昀戩29.11 合34841 | 昀戩30.2 合35002 | 昀戩30.8 合16799 | 昀戩30.13 合34906 | 昀戩46.7 合20154 | 昀佚233 合32418 歷組 | 昀佚239 合34999 | 昀佚385 合26482 出組 | 昀京津4691 合34823 | 昀京津4720 | 昀存2056 | 昀存2061 合35043 | 昀粹1452 合34749 | 昀明藏751 | 昀寧滬1.450 合35121 歷組 | 昀前2.4.7 合36785 黃組 | 昀前2.14.2 合36854 | 昀前2.17.8 合36809 黃組 | 昀前2.40.7 合36489 黃組 | 昀前4.7.1 合37969 | 昀前5.15.5 合37953 | 昀前5.16.3 合39330 | 昀前6.66.7 合37975 | 昀後1.10.4 合36904 黃組 | 昀後1.18.6 合36509 黃組 | 昀佚53 合39145 黃組 | 昀佚53 合39145 黃組 | 昀京津5516 | 昀京津5522 | 昀粹1457 合36820 黃組 | 昀燕96 合39224 | 昀燕97 合38113 | 昀燕102 合37947 | 昀燕103 合39194 | 昀鄴2下.38.5 合39400 | 昀京津4726 合21324 𠂤組 | 昀京都3080 合21083 𠂤組,https://img.zdic.net/zy/jiaguwen/43_E13F.svg;https://img.zdic.net/zy/jiaguwen/43_E140.svg;https://img.zdic.net/zy/jiaguwen/43_E141.svg;https://img.zdic.net/zy/jiaguwen/43_E142.svg;https://img.zdic.net/zy/jiaguwen/43_E143.svg;https://img.zdic.net/zy/jiaguwen/43_E144.svg;https://img.zdic.net/zy/jiaguwen/43_E145.svg;https://img.zdic.net/zy/jiaguwen/43_E146.svg;https://img.zdic.net/zy/jiaguwen/43_E147.svg;https://img.zdic.net/zy/jiaguwen/43_E148.svg;https://img.zdic.net/zy/jiaguwen/43_E149.svg;https://img.zdic.net/zy/jiaguwen/43_E14A.svg;https://img.zdic.net/zy/jiaguwen/43_E14B.svg;https://img.zdic.net/zy/jiaguwen/43_E14C.svg;https://img.zdic.net/zy/jiaguwen/43_E14D.svg;https://img.zdic.net/zy/jiaguwen/43_E14E.svg;https://img.zdic.net/zy/jiaguwen/43_E14F.svg;https://img.zdic.net/zy/jiaguwen/43_E150.svg;https://img.zdic.net/zy/jiaguwen/43_E151.svg;https://img.zdic.net/zy/jiaguwen/43_E152.svg;https://img.zdic.net/zy/jiaguwen/43_E153.svg;https://img.zdic.net/zy/jiaguwen/43_E154.svg;https://img.zdic.net/zy/jiaguwen/43_E155.svg;https://img.zdic.net/zy/jiaguwen/43_E156.svg;https://img.zdic.net/zy/jiaguwen/43_E157.svg;https://img.zdic.net/zy/jiaguwen/43_E158.svg;https://img.zdic.net/zy/jiaguwen/43_E159.svg;https://img.zdic.net/zy/jiaguwen/43_E15A.svg;https://img.zdic.net/zy/jiaguwen/43_E15B.svg;https://img.zdic.net/zy/jiaguwen/43_E15C.svg;https://img.zdic.net/zy/jiaguwen/43_E15D.svg;https://img.zdic.net/zy/jiaguwen/43_E15E.svg;https://img.zdic.net/zy/jiaguwen/43_E15F.svg;https://img.zdic.net/zy/jiaguwen/43_E160.svg;https://img.zdic.net/zy/jiaguwen/43_E161.svg;https://img.zdic.net/zy/jiaguwen/43_E162.svg;https://img.zdic.net/zy/jiaguwen/43_E163.svg;https://img.zdic.net/zy/jiaguwen/43_E164.svg;https://img.zdic.net/zy/jiaguwen/43_E165.svg;https://img.zdic.net/zy/jiaguwen/43_E166.svg;https://img.zdic.net/zy/jiaguwen/43_E167.svg;https://img.zdic.net/zy/jiaguwen/43_E168.svg;https://img.zdic.net/zy/jiaguwen/43_E169.svg;https://img.zdic.net/zy/jiaguwen/43_E16A.svg;https://img.zdic.net/zy/jiaguwen/43_E16B.svg;https://img.zdic.net/zy/jiaguwen/43_E16C.svg;https://img.zdic.net/zy/jiaguwen/43_E16D.svg;https://img.zdic.net/zy/jiaguwen/43_E16E.svg;https://img.zdic.net/zy/jiaguwen/43_E16F.svg;https://img.zdic.net/zy/jiaguwen/43_E170.svg;https://img.zdic.net/zy/jiaguwen/43_E171.svg;https://img.zdic.net/zy/jiaguwen/43_E172.svg;https://img.zdic.net/zy/jiaguwen/43_E173.svg;https://img.zdic.net/zy/jiaguwen/43_E174.svg;https://img.zdic.net/zy/jiaguwen/43_E175.svg;https://img.zdic.net/zy/jiaguwen/43_E176.svg;https://img.zdic.net/zy/jiaguwen/43_E177.svg;https://img.zdic.net/zy/jiaguwen/43_E178.svg;https://img.zdic.net/zy/jiaguwen/43_E179.svg;https://img.zdic.net/zy/jiaguwen/43_E17A.svg;https://img.zdic.net/zy/jiaguwen/43_E17B.svg;https://img.zdic.net/zy/jiaguwen/43_E17C.svg;https://img.zdic.net/zy/jiaguwen/43_E17D.svg;https://img.zdic.net/zy/jiaguwen/43_E17E.svg;https://img.zdic.net/zy/jiaguwen/43_E17F.svg;https://img.zdic.net/zy/jiaguwen/43_E180.svg;https://img.zdic.net/zy/jiaguwen/43_E181.svg;https://img.zdic.net/zy/jiaguwen/43_E182.svg;https://img.zdic.net/zy/jiaguwen/43_E183.svg;https://img.zdic.net/zy/jiaguwen/43_E184.svg;https://img.zdic.net/zy/jiaguwen/43_E185.svg;https://img.zdic.net/zy/jiaguwen/43_E186.svg,glyphs/0076_昀_0.png;glyphs/0076_昀_1.png;glyphs/0076_昀_2.png;glyphs/0076_昀_3.png;glyphs/0076_昀_4.png;glyphs/0076_昀_5.png;glyphs/0076_昀_6.png;glyphs/0076_昀_7.png;glyphs/0076_昀_8.png;glyphs/0076_昀_9.png;glyphs/0076_昀_10.png;glyphs/0076_昀_11.png;glyphs/0076_昀_12.png;glyphs/0076_昀_13.png;glyphs/0076_昀_14.png;glyphs/0076_昀_15.png;glyphs/0076_昀_16.png;glyphs/0076_昀_17.png;glyphs/0076_昀_18.png;glyphs/0076_昀_19.png;glyphs/0076_昀_20.png;glyphs/0076_昀_21.png;glyphs/0076_昀_22.png;glyphs/0076_昀_23.png;glyphs/0076_昀_24.png;glyphs/0076_昀_25.png;glyphs/0076_昀_26.png;glyphs/0076_昀_27.png;glyphs/0076_昀_28.png;glyphs/0076_昀_29.png;glyphs/0076_昀_30.png;glyphs/0076_昀_31.png;glyphs/0076_昀_32.png;glyphs/0076_昀_33.png;glyphs/0076_昀_34.png;glyphs/0076_昀_35.png;glyphs/0076_昀_36.png;glyphs/0076_昀_37.png;glyphs/0076_昀_38.png;glyphs/0076_昀_39.png;glyphs/0076_昀_40.png;glyphs/0076_昀_41.png;glyphs/0076_昀_42.png;glyphs/0076_昀_43.png;glyphs/0076_昀_44.png;glyphs/0076_昀_45.png;glyphs/0076_昀_46.png;glyphs/0076_昀_47.png;glyphs/0076_昀_48.png;glyphs/0076_昀_49.png;glyphs/0076_昀_50.png;glyphs/0076_昀_51.png;glyphs/0076_昀_52.png;glyphs/0076_昀_53.png;glyphs/0076_昀_54.png;glyphs/0076_昀_55.png;glyphs/0076_昀_56.png;glyphs/0076_昀_57.png;glyphs/0076_昀_58.png;glyphs/0076_昀_59.png;glyphs/0076_昀_60.png;glyphs/0076_昀_61.png;glyphs/0076_昀_62.png;glyphs/0076_昀_63.png;glyphs/0076_昀_64.png;glyphs/0076_昀_65.png;glyphs/0076_昀_66.png;glyphs/0076_昀_67.png;glyphs/0076_昀_68.png;glyphs/0076_昀_69.png;glyphs/0076_昀_70.png;glyphs/0076_昀_71.png
77,昃,深色,ok,—,hans（/昃/jiaguwen）,https://www.zdic.net/hans/昃/jiaguwen,22,昃乙18 合21013 𠂤組,昃乙18 合21013 𠂤組 | 昃乙32 合20957 𠂤組 | 昃乙60 合20967 𠂤組 | 昃乙180 合21863 𠂤組 | 昃乙388 合20962 𠂤組 | 昃菁4.1 合10405 賓組 | 昃鐵110.1 合13312 賓組 | 昃前7.43.2 合13442 賓組 | 昃前4.8.7 合11729 | 昃前4.9.1 合12808 賓組 | 昃鄴2下.37.10 | 昃寧滬2.27 合11691 | 昃京都3055 合20968 𠂤組 | 昃京津416 合12809 賓組 | 昃鄴2下.35.12 合20421 𠂤組 | 昃粹436 合30835 無名組 | 昃寧滬1.69 合29793 無名組 | 昃掇1.394 合29793 無名組 | 昃燕394背 合28443 | 昃明703 合29910 | 昃天70 合20223 𠂤組 | 昃中大261,https://img.zdic.net/zy/jiaguwen/42_ED89.svg;https://img.zdic.net/zy/jiaguwen/42_ED8A.svg;https://img.zdic.net/zy/jiaguwen/42_ED8B.svg;https://img.zdic.net/zy/jiaguwen/42_ED8C.svg;https://img.zdic.net/zy/jiaguwen/42_ED8D.svg;https://img.zdic.net/zy/jiaguwen/42_ED8E.svg;https://img.zdic.net/zy/jiaguwen/42_ED8F.svg;https://img.zdic.net/zy/jiaguwen/42_ED90.svg;https://img.zdic.net/zy/jiaguwen/42_ED91.svg;https://img.zdic.net/zy/jiaguwen/42_ED92.svg;https://img.zdic.net/zy/jiaguwen/42_ED93.svg;https://img.zdic.net/zy/jiaguwen/42_ED94.svg;https://img.zdic.net/zy/jiaguwen/42_ED95.svg;https://img.zdic.net/zy/jiaguwen/42_ED96.svg;https://img.zdic.net/zy/jiaguwen/42_ED97.svg;https://img.zdic.net/zy/jiaguwen/42_ED98.svg;https://img.zdic.net/zy/jiaguwen/42_ED99.svg;https://img.zdic.net/zy/jiaguwen/42_ED9A.svg;https://img.zdic.net/zy/jiaguwen/42_ED9B.svg;https://img.zdic.net/zy/jiaguwen/42_ED9C.svg;https://img.zdic.net/zy/jiaguwen/42_ED9D.svg;https://img.zdic.net/zy/jiaguwen/42_ED9E.svg,glyphs/0077_昃_0.png;glyphs/0077_昃_1.png;glyphs/0077_昃_2.png;glyphs/0077_昃_3.png;glyphs/0077_昃_4.png;glyphs/0077_昃_5.png;glyphs/0077_昃_6.png;glyphs/0077_昃_7.png;glyphs/0077_昃_8.png;glyphs/0077_昃_9.png;glyphs/0077_昃_10.png;glyphs/0077_昃_11.png;glyphs/0077_昃_12.png;glyphs/0077_昃_13.png;glyphs/0077_昃_14.png;glyphs/0077_昃_15.png;glyphs/0077_昃_16.png;glyphs/0077_昃_17.png;glyphs/0077_昃_18.png;glyphs/0077_昃_19.png;glyphs/0077_昃_20.png;glyphs/0077_昃_21.png
78,昼,深色,ok,—,hans（/昼/jiaguwen）,https://www.zdic.net/hans/昼/jiaguwen,2,昼合22942 合22942 出組,昼合22942 合22942 出組 | 昼屯2392,https://img.zdic.net/zy/jiaguwen/44_E26B.svg;https://img.zdic.net/zy/jiaguwen/44_E26C.svg,glyphs/0078_昼_0.png;glyphs/0078_昼_1.png
79,晁,淡蓝 #7396FF,L1,实证错配·与金文表同图,hans（/晁/jiaguwen）,https://www.zdic.net/hans/晁/jiaguwen,3,晁後2.3.8 合33130 歷組,晁後2.3.8 合33130 歷組 | 晁庫1025 合23148 出組 | 晁佚292 合29092 何組,https://img.zdic.net/zy/jiaguwen/41_E2BA.svg;https://img.zdic.net/zy/jiaguwen/41_E2BB.svg;https://img.zdic.net/zy/jiaguwen/41_E2BC.svg,glyphs/0079_晁_0.png;glyphs/0079_晁_1.png;glyphs/0079_晁_2.png
80,杙,蓝块占位,none,原表无字形,hans（/杙/jiaguwen）,https://www.zdic.net/hans/杙/jiaguwen,4,杙乙807 合1763 賓組,杙乙807 合1763 賓組 | 杙乙1931 合9019 | 杙河582 合11031 | 杙珠299 合4443,https://img.zdic.net/zy/jiaguwen/45_E2A5.svg;https://img.zdic.net/zy/jiaguwen/45_E2A6.svg;https://img.zdic.net/zy/jiaguwen/45_E2A7.svg;https://img.zdic.net/zy/jiaguwen/45_E2A8.svg,glyphs/0080_杙_0.png;glyphs/0080_杙_1.png;glyphs/0080_杙_2.png;glyphs/0080_杙_3.png
81,枘,淡蓝 #7396FF,L1,实证错配·与金文表同图,hans（/枘/jiaguwen）,https://www.zdic.net/hans/枘/jiaguwen,16,枘鐵13.2 合4529,枘鐵13.2 合4529 | 枘鐵153.3 合2292 | 枘鐵164.2 合19063 | 枘鐵231.1 合2980 | 枘前1.39.4 合2873 | 枘前4.28.3 合5560 賓組 | 枘甲3336 合12971 賓組 | 枘甲3343 合8592 賓組 | 枘乙4540 合13675 賓組 | 枘乙4548 合14295 無名組 | 枘乙4636 合418 賓組 | 枘乙4667 合17920 賓組 | 枘掇1.237 合13376 | 枘掇1.538 合16447 | 枘掇2.350 | 枘燕253 合1663,https://img.zdic.net/zy/jiaguwen/42_E7DB.svg;https://img.zdic.net/zy/jiaguwen/42_E7DC.svg;https://img.zdic.net/zy/jiaguwen/42_E7DD.svg;https://img.zdic.net/zy/jiaguwen/42_E7DE.svg;https://img.zdic.net/zy/jiaguwen/42_E7DF.svg;https://img.zdic.net/zy/jiaguwen/42_E7E0.svg;https://img.zdic.net/zy/jiaguwen/42_E7E1.svg;https://img.zdic.net/zy/jiaguwen/42_E7E2.svg;https://img.zdic.net/zy/jiaguwen/42_E7E3.svg;https://img.zdic.net/zy/jiaguwen/42_E7E4.svg;https://img.zdic.net/zy/jiaguwen/42_E7E5.svg;https://img.zdic.net/zy/jiaguwen/42_E7E6.svg;https://img.zdic.net/zy/jiaguwen/42_E7E7.svg;https://img.zdic.net/zy/jiaguwen/42_E7E8.svg;https://img.zdic.net/zy/jiaguwen/42_E7E9.svg;https://img.zdic.net/zy/jiaguwen/42_E7EA.svg,glyphs/0081_枘_0.png;glyphs/0081_枘_1.png;glyphs/0081_枘_2.png;glyphs/0081_枘_3.png;glyphs/0081_枘_4.png;glyphs/0081_枘_5.png;glyphs/0081_枘_6.png;glyphs/0081_枘_7.png;glyphs/0081_枘_8.png;glyphs/0081_枘_9.png;glyphs/0081_枘_10.png;glyphs/0081_枘_11.png;glyphs/0081_枘_12.png;glyphs/0081_枘_13.png;glyphs/0081_枘_14.png;glyphs/0081_枘_15.png
82,柊,蓝块占位,none,原表无字形,hans（/柊/jiaguwen）,https://www.zdic.net/hans/柊/jiaguwen,14,柊乙368 合20726 𠂤組,柊乙368 合20726 𠂤組 | 柊乙3340 合916 賓組 | 柊拾7.8 合19736 | 柊前4.32.7 合10395 賓組 | 柊前5.28.2 合18998 | 柊林1.14.13 合19735 賓組 | 柊燕494背 合9684 | 柊鄴3下.41.3 合30183 無名組 | 柊寧滬1.504 合33238 | 柊京津2597 | 柊存1183 合11656 | 柊存下76 合13140 賓組 | 柊庫1807 合40818 | 柊菁2.1 合6057 賓組,https://img.zdic.net/zy/jiaguwen/43_F0F5.svg;https://img.zdic.net/zy/jiaguwen/43_F0F6.svg;https://img.zdic.net/zy/jiaguwen/43_F0F7.svg;https://img.zdic.net/zy/jiaguwen/43_F0F8.svg;https://img.zdic.net/zy/jiaguwen/43_F0F9.svg;https://img.zdic.net/zy/jiaguwen/43_F0FA.svg;https://img.zdic.net/zy/jiaguwen/43_F0FB.svg;https://img.zdic.net/zy/jiaguwen/43_F0FC.svg;https://img.zdic.net/zy/jiaguwen/43_F0FD.svg;https://img.zdic.net/zy/jiaguwen/43_F0FE.svg;https://img.zdic.net/zy/jiaguwen/43_F0FF.svg;https://img.zdic.net/zy/jiaguwen/43_F100.svg;https://img.zdic.net/zy/jiaguwen/43_F101.svg;https://img.zdic.net/zy/jiaguwen/43_F102.svg,glyphs/0082_柊_0.png;glyphs/0082_柊_1.png;glyphs/0082_柊_2.png;glyphs/0082_柊_3.png;glyphs/0082_柊_4.png;glyphs/0082_柊_5.png;glyphs/0082_柊_6.png;glyphs/0082_柊_7.png;glyphs/0082_柊_8.png;glyphs/0082_柊_9.png;glyphs/0082_柊_10.png;glyphs/0082_柊_11.png;glyphs/0082_柊_12.png;glyphs/0082_柊_13.png
83,柏,深色,ok,—,hans（/柏/jiaguwen）,https://www.zdic.net/hans/柏/jiaguwen,2,柏佚195 合33380 歷組,柏佚195 合33380 歷組 | 柏京都1926 合31969 歷組,https://img.zdic.net/zy/jiaguwen/42_EA80.svg;https://img.zdic.net/zy/jiaguwen/42_EA81.svg,glyphs/0083_柏_0.png;glyphs/0083_柏_1.png
84,柑,淡蓝 #7396FF,L1,实证错配·与金文表同图,hans（/柑/jiaguwen）,https://www.zdic.net/hans/柑/jiaguwen,19,柑乙1010 合21731 子組,柑乙1010 合21731 子組 | 柑乙1634 合8888 賓組 | 柑乙5612 合517 賓組 | 柑乙5859 合8005 賓組 | 柑乙6320 合6830 | 柑乙6273 合10936 賓組 | 柑乙7298 | 柑乙7762 合15563 | 柑乙9026 | 柑前1.52.5 合5129 賓組 | 柑後1.12.4 合8002 賓組 | 柑後1.12.5 合8001 賓組 | 柑京津1574 合8004 𠂤賓間 | 柑京津2920 合19769 𠂤組 | 柑存下915 合36481 黃組 | 柑師友2.133 | 柑明藏126 | 柑明716 合27826 無名組 | 柑乙4627反 合13646反 賓組,https://img.zdic.net/zy/jiaguwen/42_E338.svg;https://img.zdic.net/zy/jiaguwen/42_E339.svg;https://img.zdic.net/zy/jiaguwen/42_E33A.svg;https://img.zdic.net/zy/jiaguwen/42_E33B.svg;https://img.zdic.net/zy/jiaguwen/42_E33C.svg;https://img.zdic.net/zy/jiaguwen/42_E33D.svg;https://img.zdic.net/zy/jiaguwen/42_E33E.svg;https://img.zdic.net/zy/jiaguwen/42_E33F.svg;https://img.zdic.net/zy/jiaguwen/42_E340.svg;https://img.zdic.net/zy/jiaguwen/42_E341.svg;https://img.zdic.net/zy/jiaguwen/42_E342.svg;https://img.zdic.net/zy/jiaguwen/42_E343.svg;https://img.zdic.net/zy/jiaguwen/42_E344.svg;https://img.zdic.net/zy/jiaguwen/42_E345.svg;https://img.zdic.net/zy/jiaguwen/42_E346.svg;https://img.zdic.net/zy/jiaguwen/42_E347.svg;https://img.zdic.net/zy/jiaguwen/42_E348.svg;https://img.zdic.net/zy/jiaguwen/42_E349.svg;https://img.zdic.net/zy/jiaguwen/42_E34A.svg,glyphs/0084_柑_0.png;glyphs/0084_柑_1.png;glyphs/0084_柑_2.png;glyphs/0084_柑_3.png;glyphs/0084_柑_4.png;glyphs/0084_柑_5.png;glyphs/0084_柑_6.png;glyphs/0084_柑_7.png;glyphs/0084_柑_8.png;glyphs/0084_柑_9.png;glyphs/0084_柑_10.png;glyphs/0084_柑_11.png;glyphs/0084_柑_12.png;glyphs/0084_柑_13.png;glyphs/0084_柑_14.png;glyphs/0084_柑_15.png;glyphs/0084_柑_16.png;glyphs/0084_柑_17.png;glyphs/0084_柑_18.png
85,柒,淡蓝 #7396FF,L1,实证错配·与金文表同图,hans（/柒/jiaguwen）,https://www.zdic.net/hans/柒/jiaguwen,7,柒前2.20.4 合36557 黃組,柒前2.20.4 合36557 黃組 | 柒前5.28.4 合10650 | 柒後1.5.9 合32331 歷組 | 柒後2.9.1 合11503 賓組 | 柒林2.26.2 合13331 賓組 | 柒燕378 合7151 | 柒佚440 合31085 何組,https://img.zdic.net/zy/jiaguwen/43_F565.svg;https://img.zdic.net/zy/jiaguwen/43_F566.svg;https://img.zdic.net/zy/jiaguwen/43_F567.svg;https://img.zdic.net/zy/jiaguwen/43_F568.svg;https://img.zdic.net/zy/jiaguwen/43_F569.svg;https://img.zdic.net/zy/jiaguwen/43_F56A.svg;https://img.zdic.net/zy/jiaguwen/43_F56B.svg,glyphs/0085_柒_0.png;glyphs/0085_柒_1.png;glyphs/0085_柒_2.png;glyphs/0085_柒_3.png;glyphs/0085_柒_4.png;glyphs/0085_柒_5.png;glyphs/0085_柒_6.png
86,栎,深色,ok,—,hans（/栎/jiaguwen）,https://www.zdic.net/hans/栎/jiaguwen,1,栎合36746 合36746 黃組,栎合36746 合36746 黃組,https://img.zdic.net/zy/jiaguwen/44_E2CD.svg,glyphs/0086_栎_0.png
87,桐,深色,ok,—,hans（/桐/jiaguwen）,https://www.zdic.net/hans/桐/jiaguwen,1,桐乙9067 合20975 𠂤組,桐乙9067 合20975 𠂤組,https://img.zdic.net/zy/jiaguwen/42_EB11.svg,glyphs/0087_桐_0.png
88,桔,淡蓝 #7396FF,L1,实证错配·与金文表同图,hans（/桔/jiaguwen）,https://www.zdic.net/hans/桔/jiaguwen,49,桔鐵159.1 合16329,桔鐵159.1 合16329 | 桔戩40.14 合19681 | 桔前6.23.1 合19212 賓組 | 桔前6.40.3 合12739 | 桔前6.43.6 合5281 賓組 | 桔前7.4.4 合5463 | 桔前7.16.4 合12508 賓組 | 桔林1.2.6 合17521 | 桔乙3380反 合17301反 | 桔佚48 合30528 何組 | 桔佚48 合30528 何組 | 桔佚358 | 桔佚537 合7385 賓組 | 桔甲2448 | 桔戩13.9 合30786 無名組 | 桔戩16.1 合29864 無名組 | 桔戩23.13 合29648 無名組 | 桔前2.20.5 合28950 無名組 | 桔前5.21.5 合38232 黃組 | 桔前5.32.5 合36536 黃組 | 桔前8.7.2 合29352 無名組 | 桔後1.18.9 合36965 黃組 | 桔佚83 合14473 | 桔佚166 合27453 無名組 | 桔佚310 合29496 | 桔佚247 合28628 無名組 | 桔佚247 合28628 無名組 | 桔佚68 合29175 | 桔佚68 合29175 | 桔天16 合39357 黃組 | 桔前2.4.6 合36786 黃組 | 桔前2.22.2 合36734 | 桔前2.33.4 合37627 黃組 | 桔前5.16.2 合35644 | 桔前5.17.3 合38289 黃組 | 桔甲1800 | 桔甲2671 合27515 何組 | 桔粹1023 合29146 | 桔佚545 合37846 黃組 | 桔佚545 合37846 黃組 | 桔珠120 合37409 黃組 | 桔珠121 合37363 黃組 | 桔簠游51 合36426 黃組 | 桔簠游70 合37606 | 桔簠帝115 合37868 黃組 | 桔續1.5.1 合37840 黃組 | 桔京津3146 合22509 | 桔束藏1 | 桔乙7819反 合6461反 賓組,https://img.zdic.net/zy/jiaguwen/41_E58A.svg;https://img.zdic.net/zy/jiaguwen/41_E58B.svg;https://img.zdic.net/zy/jiaguwen/41_E58C.svg;https://img.zdic.net/zy/jiaguwen/41_E58D.svg;https://img.zdic.net/zy/jiaguwen/41_E58E.svg;https://img.zdic.net/zy/jiaguwen/41_E58F.svg;https://img.zdic.net/zy/jiaguwen/41_E590.svg;https://img.zdic.net/zy/jiaguwen/41_E591.svg;https://img.zdic.net/zy/jiaguwen/41_E592.svg;https://img.zdic.net/zy/jiaguwen/41_E593.svg;https://img.zdic.net/zy/jiaguwen/41_E594.svg;https://img.zdic.net/zy/jiaguwen/41_E595.svg;https://img.zdic.net/zy/jiaguwen/41_E596.svg;https://img.zdic.net/zy/jiaguwen/41_E597.svg;https://img.zdic.net/zy/jiaguwen/41_E598.svg;https://img.zdic.net/zy/jiaguwen/41_E599.svg;https://img.zdic.net/zy/jiaguwen/41_E59A.svg;https://img.zdic.net/zy/jiaguwen/41_E59B.svg;https://img.zdic.net/zy/jiaguwen/41_E59C.svg;https://img.zdic.net/zy/jiaguwen/41_E59D.svg;https://img.zdic.net/zy/jiaguwen/41_E59E.svg;https://img.zdic.net/zy/jiaguwen/41_E59F.svg;https://img.zdic.net/zy/jiaguwen/41_E5A0.svg;https://img.zdic.net/zy/jiaguwen/41_E5A1.svg;https://img.zdic.net/zy/jiaguwen/41_E5A2.svg;https://img.zdic.net/zy/jiaguwen/41_E5A3.svg;https://img.zdic.net/zy/jiaguwen/41_E5A4.svg;https://img.zdic.net/zy/jiaguwen/41_E5A5.svg;https://img.zdic.net/zy/jiaguwen/41_E5A6.svg;https://img.zdic.net/zy/jiaguwen/41_E5A7.svg;https://img.zdic.net/zy/jiaguwen/41_E5A8.svg;https://img.zdic.net/zy/jiaguwen/41_E5A9.svg;https://img.zdic.net/zy/jiaguwen/41_E5AA.svg;https://img.zdic.net/zy/jiaguwen/41_E5AB.svg;https://img.zdic.net/zy/jiaguwen/41_E5AC.svg;https://img.zdic.net/zy/jiaguwen/41_E5AD.svg;https://img.zdic.net/zy/jiaguwen/41_E5AE.svg;https://img.zdic.net/zy/jiaguwen/41_E5AF.svg;https://img.zdic.net/zy/jiaguwen/41_E5B0.svg;https://img.zdic.net/zy/jiaguwen/41_E5B1.svg;https://img.zdic.net/zy/jiaguwen/41_E5B2.svg;https://img.zdic.net/zy/jiaguwen/41_E5B3.svg;https://img.zdic.net/zy/jiaguwen/41_E5B4.svg;https://img.zdic.net/zy/jiaguwen/41_E5B5.svg;https://img.zdic.net/zy/jiaguwen/41_E5B6.svg;https://img.zdic.net/zy/jiaguwen/41_E5B7.svg;https://img.zdic.net/zy/jiaguwen/41_E5B8.svg;https://img.zdic.net/zy/jiaguwen/41_E5B9.svg;https://img.zdic.net/zy/jiaguwen/41_E5BA.svg,glyphs/0088_桔_0.png;glyphs/0088_桔_1.png;glyphs/0088_桔_2.png;glyphs/0088_桔_3.png;glyphs/0088_桔_4.png;glyphs/0088_桔_5.png;glyphs/0088_桔_6.png;glyphs/0088_桔_7.png;glyphs/0088_桔_8.png;glyphs/0088_桔_9.png;glyphs/0088_桔_10.png;glyphs/0088_桔_11.png;glyphs/0088_桔_12.png;glyphs/0088_桔_13.png;glyphs/0088_桔_14.png;glyphs/0088_桔_15.png;glyphs/0088_桔_16.png;glyphs/0088_桔_17.png;glyphs/0088_桔_18.png;glyphs/0088_桔_19.png;glyphs/0088_桔_20.png;glyphs/0088_桔_21.png;glyphs/0088_桔_22.png;glyphs/0088_桔_23.png;glyphs/0088_桔_24.png;glyphs/0088_桔_25.png;glyphs/0088_桔_26.png;glyphs/0088_桔_27.png;glyphs/0088_桔_28.png;glyphs/0088_桔_29.png;glyphs/0088_桔_30.png;glyphs/0088_桔_31.png;glyphs/0088_桔_32.png;glyphs/0088_桔_33.png;glyphs/0088_桔_34.png;glyphs/0088_桔_35.png;glyphs/0088_桔_36.png;glyphs/0088_桔_37.png;glyphs/0088_桔_38.png;glyphs/0088_桔_39.png;glyphs/0088_桔_40.png;glyphs/0088_桔_41.png;glyphs/0088_桔_42.png;glyphs/0088_桔_43.png;glyphs/0088_桔_44.png;glyphs/0088_桔_45.png;glyphs/0088_桔_46.png;glyphs/0088_桔_47.png;glyphs/0088_桔_48.png
89,梌,蓝块占位,none,原表无字形,hans（/梌/jiaguwen）,https://www.zdic.net/hans/梌/jiaguwen,21,梌甲537 合28946,梌甲537 合28946 | 梌甲582 合28925 | 梌甲907 合28915 無名組 | 梌甲3350 合37619 | 梌前2.32.6 合7936 賓組 | 梌前2.33.4 合37627 黃組 | 梌前2.33.7 合37626 黃組 | 梌前2.36.7 合37494 黃組 | 梌前7.28.1 合23711 出組 | 梌後1.10.15 合28941 | 梌林1.26.6 合22599 | 梌粹977 合33534 | 梌粹978 合33536 | 梌粹979 合33529 | 梌京津4463 合28938 | 梌珠122 合37574 黃組 | 梌珠125 合37748 黃組 | 梌明藏790 | 梌佚102 合28933 | 梌京都2082 | 梌京都2927 合37511 黃組,https://img.zdic.net/zy/jiaguwen/42_EAEF.svg;https://img.zdic.net/zy/jiaguwen/42_EAF0.svg;https://img.zdic.net/zy/jiaguwen/42_EAF1.svg;https://img.zdic.net/zy/jiaguwen/42_EAF2.svg;https://img.zdic.net/zy/jiaguwen/42_EAF3.svg;https://img.zdic.net/zy/jiaguwen/42_EAF4.svg;https://img.zdic.net/zy/jiaguwen/42_EAF5.svg;https://img.zdic.net/zy/jiaguwen/42_EAF6.svg;https://img.zdic.net/zy/jiaguwen/42_EAF7.svg;https://img.zdic.net/zy/jiaguwen/42_EAF8.svg;https://img.zdic.net/zy/jiaguwen/42_EAF9.svg;https://img.zdic.net/zy/jiaguwen/42_EAFA.svg;https://img.zdic.net/zy/jiaguwen/42_EAFB.svg;https://img.zdic.net/zy/jiaguwen/42_EAFC.svg;https://img.zdic.net/zy/jiaguwen/42_EAFD.svg;https://img.zdic.net/zy/jiaguwen/42_EAFE.svg;https://img.zdic.net/zy/jiaguwen/42_EAFF.svg;https://img.zdic.net/zy/jiaguwen/42_EB00.svg;https://img.zdic.net/zy/jiaguwen/42_EB01.svg;https://img.zdic.net/zy/jiaguwen/42_EB02.svg;https://img.zdic.net/zy/jiaguwen/42_EB03.svg,glyphs/0089_梌_0.png;glyphs/0089_梌_1.png;glyphs/0089_梌_2.png;glyphs/0089_梌_3.png;glyphs/0089_梌_4.png;glyphs/0089_梌_5.png;glyphs/0089_梌_6.png;glyphs/0089_梌_7.png;glyphs/0089_梌_8.png;glyphs/0089_梌_9.png;glyphs/0089_梌_10.png;glyphs/0089_梌_11.png;glyphs/0089_梌_12.png;glyphs/0089_梌_13.png;glyphs/0089_梌_14.png;glyphs/0089_梌_15.png;glyphs/0089_梌_16.png;glyphs/0089_梌_17.png;glyphs/0089_梌_18.png;glyphs/0089_梌_19.png;glyphs/0089_梌_20.png
90,汐,淡蓝 #7396FF,L1,实证错配·与金文表同图,hans（/汐/jiaguwen）,https://www.zdic.net/hans/汐/jiaguwen,44,汐甲616 合30014 無名組,汐甲616 合30014 無名組 | 汐甲755 合33696 歷組 | 汐甲1127 合31647 | 汐甲1810 | 汐甲2430 合29942 | 汐甲2605 合26907 何組 | 汐乙999 合21815 | 汐乙6565反 合11259反 | 汐乙6673反 合11498反 賓組 | 汐乙7795 合6834 賓組 | 汐鐵16.1 合11654 | 汐鐵109.4 合12203 | 汐餘1.1 合13475 賓組 | 汐前1.27.4 合2164 賓組 | 汐前3.31.3 合10222 賓組 | 汐菁3.1 合10405 賓組 | 汐林1.1.9 合8753 | 汐佚60 合6060 賓組 | 汐福32 合12998 | 汐珠139 合12215 | 汐珠140 合12208 | 汐誠10 合26255 | 汐林1.27.17 合12949 | 汐林2.6.16 合16598 | 汐戩27.11 合26235 | 汐戩36.2 合24913 出組 | 汐粹137 合22630 出組 | 汐甲2692 合27042 何組 | 汐後2.3.1 合18419 賓組 | 汐後2.28.10 | 汐後2.36.1 | 汐後2.19.9 合23032 | 汐後2.26.10 合10376 | 汐佚304 合31565 | 汐佚304 合31565 | 汐粹230 合33066 歷組 | 汐燕516 合12498 | 汐前2.6.1 合36589 黃組 | 汐前2.13.3 合36429 黃組 | 汐佚897 合32171 歷組 | 汐乙3200 合2223 賓組 | 汐乙3200 合2223 賓組 | 汐佚350 合37376 黃組 | 汐珠298 合38763,https://img.zdic.net/zy/jiaguwen/42_EF2A.svg;https://img.zdic.net/zy/jiaguwen/42_EF2B.svg;https://img.zdic.net/zy/jiaguwen/42_EF2C.svg;https://img.zdic.net/zy/jiaguwen/42_EF2D.svg;https://img.zdic.net/zy/jiaguwen/42_EF2E.svg;https://img.zdic.net/zy/jiaguwen/42_EF2F.svg;https://img.zdic.net/zy/jiaguwen/42_EF30.svg;https://img.zdic.net/zy/jiaguwen/42_EF31.svg;https://img.zdic.net/zy/jiaguwen/42_EF32.svg;https://img.zdic.net/zy/jiaguwen/42_EF33.svg;https://img.zdic.net/zy/jiaguwen/42_EF34.svg;https://img.zdic.net/zy/jiaguwen/42_EF35.svg;https://img.zdic.net/zy/jiaguwen/42_EF36.svg;https://img.zdic.net/zy/jiaguwen/42_EF37.svg;https://img.zdic.net/zy/jiaguwen/42_EF38.svg;https://img.zdic.net/zy/jiaguwen/42_EF39.svg;https://img.zdic.net/zy/jiaguwen/42_EF3A.svg;https://img.zdic.net/zy/jiaguwen/42_EF3B.svg;https://img.zdic.net/zy/jiaguwen/42_EF3C.svg;https://img.zdic.net/zy/jiaguwen/42_EF3D.svg;https://img.zdic.net/zy/jiaguwen/42_EF3E.svg;https://img.zdic.net/zy/jiaguwen/42_EF3F.svg;https://img.zdic.net/zy/jiaguwen/42_EF40.svg;https://img.zdic.net/zy/jiaguwen/42_EF41.svg;https://img.zdic.net/zy/jiaguwen/42_EF42.svg;https://img.zdic.net/zy/jiaguwen/42_EF43.svg;https://img.zdic.net/zy/jiaguwen/42_EF44.svg;https://img.zdic.net/zy/jiaguwen/42_EF45.svg;https://img.zdic.net/zy/jiaguwen/42_EF46.svg;https://img.zdic.net/zy/jiaguwen/42_EF47.svg;https://img.zdic.net/zy/jiaguwen/42_EF48.svg;https://img.zdic.net/zy/jiaguwen/42_EF49.svg;https://img.zdic.net/zy/jiaguwen/42_EF4A.svg;https://img.zdic.net/zy/jiaguwen/42_EF4B.svg;https://img.zdic.net/zy/jiaguwen/42_EF4C.svg;https://img.zdic.net/zy/jiaguwen/42_EF4D.svg;https://img.zdic.net/zy/jiaguwen/42_EF4E.svg;https://img.zdic.net/zy/jiaguwen/42_EF4F.svg;https://img.zdic.net/zy/jiaguwen/42_EF50.svg;https://img.zdic.net/zy/jiaguwen/42_EF51.svg;https://img.zdic.net/zy/jiaguwen/42_EF52.svg;https://img.zdic.net/zy/jiaguwen/42_EF53.svg;https://img.zdic.net/zy/jiaguwen/42_EF54.svg;https://img.zdic.net/zy/jiaguwen/42_EF55.svg,glyphs/0090_汐_0.png;glyphs/0090_汐_1.png;glyphs/0090_汐_2.png;glyphs/0090_汐_3.png;glyphs/0090_汐_4.png;glyphs/0090_汐_5.png;glyphs/0090_汐_6.png;glyphs/0090_汐_7.png;glyphs/0090_汐_8.png;glyphs/0090_汐_9.png;glyphs/0090_汐_10.png;glyphs/0090_汐_11.png;glyphs/0090_汐_12.png;glyphs/0090_汐_13.png;glyphs/0090_汐_14.png;glyphs/0090_汐_15.png;glyphs/0090_汐_16.png;glyphs/0090_汐_17.png;glyphs/0090_汐_18.png;glyphs/0090_汐_19.png;glyphs/0090_汐_20.png;glyphs/0090_汐_21.png;glyphs/0090_汐_22.png;glyphs/0090_汐_23.png;glyphs/0090_汐_24.png;glyphs/0090_汐_25.png;glyphs/0090_汐_26.png;glyphs/0090_汐_27.png;glyphs/0090_汐_28.png;glyphs/0090_汐_29.png;glyphs/0090_汐_30.png;glyphs/0090_汐_31.png;glyphs/0090_汐_32.png;glyphs/0090_汐_33.png;glyphs/0090_汐_34.png;glyphs/0090_汐_35.png;glyphs/0090_汐_36.png;glyphs/0090_汐_37.png;glyphs/0090_汐_38.png;glyphs/0090_汐_39.png;glyphs/0090_汐_40.png;glyphs/0090_汐_41.png;glyphs/0090_汐_42.png;glyphs/0090_汐_43.png
91,沉,深色,ok,—,hans（/沉/jiaguwen）,https://www.zdic.net/hans/沉/jiaguwen,25,沉存1889 合34460 歷組,沉存1889 合34460 歷組 | 沉甲1089 合14556 | 沉甲2091 合30436 何組 | 沉乙5313 合1677 賓組 | 沉鐵42.2 合16193 | 沉前1.24.3 合780 賓組 | 沉前2.9.3 合36948 黃組 | 沉後1.23.1 合1441 賓組 | 沉後1.23.4 合32161 歷組 | 沉後1.23.6 合33283 歷組 | 沉後1.25.2 合34462 無名組 | 沉後2.4.3 合5505 𠂤組 | 沉林2.16.17 合38187 黃組 | 沉粹9 合33283 歷組 | 沉粹45 合33280 | 沉粹45 合33280 | 沉粹587 合32915 歷組 | 沉明藏418 | 沉明藏449 | 沉明藏489 | 沉京津1101 | 沉京津1102 | 沉掇1.462 合32308 歷組 | 沉京都2260 合31005 | 沉京都2361 合33277 歷組,https://img.zdic.net/zy/jiaguwen/43_E8BD.svg;https://img.zdic.net/zy/jiaguwen/43_E8BE.svg;https://img.zdic.net/zy/jiaguwen/43_E8BF.svg;https://img.zdic.net/zy/jiaguwen/43_E8C0.svg;https://img.zdic.net/zy/jiaguwen/43_E8C1.svg;https://img.zdic.net/zy/jiaguwen/43_E8C2.svg;https://img.zdic.net/zy/jiaguwen/43_E8C3.svg;https://img.zdic.net/zy/jiaguwen/43_E8C4.svg;https://img.zdic.net/zy/jiaguwen/43_E8C5.svg;https://img.zdic.net/zy/jiaguwen/43_E8C6.svg;https://img.zdic.net/zy/jiaguwen/43_E8C7.svg;https://img.zdic.net/zy/jiaguwen/43_E8C8.svg;https://img.zdic.net/zy/jiaguwen/43_E8C9.svg;https://img.zdic.net/zy/jiaguwen/43_E8CA.svg;https://img.zdic.net/zy/jiaguwen/43_E8CB.svg;https://img.zdic.net/zy/jiaguwen/43_E8CC.svg;https://img.zdic.net/zy/jiaguwen/43_E8CD.svg;https://img.zdic.net/zy/jiaguwen/43_E8CE.svg;https://img.zdic.net/zy/jiaguwen/43_E8CF.svg;https://img.zdic.net/zy/jiaguwen/43_E8D0.svg;https://img.zdic.net/zy/jiaguwen/43_E8D1.svg;https://img.zdic.net/zy/jiaguwen/43_E8D2.svg;https://img.zdic.net/zy/jiaguwen/43_E8D3.svg;https://img.zdic.net/zy/jiaguwen/43_E8D4.svg;https://img.zdic.net/zy/jiaguwen/43_E8D5.svg,glyphs/0091_沉_0.png;glyphs/0091_沉_1.png;glyphs/0091_沉_2.png;glyphs/0091_沉_3.png;glyphs/0091_沉_4.png;glyphs/0091_沉_5.png;glyphs/0091_沉_6.png;glyphs/0091_沉_7.png;glyphs/0091_沉_8.png;glyphs/0091_沉_9.png;glyphs/0091_沉_10.png;glyphs/0091_沉_11.png;glyphs/0091_沉_12.png;glyphs/0091_沉_13.png;glyphs/0091_沉_14.png;glyphs/0091_沉_15.png;glyphs/0091_沉_16.png;glyphs/0091_沉_17.png;glyphs/0091_沉_18.png;glyphs/0091_沉_19.png;glyphs/0091_沉_20.png;glyphs/0091_沉_21.png;glyphs/0091_沉_22.png;glyphs/0091_沉_23.png;glyphs/0091_沉_24.png
92,泱,淡蓝 #7396FF,L1,实证错配·与金文表同图,hans（/泱/jiaguwen）,https://www.zdic.net/hans/泱/jiaguwen,11,泱甲3512 合10067 賓組,泱甲3512 合10067 賓組 | 泱鐵196.1 合7954 | 泱鐵272.1 合1090 𠂤賓間 | 泱拾11.3 合3368 賓組 | 泱菁3.1 合10405 賓組 | 泱鄴初下.42.7 合3025 賓組 | 泱珠838 合3008 賓組 | 泱林1.20.4 合3020 | 泱京津250 合17593 | 泱無想134 | 泱京都75 合3017 賓組,https://img.zdic.net/zy/jiaguwen/45_E003.svg;https://img.zdic.net/zy/jiaguwen/45_E004.svg;https://img.zdic.net/zy/jiaguwen/45_E005.svg;https://img.zdic.net/zy/jiaguwen/45_E006.svg;https://img.zdic.net/zy/jiaguwen/45_E007.svg;https://img.zdic.net/zy/jiaguwen/45_E008.svg;https://img.zdic.net/zy/jiaguwen/45_E009.svg;https://img.zdic.net/zy/jiaguwen/45_E00A.svg;https://img.zdic.net/zy/jiaguwen/45_E00B.svg;https://img.zdic.net/zy/jiaguwen/45_E00C.svg;https://img.zdic.net/zy/jiaguwen/45_E00D.svg,glyphs/0092_泱_0.png;glyphs/0092_泱_1.png;glyphs/0092_泱_2.png;glyphs/0092_泱_3.png;glyphs/0092_泱_4.png;glyphs/0092_泱_5.png;glyphs/0092_泱_6.png;glyphs/0092_泱_7.png;glyphs/0092_泱_8.png;glyphs/0092_泱_9.png;glyphs/0092_泱_10.png
93,洢,蓝块占位,none,原表无字形,hans（/洢/jiaguwen）,https://www.zdic.net/hans/洢/jiaguwen,24,洢甲564 合32793 歷組,洢甲564 合32793 歷組 | 洢甲744 合27659 | 洢甲828 合34151 | 洢後1.22.1 合32103 歷組 | 洢後1.22.2 合27134 何組 | 洢後1.22.10 | 洢後1.26.10 合32107 歷組 | 洢後2.21.2 合32933 歷組 | 洢戩9.2 合32801 歷組 | 洢佚210 合32228 歷組 | 洢佚374 合33694 歷組 | 洢佚374 合33694 歷組 | 洢佚913 合32897 歷組 | 洢明藏493 | 洢明藏497 | 洢粹194 合32786 歷組 | 洢京津3298 合23563 出組 | 洢京津3953 合27664 無名組 | 洢京津3955 合33329 歷組 | 洢寧滬1.237 合32790 歷組 | 洢前8.1.2 合21576 子組 | 洢菁11.18 合21574 | 洢戩9.3 合22585 | 洢京都2998 合19835 𠂤歷間,https://img.zdic.net/zy/jiaguwen/42_F49C.svg;https://img.zdic.net/zy/jiaguwen/42_F49D.svg;https://img.zdic.net/zy/jiaguwen/42_F49E.svg;https://img.zdic.net/zy/jiaguwen/42_F49F.svg;https://img.zdic.net/zy/jiaguwen/42_F4A0.svg;https://img.zdic.net/zy/jiaguwen/42_F4A1.svg;https://img.zdic.net/zy/jiaguwen/42_F4A2.svg;https://img.zdic.net/zy/jiaguwen/42_F4A3.svg;https://img.zdic.net/zy/jiaguwen/42_F4A4.svg;https://img.zdic.net/zy/jiaguwen/42_F4A5.svg;https://img.zdic.net/zy/jiaguwen/42_F4A6.svg;https://img.zdic.net/zy/jiaguwen/42_F4A7.svg;https://img.zdic.net/zy/jiaguwen/42_F4A8.svg;https://img.zdic.net/zy/jiaguwen/42_F4A9.svg;https://img.zdic.net/zy/jiaguwen/42_F4AA.svg;https://img.zdic.net/zy/jiaguwen/42_F4AB.svg;https://img.zdic.net/zy/jiaguwen/42_F4AC.svg;https://img.zdic.net/zy/jiaguwen/42_F4AD.svg;https://img.zdic.net/zy/jiaguwen/42_F4AE.svg;https://img.zdic.net/zy/jiaguwen/42_F4AF.svg;https://img.zdic.net/zy/jiaguwen/42_F4B0.svg;https://img.zdic.net/zy/jiaguwen/42_F4B1.svg;https://img.zdic.net/zy/jiaguwen/42_F4B2.svg;https://img.zdic.net/zy/jiaguwen/42_F4B3.svg,glyphs/0093_洢_0.png;glyphs/0093_洢_1.png;glyphs/0093_洢_2.png;glyphs/0093_洢_3.png;glyphs/0093_洢_4.png;glyphs/0093_洢_5.png;glyphs/0093_洢_6.png;glyphs/0093_洢_7.png;glyphs/0093_洢_8.png;glyphs/0093_洢_9.png;glyphs/0093_洢_10.png;glyphs/0093_洢_11.png;glyphs/0093_洢_12.png;glyphs/0093_洢_13.png;glyphs/0093_洢_14.png;glyphs/0093_洢_15.png;glyphs/0093_洢_16.png;glyphs/0093_洢_17.png;glyphs/0093_洢_18.png;glyphs/0093_洢_19.png;glyphs/0093_洢_20.png;glyphs/0093_洢_21.png;glyphs/0093_洢_22.png;glyphs/0093_洢_23.png
94,洧,淡蓝 #7396FF,L1,实证错配·与金文表同图,hans（/洧/jiaguwen）,https://www.zdic.net/hans/洧/jiaguwen,3,洧餘15.4 合18771 賓組,洧餘15.4 合18771 賓組 | 洧佚242 合20569 𠂤組 | 洧庫641 合40733,https://img.zdic.net/zy/jiaguwen/43_E82C.svg;https://img.zdic.net/zy/jiaguwen/43_E82D.svg;https://img.zdic.net/zy/jiaguwen/43_E82E.svg,glyphs/0094_洧_0.png;glyphs/0094_洧_1.png;glyphs/0094_洧_2.png
95,浸,淡蓝 #7396FF,L1,实证错配·与金文表同图,hans（/浸/jiaguwen）,https://www.zdic.net/hans/浸/jiaguwen,2,浸佚446 合13574,浸佚446 合13574 | 浸佚845,https://img.zdic.net/zy/jiaguwen/43_E857.svg;https://img.zdic.net/zy/jiaguwen/43_E858.svg,glyphs/0095_浸_0.png;glyphs/0095_浸_1.png
96,涉,深色,ok,—,hans（/涉/jiaguwen）,https://www.zdic.net/hans/涉/jiaguwen,26,涉佚830 合22517,涉佚830 合22517 | 涉京津4409 合32903 歷組 | 涉京津4409 合32903 歷組 | 涉京津4470 合28883 無名組 | 涉誠373 合21256 𠂤組 | 涉佚868 合8322 | 涉乙79 合20556 𠂤組 | 涉佚38 合34010 𠂤歷間 | 涉佚647 合8345 賓組 | 涉佚699 合8323 | 涉甲296 合10604 | 涉甲411 合32951 | 涉甲3916 合30439 何組 | 涉乙6377 合14022 賓組 | 涉乙7693 合15950 賓組 | 涉鐵62.1 合20630 𠂤組 | 涉前1.53.3 合1984 | 涉前6.13.1 合21893 子組 | 涉前7.39.2 合22086 子組 | 涉戩38.10 合19280 賓組 | 涉明藏219 | 涉寧滬1.17 合28099 歷組 | 涉粹1178 合31983 歷組 | 涉燕592 合14773 | 涉乙5317 合1051 賓組 | 涉師友1.98,https://img.zdic.net/zy/jiaguwen/43_E978.svg;https://img.zdic.net/zy/jiaguwen/43_E979.svg;https://img.zdic.net/zy/jiaguwen/43_E97A.svg;https://img.zdic.net/zy/jiaguwen/43_E97B.svg;https://img.zdic.net/zy/jiaguwen/43_E97C.svg;https://img.zdic.net/zy/jiaguwen/43_E97D.svg;https://img.zdic.net/zy/jiaguwen/43_E97E.svg;https://img.zdic.net/zy/jiaguwen/43_E97F.svg;https://img.zdic.net/zy/jiaguwen/43_E980.svg;https://img.zdic.net/zy/jiaguwen/43_E981.svg;https://img.zdic.net/zy/jiaguwen/43_E982.svg;https://img.zdic.net/zy/jiaguwen/43_E983.svg;https://img.zdic.net/zy/jiaguwen/43_E984.svg;https://img.zdic.net/zy/jiaguwen/43_E985.svg;https://img.zdic.net/zy/jiaguwen/43_E986.svg;https://img.zdic.net/zy/jiaguwen/43_E987.svg;https://img.zdic.net/zy/jiaguwen/43_E988.svg;https://img.zdic.net/zy/jiaguwen/43_E989.svg;https://img.zdic.net/zy/jiaguwen/43_E98A.svg;https://img.zdic.net/zy/jiaguwen/43_E98B.svg;https://img.zdic.net/zy/jiaguwen/43_E98C.svg;https://img.zdic.net/zy/jiaguwen/43_E98D.svg;https://img.zdic.net/zy/jiaguwen/43_E98E.svg;https://img.zdic.net/zy/jiaguwen/43_E98F.svg;https://img.zdic.net/zy/jiaguwen/43_E990.svg;https://img.zdic.net/zy/jiaguwen/43_E991.svg,glyphs/0096_涉_0.png;glyphs/0096_涉_1.png;glyphs/0096_涉_2.png;glyphs/0096_涉_3.png;glyphs/0096_涉_4.png;glyphs/0096_涉_5.png;glyphs/0096_涉_6.png;glyphs/0096_涉_7.png;glyphs/0096_涉_8.png;glyphs/0096_涉_9.png;glyphs/0096_涉_10.png;glyphs/0096_涉_11.png;glyphs/0096_涉_12.png;glyphs/0096_涉_13.png;glyphs/0096_涉_14.png;glyphs/0096_涉_15.png;glyphs/0096_涉_16.png;glyphs/0096_涉_17.png;glyphs/0096_涉_18.png;glyphs/0096_涉_19.png;glyphs/0096_涉_20.png;glyphs/0096_涉_21.png;glyphs/0096_涉_22.png;glyphs/0096_涉_23.png;glyphs/0096_涉_24.png;glyphs/0096_涉_25.png
97,淅,淡蓝 #7396FF,L1,实证错配·与金文表同图,hans（/淅/jiaguwen）,https://www.zdic.net/hans/淅/jiaguwen,11,淅乙1182 合18415 賓組,淅乙1182 合18415 賓組 | 淅乙1586 合14161 賓組 | 淅河721 合24359 出組 | 淅河723 合24359 出組 | 淅河735 合24262 出組 | 淅河828 合4742 賓組 | 淅掇2.158 合14294 賓組 | 淅中大168 | 淅金472 合40550 | 淅京都3240 合22213 子組 | 淅乙1481 合22023 子組,https://img.zdic.net/zy/jiaguwen/42_EABF.svg;https://img.zdic.net/zy/jiaguwen/42_EAC0.svg;https://img.zdic.net/zy/jiaguwen/42_EAC1.svg;https://img.zdic.net/zy/jiaguwen/42_EAC2.svg;https://img.zdic.net/zy/jiaguwen/42_EAC3.svg;https://img.zdic.net/zy/jiaguwen/42_EAC4.svg;https://img.zdic.net/zy/jiaguwen/42_EAC5.svg;https://img.zdic.net/zy/jiaguwen/42_EAC6.svg;https://img.zdic.net/zy/jiaguwen/42_EAC7.svg;https://img.zdic.net/zy/jiaguwen/42_EAC8.svg;https://img.zdic.net/zy/jiaguwen/42_EA93.svg,glyphs/0097_淅_0.png;glyphs/0097_淅_1.png;glyphs/0097_淅_2.png;glyphs/0097_淅_3.png;glyphs/0097_淅_4.png;glyphs/0097_淅_5.png;glyphs/0097_淅_6.png;glyphs/0097_淅_7.png;glyphs/0097_淅_8.png;glyphs/0097_淅_9.png;glyphs/0097_淅_10.png
98,淮,深色,ok,—,hans（/淮/jiaguwen）,https://www.zdic.net/hans/淮/jiaguwen,5,淮前2.16.2 合35913 黃組,淮前2.16.2 合35913 黃組 | 淮續3.30.6 合36956 黃組 | 淮鄴2下.37.13 | 淮金574 合41762 黃組 | 淮京津5300 合37658,https://img.zdic.net/zy/jiaguwen/43_E827.svg;https://img.zdic.net/zy/jiaguwen/43_E828.svg;https://img.zdic.net/zy/jiaguwen/43_E829.svg;https://img.zdic.net/zy/jiaguwen/43_E82A.svg;https://img.zdic.net/zy/jiaguwen/43_E82B.svg,glyphs/0098_淮_0.png;glyphs/0098_淮_1.png;glyphs/0098_淮_2.png;glyphs/0098_淮_3.png;glyphs/0098_淮_4.png
99,深,深色,ok,—,hans（/深/jiaguwen）,https://www.zdic.net/hans/深/jiaguwen,3,深合5362 合5362 賓組,深合5362 合5362 賓組 | 深合557 合557 賓組 | 深合18765 合18765 賓組,https://img.zdic.net/zy/jiaguwen/44_E264.svg;https://img.zdic.net/zy/jiaguwen/44_E265.svg;https://img.zdic.net/zy/jiaguwen/44_E266.svg,glyphs/0099_深_0.png;glyphs/0099_深_1.png;glyphs/0099_深_2.png
100,渔,深色,ok,—,hans（/渔/jiaguwen）,https://www.zdic.net/hans/渔/jiaguwen,29,渔甲1085 合8108 賓組,渔甲1085 合8108 賓組 | 渔鐵184.1 合2978 | 渔拾2.5 合2977 | 渔前1.25.2 合2976 | 渔前5.44.2 | 渔前5.44.4 合2972 賓組 | 渔前7.9.1 合2996 | 渔前7.13.3 合2984 賓組 | 渔後1.27.2 | 渔後1.28.11 合14831 | 渔林1.7.5 合3081 | 渔粹877 合9980 | 渔粹1263 合32780 歷組 | 渔續3.47.3 合13723 賓組 | 渔續3.47.4 合3004 賓組 | 渔寧滬2.48 合2985 賓組 | 渔簠人90 合2982 | 渔佚656 合28430 無名組 | 渔佚902 合3004 賓組 | 渔佚926 合33162 歷組 | 渔前6.50.7 合10475 𠂤賓間 | 渔京津1516 合10476 𠂤賓間 | 渔佚524 合13619 賓組 | 渔佚902 合3004 賓組 | 渔鄴初下.44.8 合729 賓組 | 渔甲3913 合28011 何組 | 渔後2.35.1 合52 賓組 | 渔粹1309 合28428 無名組 | 渔粹1565 合28429 無名組,https://img.zdic.net/zy/jiaguwen/43_EB11.svg;https://img.zdic.net/zy/jiaguwen/43_EB12.svg;https://img.zdic.net/zy/jiaguwen/43_EB13.svg;https://img.zdic.net/zy/jiaguwen/43_EB14.svg;https://img.zdic.net/zy/jiaguwen/43_EB15.svg;https://img.zdic.net/zy/jiaguwen/43_EB16.svg;https://img.zdic.net/zy/jiaguwen/43_EB17.svg;https://img.zdic.net/zy/jiaguwen/43_EB18.svg;https://img.zdic.net/zy/jiaguwen/43_EB19.svg;https://img.zdic.net/zy/jiaguwen/43_EB1A.svg;https://img.zdic.net/zy/jiaguwen/43_EB1B.svg;https://img.zdic.net/zy/jiaguwen/43_EB1C.svg;https://img.zdic.net/zy/jiaguwen/43_EB1D.svg;https://img.zdic.net/zy/jiaguwen/43_EB1E.svg;https://img.zdic.net/zy/jiaguwen/43_EB1F.svg;https://img.zdic.net/zy/jiaguwen/43_EB20.svg;https://img.zdic.net/zy/jiaguwen/43_EB21.svg;https://img.zdic.net/zy/jiaguwen/43_EB22.svg;https://img.zdic.net/zy/jiaguwen/43_EB23.svg;https://img.zdic.net/zy/jiaguwen/43_EB24.svg;https://img.zdic.net/zy/jiaguwen/43_EB25.svg;https://img.zdic.net/zy/jiaguwen/43_EB26.svg;https://img.zdic.net/zy/jiaguwen/43_EB27.svg;https://img.zdic.net/zy/jiaguwen/43_EB28.svg;https://img.zdic.net/zy/jiaguwen/43_EB29.svg;https://img.zdic.net/zy/jiaguwen/43_EB2F.svg;https://img.zdic.net/zy/jiaguwen/43_EB30.svg;https://img.zdic.net/zy/jiaguwen/43_EB31.svg;https://img.zdic.net/zy/jiaguwen/43_EB32.svg,glyphs/0100_渔_0.png;glyphs/0100_渔_1.png;glyphs/0100_渔_2.png;glyphs/0100_渔_3.png;glyphs/0100_渔_4.png;glyphs/0100_渔_5.png;glyphs/0100_渔_6.png;glyphs/0100_渔_7.png;glyphs/0100_渔_8.png;glyphs/0100_渔_9.png;glyphs/0100_渔_10.png;glyphs/0100_渔_11.png;glyphs/0100_渔_12.png;glyphs/0100_渔_13.png;glyphs/0100_渔_14.png;glyphs/0100_渔_15.png;glyphs/0100_渔_16.png;glyphs/0100_渔_17.png;glyphs/0100_渔_18.png;glyphs/0100_渔_19.png;glyphs/0100_渔_20.png;glyphs/0100_渔_21.png;glyphs/0100_渔_22.png;glyphs/0100_渔_23.png;glyphs/0100_渔_24.png;glyphs/0100_渔_25.png;glyphs/0100_渔_26.png;glyphs/0100_渔_27.png;glyphs/0100_渔_28.png
101,潦,深色,ok,—,hans（/潦/jiaguwen）,https://www.zdic.net/hans/潦/jiaguwen,1,潦河680 合24423 出組,潦河680 合24423 出組,https://img.zdic.net/zy/jiaguwen/43_E8AD.svg,glyphs/0101_潦_0.png
102,澈,淡蓝 #7396FF,L1,实证错配·与金文表同图,hans（/澈/jiaguwen）,https://www.zdic.net/hans/澈/jiaguwen,11,澈前2.9.5 合8074 賓組,澈前2.9.5 合8074 賓組 | 澈前2.9.6 合36567 黃組 | 澈前6.35.1 合8073 賓組 | 澈續2.9.9 合23431 出組 | 澈河474 合1023 𠂤賓間 | 澈師友1.162 | 澈寧滬2.13 合2699 | 澈燕647 合8077 賓組 | 澈佚366 合8072 賓組 | 澈佚990 合10921 賓組 | 澈陳123 合8072 賓組,https://img.zdic.net/zy/jiaguwen/41_F1D0.svg;https://img.zdic.net/zy/jiaguwen/41_F1D1.svg;https://img.zdic.net/zy/jiaguwen/41_F1D2.svg;https://img.zdic.net/zy/jiaguwen/41_F1D3.svg;https://img.zdic.net/zy/jiaguwen/41_F1D4.svg;https://img.zdic.net/zy/jiaguwen/41_F1D5.svg;https://img.zdic.net/zy/jiaguwen/41_F1D6.svg;https://img.zdic.net/zy/jiaguwen/41_F1D7.svg;https://img.zdic.net/zy/jiaguwen/41_F1D8.svg;https://img.zdic.net/zy/jiaguwen/41_F1D9.svg;https://img.zdic.net/zy/jiaguwen/41_F1DA.svg,glyphs/0102_澈_0.png;glyphs/0102_澈_1.png;glyphs/0102_澈_2.png;glyphs/0102_澈_3.png;glyphs/0102_澈_4.png;glyphs/0102_澈_5.png;glyphs/0102_澈_6.png;glyphs/0102_澈_7.png;glyphs/0102_澈_8.png;glyphs/0102_澈_9.png;glyphs/0102_澈_10.png
103,濩,深色,ok,—,hans（/濩/jiaguwen）,https://www.zdic.net/hans/濩/jiaguwen,6,濩前1.3.5 合35500,濩前1.3.5 合35500 | 濩林2.16.21 合35516 | 濩佚912 合23070 | 濩佚918 合35681 | 濩前5.36.2 合38723 | 濩前5.36.3 合15866,https://img.zdic.net/zy/jiaguwen/43_E8AE.svg;https://img.zdic.net/zy/jiaguwen/43_E8AF.svg;https://img.zdic.net/zy/jiaguwen/43_E8B0.svg;https://img.zdic.net/zy/jiaguwen/43_E8B1.svg;https://img.zdic.net/zy/jiaguwen/43_E8B2.svg;https://img.zdic.net/zy/jiaguwen/43_E8B3.svg,glyphs/0103_濩_0.png;glyphs/0103_濩_1.png;glyphs/0103_濩_2.png;glyphs/0103_濩_3.png;glyphs/0103_濩_4.png;glyphs/0103_濩_5.png
104,炳,淡蓝 #7396FF,L1,实证错配·与金文表同图,hans（/炳/jiaguwen）,https://www.zdic.net/hans/炳/jiaguwen,8,炳前1.36.6 合23395 賓組,炳前1.36.6 合23395 賓組 | 炳林1.5.12 合23396 | 炳續1.21.2 合27313 | 炳粹146 合27110 何組 | 炳粹234 合27200 何組 | 炳摭續277 合35292 | 炳輔仁57 | 炳庫1719,https://img.zdic.net/zy/jiaguwen/41_EBC8.svg;https://img.zdic.net/zy/jiaguwen/41_EBC9.svg;https://img.zdic.net/zy/jiaguwen/41_EBCA.svg;https://img.zdic.net/zy/jiaguwen/41_EBCB.svg;https://img.zdic.net/zy/jiaguwen/41_EBCC.svg;https://img.zdic.net/zy/jiaguwen/41_EBCD.svg;https://img.zdic.net/zy/jiaguwen/41_EBCE.svg;https://img.zdic.net/zy/jiaguwen/41_EBCF.svg,glyphs/0104_炳_0.png;glyphs/0104_炳_1.png;glyphs/0104_炳_2.png;glyphs/0104_炳_3.png;glyphs/0104_炳_4.png;glyphs/0104_炳_5.png;glyphs/0104_炳_6.png;glyphs/0104_炳_7.png
105,燔,淡蓝 #7396FF,L1,实证错配·与金文表同图,hans（/燔/jiaguwen）,https://www.zdic.net/hans/燔/jiaguwen,22,燔鐵87.1 合10677 賓組,燔鐵87.1 合10677 賓組 | 燔鐵87.1 合10677 賓組 | 燔後2.9.2 合10677 賓組 | 燔後2.9.3 合10680 賓組 | 燔乙4995 合11008 賓組 | 燔乙5594 合11007 賓組 | 燔寧滬2.29 合583 賓組 | 燔簠雜68 合584 賓組 | 燔存2005 合10681 賓組 | 燔後2.4.5 合10685 賓組 | 燔簠帝146 合35887 黃組 | 燔摭續121 合28799 無名組 | 燔金211 | 燔甲598 合28800 無名組 | 燔乙29 合20768 𠂤組 | 燔乙47 合20709 𠂤組 | 燔乙123 合20766 | 燔誠488 合28802 無名組 | 燔乙5500 合10198 賓組 | 燔京津1437 | 燔前1.33.1 合10682 賓組 | 燔明藏701,https://img.zdic.net/zy/jiaguwen/43_E58A.svg;https://img.zdic.net/zy/jiaguwen/43_E58B.svg;https://img.zdic.net/zy/jiaguwen/43_E58C.svg;https://img.zdic.net/zy/jiaguwen/43_E58D.svg;https://img.zdic.net/zy/jiaguwen/43_E58E.svg;https://img.zdic.net/zy/jiaguwen/43_E58F.svg;https://img.zdic.net/zy/jiaguwen/43_E590.svg;https://img.zdic.net/zy/jiaguwen/43_E591.svg;https://img.zdic.net/zy/jiaguwen/43_E592.svg;https://img.zdic.net/zy/jiaguwen/43_E593.svg;https://img.zdic.net/zy/jiaguwen/43_E594.svg;https://img.zdic.net/zy/jiaguwen/43_E595.svg;https://img.zdic.net/zy/jiaguwen/43_E596.svg;https://img.zdic.net/zy/jiaguwen/43_E597.svg;https://img.zdic.net/zy/jiaguwen/43_E598.svg;https://img.zdic.net/zy/jiaguwen/43_E599.svg;https://img.zdic.net/zy/jiaguwen/43_E59A.svg;https://img.zdic.net/zy/jiaguwen/43_E59B.svg;https://img.zdic.net/zy/jiaguwen/43_E59C.svg;https://img.zdic.net/zy/jiaguwen/43_E59D.svg;https://img.zdic.net/zy/jiaguwen/43_E59E.svg;https://img.zdic.net/zy/jiaguwen/43_E59F.svg,glyphs/0105_燔_0.png;glyphs/0105_燔_1.png;glyphs/0105_燔_2.png;glyphs/0105_燔_3.png;glyphs/0105_燔_4.png;glyphs/0105_燔_5.png;glyphs/0105_燔_6.png;glyphs/0105_燔_7.png;glyphs/0105_燔_8.png;glyphs/0105_燔_9.png;glyphs/0105_燔_10.png;glyphs/0105_燔_11.png;glyphs/0105_燔_12.png;glyphs/0105_燔_13.png;glyphs/0105_燔_14.png;glyphs/0105_燔_15.png;glyphs/0105_燔_16.png;glyphs/0105_燔_17.png;glyphs/0105_燔_18.png;glyphs/0105_燔_19.png;glyphs/0105_燔_20.png;glyphs/0105_燔_21.png
106,牲,淡蓝 #7396FF,L2,淡蓝同批·待核,hans（/牲/jiaguwen）,https://www.zdic.net/hans/牲/jiaguwen,1,牲天52 合5659 賓組,牲天52 合5659 賓組,https://img.zdic.net/zy/jiaguwen/41_E48B.svg,glyphs/0106_牲_0.png
107,犒,淡蓝 #7396FF,L1,实证错配·与金文表同图,hans（/犒/jiaguwen）,https://www.zdic.net/hans/犒/jiaguwen,1,犒拾5.13 合28132 無名組,犒拾5.13 合28132 無名組,https://img.zdic.net/zy/jiaguwen/42_EA85.svg,glyphs/0107_犒_0.png
108,狐,深色,ok,—,hans（/狐/jiaguwen）,https://www.zdic.net/hans/狐/jiaguwen,19,狐甲318 合37774,狐甲318 合37774 | 狐甲1282 合28322 何組 | 狐前2.27.1 合37380 黃組 | 狐前2.27.5 合37473 黃組 | 狐前2.29.1 合37476 | 狐前2.34.6 合37486 | 狐前2.35.4 合37434 黃組 | 狐前4.36.3 合37410 黃組 | 狐後2.15.12 合10254 | 狐後2.41.13 合28318 歷無名間 | 狐後2.41.13 合28318 歷無名間 | 狐粹924 合28316 出組 | 狐粹956 合37499 | 狐佚81 合28316 出組 | 狐佚547 合37471 黃組 | 狐存下359 合10258 | 狐續3.27.3 合37492 黃組 | 狐佚785 合10256 | 狐林1.7.13 合37419 黃組,https://img.zdic.net/zy/jiaguwen/43_E4F8.svg;https://img.zdic.net/zy/jiaguwen/43_E4F9.svg;https://img.zdic.net/zy/jiaguwen/43_E4FA.svg;https://img.zdic.net/zy/jiaguwen/43_E4FB.svg;https://img.zdic.net/zy/jiaguwen/43_E4FC.svg;https://img.zdic.net/zy/jiaguwen/43_E4FD.svg;https://img.zdic.net/zy/jiaguwen/43_E4FE.svg;https://img.zdic.net/zy/jiaguwen/43_E4FF.svg;https://img.zdic.net/zy/jiaguwen/43_E500.svg;https://img.zdic.net/zy/jiaguwen/43_E501.svg;https://img.zdic.net/zy/jiaguwen/43_E502.svg;https://img.zdic.net/zy/jiaguwen/43_E503.svg;https://img.zdic.net/zy/jiaguwen/43_E504.svg;https://img.zdic.net/zy/jiaguwen/43_E505.svg;https://img.zdic.net/zy/jiaguwen/43_E506.svg;https://img.zdic.net/zy/jiaguwen/43_E507.svg;https://img.zdic.net/zy/jiaguwen/43_E508.svg;https://img.zdic.net/zy/jiaguwen/43_E509.svg;https://img.zdic.net/zy/jiaguwen/43_E50A.svg,glyphs/0108_狐_0.png;glyphs/0108_狐_1.png;glyphs/0108_狐_2.png;glyphs/0108_狐_3.png;glyphs/0108_狐_4.png;glyphs/0108_狐_5.png;glyphs/0108_狐_6.png;glyphs/0108_狐_7.png;glyphs/0108_狐_8.png;glyphs/0108_狐_9.png;glyphs/0108_狐_10.png;glyphs/0108_狐_11.png;glyphs/0108_狐_12.png;glyphs/0108_狐_13.png;glyphs/0108_狐_14.png;glyphs/0108_狐_15.png;glyphs/0108_狐_16.png;glyphs/0108_狐_17.png;glyphs/0108_狐_18.png
109,狩,深色,ok,—,hans（/狩/jiaguwen）,https://www.zdic.net/hans/狩/jiaguwen,1,狩鐵10.3 合6121,狩鐵10.3 合6121,https://img.zdic.net/zy/jiaguwen/43_E4BA.svg,glyphs/0109_狩_0.png
110,琈,蓝块占位,none,原表无字形,hans（/琈/jiaguwen）,https://www.zdic.net/hans/琈/jiaguwen,1,琈乙6694 合903 賓組,琈乙6694 合903 賓組,https://img.zdic.net/zy/jiaguwen/41_EDF9.svg,glyphs/0110_琈_0.png
111,瑄,蓝块占位,none,原表无字形,hans（/瑄/jiaguwen）,https://www.zdic.net/hans/瑄/jiaguwen,3,瑄後1.24.7 合28003 無名組,瑄後1.24.7 合28003 無名組 | 瑄戩49.9 合28137 無名組 | 瑄掇1.459 合30374 無名組,https://img.zdic.net/zy/jiaguwen/42_F1DB.svg;https://img.zdic.net/zy/jiaguwen/42_F1DC.svg;https://img.zdic.net/zy/jiaguwen/42_F1DD.svg,glyphs/0111_瑄_0.png;glyphs/0111_瑄_1.png;glyphs/0111_瑄_2.png
112,甭,淡蓝 #7396FF,L1,实证错配·与金文表同图,hans（/甭/jiaguwen）,https://www.zdic.net/hans/甭/jiaguwen,2,甭後2.21.14 合8451 賓組,甭後2.21.14 合8451 賓組 | 甭後2.7.13 合9100 賓組,https://img.zdic.net/zy/jiaguwen/42_E0DF.svg;https://img.zdic.net/zy/jiaguwen/42_E0E0.svg,glyphs/0112_甭_0.png;glyphs/0112_甭_1.png
113,畋,深色,ok,—,hans（/畋/jiaguwen）,https://www.zdic.net/hans/畋/jiaguwen,5,畋乙324 合21622 子組,畋乙324 合21622 子組 | 畋乙428 合21321 𠂤組 | 畋乙454 合20746 𠂤組 | 畋拾9.7 合20745 𠂤組 | 畋前6.11.2 合20744 𠂤組,https://img.zdic.net/zy/jiaguwen/41_F23F.svg;https://img.zdic.net/zy/jiaguwen/41_F240.svg;https://img.zdic.net/zy/jiaguwen/41_F241.svg;https://img.zdic.net/zy/jiaguwen/41_F242.svg;https://img.zdic.net/zy/jiaguwen/41_F243.svg,glyphs/0113_畋_0.png;glyphs/0113_畋_1.png;glyphs/0113_畋_2.png;glyphs/0113_畋_3.png;glyphs/0113_畋_4.png
114,疐,深色,ok,—,hans（/疐/jiaguwen）,https://www.zdic.net/hans/疐/jiaguwen,20,疐前2.27.8 合37750,疐前2.27.8 合37750 | 疐前2.30.1 合37367 黃組 | 疐前2.30.2 合37618 | 疐前2.30.6 合38186 黃組 | 疐前2.34.3 合37678 | 疐前2.38.7 | 疐前2.39.5 合37761 | 疐前2.39.7 合37766 黃組 | 疐前2.41.6 合37578 | 疐甲318 合37774 | 疐續3.16.9 合36760 | 疐續3.17.7 合37754 | 疐佚434 合37497 黃組 | 疐粹1196 合31136 無名組 | 疐京津5284 合37497 黃組 | 疐珠125 合37748 黃組 | 疐京都1957 | 疐存2236 合33155 | 疐前2.32.7 合37494 黃組 | 疐菁9.15 合37661 黃組,https://img.zdic.net/zy/jiaguwen/42_E18D.svg;https://img.zdic.net/zy/jiaguwen/42_E18E.svg;https://img.zdic.net/zy/jiaguwen/42_E18F.svg;https://img.zdic.net/zy/jiaguwen/42_E190.svg;https://img.zdic.net/zy/jiaguwen/42_E191.svg;https://img.zdic.net/zy/jiaguwen/42_E192.svg;https://img.zdic.net/zy/jiaguwen/42_E193.svg;https://img.zdic.net/zy/jiaguwen/42_E194.svg;https://img.zdic.net/zy/jiaguwen/42_E195.svg;https://img.zdic.net/zy/jiaguwen/42_E196.svg;https://img.zdic.net/zy/jiaguwen/42_E197.svg;https://img.zdic.net/zy/jiaguwen/42_E198.svg;https://img.zdic.net/zy/jiaguwen/42_E199.svg;https://img.zdic.net/zy/jiaguwen/42_E19A.svg;https://img.zdic.net/zy/jiaguwen/42_E19B.svg;https://img.zdic.net/zy/jiaguwen/42_E19C.svg;https://img.zdic.net/zy/jiaguwen/42_E19D.svg;https://img.zdic.net/zy/jiaguwen/42_E19E.svg;https://img.zdic.net/zy/jiaguwen/42_E19F.svg;https://img.zdic.net/zy/jiaguwen/42_E1A0.svg,glyphs/0114_疐_0.png;glyphs/0114_疐_1.png;glyphs/0114_疐_2.png;glyphs/0114_疐_3.png;glyphs/0114_疐_4.png;glyphs/0114_疐_5.png;glyphs/0114_疐_6.png;glyphs/0114_疐_7.png;glyphs/0114_疐_8.png;glyphs/0114_疐_9.png;glyphs/0114_疐_10.png;glyphs/0114_疐_11.png;glyphs/0114_疐_12.png;glyphs/0114_疐_13.png;glyphs/0114_疐_14.png;glyphs/0114_疐_15.png;glyphs/0114_疐_16.png;glyphs/0114_疐_17.png;glyphs/0114_疐_18.png;glyphs/0114_疐_19.png
115,痘,淡蓝 #7396FF,L1,实证错配·与金文表同图,hans（/痘/jiaguwen）,https://www.zdic.net/hans/痘/jiaguwen,3,痘甲1613 合29364 何組,痘甲1613 合29364 何組 | 痘乙7978反 合6657反 賓組 | 痘後1.6.4 合22145 子組,https://img.zdic.net/zy/jiaguwen/42_E52F.svg;https://img.zdic.net/zy/jiaguwen/42_E530.svg;https://img.zdic.net/zy/jiaguwen/42_E531.svg,glyphs/0115_痘_0.png;glyphs/0115_痘_1.png;glyphs/0115_痘_2.png
116,痢,淡蓝 #7396FF,L1,实证错配·与金文表同图,hans（/痢/jiaguwen）,https://www.zdic.net/hans/痢/jiaguwen,22,痢甲1647 合29687 何組,痢甲1647 合29687 何組 | 痢甲2137 合31797 | 痢甲3914 合27146 何組 | 痢河608 合36424 黃組 | 痢前2.3.1 合36536 黃組 | 痢前2.18.2 合35346 黃組 | 痢前5.32.5 合36536 黃組 | 痢後2.13.6 合18401 | 痢粹673 合29880 | 痢粹1162 合28008 無名組 | 痢粹1505 | 痢粹1588 合28063 無名組 | 痢存2036 合31245 無名組 | 痢誠445 合31242 | 痢明藏834 | 痢珠675 合28863 何組 | 痢明1687 合7043 | 痢金511 合41866 黃組 | 痢佚457 合17611 | 痢佚878 合23360 | 痢燕731 合7044 𠂤賓間 | 痢京都1094A 合3651,https://img.zdic.net/zy/jiaguwen/42_E244.svg;https://img.zdic.net/zy/jiaguwen/42_E245.svg;https://img.zdic.net/zy/jiaguwen/42_E246.svg;https://img.zdic.net/zy/jiaguwen/42_E247.svg;https://img.zdic.net/zy/jiaguwen/42_E248.svg;https://img.zdic.net/zy/jiaguwen/42_E249.svg;https://img.zdic.net/zy/jiaguwen/42_E24A.svg;https://img.zdic.net/zy/jiaguwen/42_E24B.svg;https://img.zdic.net/zy/jiaguwen/42_E24C.svg;https://img.zdic.net/zy/jiaguwen/42_E24D.svg;https://img.zdic.net/zy/jiaguwen/42_E24E.svg;https://img.zdic.net/zy/jiaguwen/42_E24F.svg;https://img.zdic.net/zy/jiaguwen/42_E250.svg;https://img.zdic.net/zy/jiaguwen/42_E251.svg;https://img.zdic.net/zy/jiaguwen/42_E252.svg;https://img.zdic.net/zy/jiaguwen/42_E253.svg;https://img.zdic.net/zy/jiaguwen/42_E254.svg;https://img.zdic.net/zy/jiaguwen/42_E255.svg;https://img.zdic.net/zy/jiaguwen/42_E256.svg;https://img.zdic.net/zy/jiaguwen/42_E257.svg;https://img.zdic.net/zy/jiaguwen/42_E258.svg;https://img.zdic.net/zy/jiaguwen/42_E259.svg,glyphs/0116_痢_0.png;glyphs/0116_痢_1.png;glyphs/0116_痢_2.png;glyphs/0116_痢_3.png;glyphs/0116_痢_4.png;glyphs/0116_痢_5.png;glyphs/0116_痢_6.png;glyphs/0116_痢_7.png;glyphs/0116_痢_8.png;glyphs/0116_痢_9.png;glyphs/0116_痢_10.png;glyphs/0116_痢_11.png;glyphs/0116_痢_12.png;glyphs/0116_痢_13.png;glyphs/0116_痢_14.png;glyphs/0116_痢_15.png;glyphs/0116_痢_16.png;glyphs/0116_痢_17.png;glyphs/0116_痢_18.png;glyphs/0116_痢_19.png;glyphs/0116_痢_20.png;glyphs/0116_痢_21.png
117,瘌,淡蓝 #7396FF,L1,实证错配·与金文表同图,hans（/瘌/jiaguwen）,https://www.zdic.net/hans/瘌/jiaguwen,3,瘌甲624 合27884 無名組,瘌甲624 合27884 無名組 | 瘌甲1779 合16448 賓組 | 瘌坊間1.71,https://img.zdic.net/zy/jiaguwen/42_EC85.svg;https://img.zdic.net/zy/jiaguwen/42_EC86.svg;https://img.zdic.net/zy/jiaguwen/42_EC87.svg,glyphs/0117_瘌_0.png;glyphs/0117_瘌_1.png;glyphs/0117_瘌_2.png
118,皈,淡蓝 #7396FF,L1,实证错配·与金文表同图,hans（/皈/jiaguwen）,https://www.zdic.net/hans/皈/jiaguwen,27,皈後2.33.4 合28420,皈後2.33.4 合28420 | 皈後2.42.12 合30043 無名組 | 皈河604 合19513 賓組 | 皈甲427 合27796 何組 | 皈甲761 合27791 無名組 | 皈甲2129 合5732 | 皈甲3342 合4268 | 皈甲3479 合10146 | 皈乙7342 合3291 | 皈乙7393 合3291 | 皈乙7809 合272 賓組 | 皈乙8712 合22322 子組 | 皈鐵81.3 合6923 賓組 | 皈鐵152.1 合10719 賓組 | 皈前4.6.8 合6521 | 皈前8.1.6 合21644 子組 | 皈前8.6.3 合21661 子組 | 皈後1.30.5 合28021 無名組 | 皈後2.8.17 合30322 無名組 | 皈林1.6.14 合21596 | 皈粹221 | 皈粹1180 合33070 無名組 | 皈摭18 合4759 賓組 | 皈鄴2下.38.7 合5749 賓組 | 皈佚400 合10043 賓組 | 皈文管94 | 皈燕405 合19517,https://img.zdic.net/zy/jiaguwen/41_E76B.svg;https://img.zdic.net/zy/jiaguwen/41_E76C.svg;https://img.zdic.net/zy/jiaguwen/41_E76D.svg;https://img.zdic.net/zy/jiaguwen/41_E76E.svg;https://img.zdic.net/zy/jiaguwen/41_E76F.svg;https://img.zdic.net/zy/jiaguwen/41_E770.svg;https://img.zdic.net/zy/jiaguwen/41_E771.svg;https://img.zdic.net/zy/jiaguwen/41_E772.svg;https://img.zdic.net/zy/jiaguwen/41_E773.svg;https://img.zdic.net/zy/jiaguwen/41_E774.svg;https://img.zdic.net/zy/jiaguwen/41_E775.svg;https://img.zdic.net/zy/jiaguwen/41_E776.svg;https://img.zdic.net/zy/jiaguwen/41_E777.svg;https://img.zdic.net/zy/jiaguwen/41_E778.svg;https://img.zdic.net/zy/jiaguwen/41_E779.svg;https://img.zdic.net/zy/jiaguwen/41_E77A.svg;https://img.zdic.net/zy/jiaguwen/41_E77B.svg;https://img.zdic.net/zy/jiaguwen/41_E77C.svg;https://img.zdic.net/zy/jiaguwen/41_E77D.svg;https://img.zdic.net/zy/jiaguwen/41_E77E.svg;https://img.zdic.net/zy/jiaguwen/41_E77F.svg;https://img.zdic.net/zy/jiaguwen/41_E780.svg;https://img.zdic.net/zy/jiaguwen/41_E781.svg;https://img.zdic.net/zy/jiaguwen/41_E782.svg;https://img.zdic.net/zy/jiaguwen/41_E783.svg;https://img.zdic.net/zy/jiaguwen/41_E784.svg;https://img.zdic.net/zy/jiaguwen/41_E785.svg,glyphs/0118_皈_0.png;glyphs/0118_皈_1.png;glyphs/0118_皈_2.png;glyphs/0118_皈_3.png;glyphs/0118_皈_4.png;glyphs/0118_皈_5.png;glyphs/0118_皈_6.png;glyphs/0118_皈_7.png;glyphs/0118_皈_8.png;glyphs/0118_皈_9.png;glyphs/0118_皈_10.png;glyphs/0118_皈_11.png;glyphs/0118_皈_12.png;glyphs/0118_皈_13.png;glyphs/0118_皈_14.png;glyphs/0118_皈_15.png;glyphs/0118_皈_16.png;glyphs/0118_皈_17.png;glyphs/0118_皈_18.png;glyphs/0118_皈_19.png;glyphs/0118_皈_20.png;glyphs/0118_皈_21.png;glyphs/0118_皈_22.png;glyphs/0118_皈_23.png;glyphs/0118_皈_24.png;glyphs/0118_皈_25.png;glyphs/0118_皈_26.png
119,盂,深色,ok,—,hans（/盂/jiaguwen）,https://www.zdic.net/hans/盂/jiaguwen,18,盂甲357 合29098 無名組,盂甲357 合29098 無名組 | 盂甲505 合29116 無名組 | 盂甲506 合28965 無名組 | 盂甲1354 合29103 | 盂甲1650 合29324 何組 | 盂甲2395 合36513 黃組 | 盂甲2416 合36511 黃組 | 盂前2.38.2 合36514 黃組 | 盂後1.18.8 合29129 無名組 | 盂後1.20.9 合36521 黃組 | 盂戩11.7 合29095 | 盂粹779 合30271 無名組 | 盂粹835 合30270 無名組 | 盂京津4437 合29112 | 盂甲3939 合37398 無名黃間 | 盂佚800 合29101 | 盂京都2493 合33544 | 盂前5.5.6 合39476,https://img.zdic.net/zy/jiaguwen/42_E5EA.svg;https://img.zdic.net/zy/jiaguwen/42_E5EB.svg;https://img.zdic.net/zy/jiaguwen/42_E5EC.svg;https://img.zdic.net/zy/jiaguwen/42_E5ED.svg;https://img.zdic.net/zy/jiaguwen/42_E5EE.svg;https://img.zdic.net/zy/jiaguwen/42_E5EF.svg;https://img.zdic.net/zy/jiaguwen/42_E5F0.svg;https://img.zdic.net/zy/jiaguwen/42_E5F1.svg;https://img.zdic.net/zy/jiaguwen/42_E5F2.svg;https://img.zdic.net/zy/jiaguwen/42_E5F3.svg;https://img.zdic.net/zy/jiaguwen/42_E5F4.svg;https://img.zdic.net/zy/jiaguwen/42_E5F5.svg;https://img.zdic.net/zy/jiaguwen/42_E5F6.svg;https://img.zdic.net/zy/jiaguwen/42_E5F7.svg;https://img.zdic.net/zy/jiaguwen/42_E5F8.svg;https://img.zdic.net/zy/jiaguwen/42_E5F9.svg;https://img.zdic.net/zy/jiaguwen/42_E5FA.svg;https://img.zdic.net/zy/jiaguwen/42_E5FB.svg,glyphs/0119_盂_0.png;glyphs/0119_盂_1.png;glyphs/0119_盂_2.png;glyphs/0119_盂_3.png;glyphs/0119_盂_4.png;glyphs/0119_盂_5.png;glyphs/0119_盂_6.png;glyphs/0119_盂_7.png;glyphs/0119_盂_8.png;glyphs/0119_盂_9.png;glyphs/0119_盂_10.png;glyphs/0119_盂_11.png;glyphs/0119_盂_12.png;glyphs/0119_盂_13.png;glyphs/0119_盂_14.png;glyphs/0119_盂_15.png;glyphs/0119_盂_16.png;glyphs/0119_盂_17.png
120,相,深色,ok,—,hans（/相/jiaguwen）,https://www.zdic.net/hans/相/jiaguwen,4,相簠雜89 合2824 賓組,相簠雜89 合2824 賓組 | 相前2.17.4 合36844 黃組 | 相前5.25.5 合38158 黃組 | 相前5.25.5 合38158 黃組,https://img.zdic.net/zy/jiaguwen/41_F490.svg;https://img.zdic.net/zy/jiaguwen/41_F491.svg;https://img.zdic.net/zy/jiaguwen/41_F492.svg;https://img.zdic.net/zy/jiaguwen/41_F493.svg,glyphs/0120_相_0.png;glyphs/0120_相_1.png;glyphs/0120_相_2.png;glyphs/0120_相_3.png
121,眚,深色,ok,—,hans（/眚/jiaguwen）,https://www.zdic.net/hans/眚/jiaguwen,30,眚甲5,眚甲5 | 眚甲357 合29098 無名組 | 眚甲867 合29685 | 眚甲1242 | 眚甲1472 合28661 | 眚甲1474 | 眚乙8461 合11177 | 眚乙6894 合5125 | 眚拾5.9 合33051 | 眚拾6.2 合28341 無名組 | 眚前3.23.2 | 眚前3.23.3 | 眚粹610 合32954 𠂤賓間 | 眚前5.6.2 合9638 賓組 | 眚後1.1.14 合1434 | 眚前5.26.1 合9611 | 眚後1.30.6 合28634 | 眚後2.20.4 合28635 | 眚後2.39.2 合30416 無名組 | 眚林2.29.7 合5319 賓組 | 眚佚68 合29175 | 眚佚111 合36990 黃組 | 眚佚213 合28640 無名組 | 眚佚247 合28628 無名組 | 眚燕203 合10545 | 眚京津1525 合5122 | 眚明藏88 | 眚寧滬1.381 合29158 | 眚京都277 合9610 賓組 | 眚乙4057 合9504 賓組,https://img.zdic.net/zy/jiaguwen/41_F495.svg;https://img.zdic.net/zy/jiaguwen/41_F496.svg;https://img.zdic.net/zy/jiaguwen/41_F497.svg;https://img.zdic.net/zy/jiaguwen/41_F498.svg;https://img.zdic.net/zy/jiaguwen/41_F499.svg;https://img.zdic.net/zy/jiaguwen/41_F49A.svg;https://img.zdic.net/zy/jiaguwen/41_F49B.svg;https://img.zdic.net/zy/jiaguwen/41_F49C.svg;https://img.zdic.net/zy/jiaguwen/41_F49D.svg;https://img.zdic.net/zy/jiaguwen/41_F49E.svg;https://img.zdic.net/zy/jiaguwen/41_F49F.svg;https://img.zdic.net/zy/jiaguwen/41_F4A0.svg;https://img.zdic.net/zy/jiaguwen/41_F4A1.svg;https://img.zdic.net/zy/jiaguwen/41_F4A2.svg;https://img.zdic.net/zy/jiaguwen/41_F4A3.svg;https://img.zdic.net/zy/jiaguwen/41_F4A4.svg;https://img.zdic.net/zy/jiaguwen/41_F4A5.svg;https://img.zdic.net/zy/jiaguwen/41_F4A6.svg;https://img.zdic.net/zy/jiaguwen/41_F4A7.svg;https://img.zdic.net/zy/jiaguwen/41_F4A8.svg;https://img.zdic.net/zy/jiaguwen/41_F4A9.svg;https://img.zdic.net/zy/jiaguwen/41_F4AA.svg;https://img.zdic.net/zy/jiaguwen/41_F4AB.svg;https://img.zdic.net/zy/jiaguwen/41_F4AC.svg;https://img.zdic.net/zy/jiaguwen/41_F4AD.svg;https://img.zdic.net/zy/jiaguwen/41_F4AE.svg;https://img.zdic.net/zy/jiaguwen/41_F4AF.svg;https://img.zdic.net/zy/jiaguwen/41_F4B0.svg;https://img.zdic.net/zy/jiaguwen/41_F4B1.svg;https://img.zdic.net/zy/jiaguwen/41_F48F.svg,glyphs/0121_眚_0.png;glyphs/0121_眚_1.png;glyphs/0121_眚_2.png;glyphs/0121_眚_3.png;glyphs/0121_眚_4.png;glyphs/0121_眚_5.png;glyphs/0121_眚_6.png;glyphs/0121_眚_7.png;glyphs/0121_眚_8.png;glyphs/0121_眚_9.png;glyphs/0121_眚_10.png;glyphs/0121_眚_11.png;glyphs/0121_眚_12.png;glyphs/0121_眚_13.png;glyphs/0121_眚_14.png;glyphs/0121_眚_15.png;glyphs/0121_眚_16.png;glyphs/0121_眚_17.png;glyphs/0121_眚_18.png;glyphs/0121_眚_19.png;glyphs/0121_眚_20.png;glyphs/0121_眚_21.png;glyphs/0121_眚_22.png;glyphs/0121_眚_23.png;glyphs/0121_眚_24.png;glyphs/0121_眚_25.png;glyphs/0121_眚_26.png;glyphs/0121_眚_27.png;glyphs/0121_眚_28.png;glyphs/0121_眚_29.png
122,睬,淡蓝 #7396FF,L1,实证错配·与金文表同图,hans（/睬/jiaguwen）,https://www.zdic.net/hans/睬/jiaguwen,14,睬乙12 合21021 𠂤組,睬乙12 合21021 𠂤組 | 睬乙16 合20960 𠂤組 | 睬乙210 合21962 | 睬乙478 合21021 𠂤組 | 睬鐵242.1 合12424 賓組 | 睬前4.45.4 合12812 賓組 | 睬佚276 合20397 賓組 | 睬粹492 合38290 黃組 | 睬粹838 合21011 𠂤組 | 睬通別2.7.8 | 睬京都3100 合20959 𠂤組 | 睬前5.36.1 合12810 賓組 | 睬前7.40.1 合3223 賓組 | 睬粹1043 合12814 賓組,https://img.zdic.net/zy/jiaguwen/42_EAB1.svg;https://img.zdic.net/zy/jiaguwen/42_EAB2.svg;https://img.zdic.net/zy/jiaguwen/42_EAB3.svg;https://img.zdic.net/zy/jiaguwen/42_EAB4.svg;https://img.zdic.net/zy/jiaguwen/42_EAB5.svg;https://img.zdic.net/zy/jiaguwen/42_EAB6.svg;https://img.zdic.net/zy/jiaguwen/42_EAB7.svg;https://img.zdic.net/zy/jiaguwen/42_EAB8.svg;https://img.zdic.net/zy/jiaguwen/42_EAB9.svg;https://img.zdic.net/zy/jiaguwen/42_EABA.svg;https://img.zdic.net/zy/jiaguwen/42_EABB.svg;https://img.zdic.net/zy/jiaguwen/42_EABC.svg;https://img.zdic.net/zy/jiaguwen/42_EABD.svg;https://img.zdic.net/zy/jiaguwen/42_EABE.svg,glyphs/0122_睬_0.png;glyphs/0122_睬_1.png;glyphs/0122_睬_2.png;glyphs/0122_睬_3.png;glyphs/0122_睬_4.png;glyphs/0122_睬_5.png;glyphs/0122_睬_6.png;glyphs/0122_睬_7.png;glyphs/0122_睬_8.png;glyphs/0122_睬_9.png;glyphs/0122_睬_10.png;glyphs/0122_睬_11.png;glyphs/0122_睬_12.png;glyphs/0122_睬_13.png
123,祈,深色,ok,—,hans（/祈/jiaguwen）,https://www.zdic.net/hans/祈/jiaguwen,17,祈戩47.9 合28118,祈戩47.9 合28118 | 祈乙2040 合816 賓組 | 祈乙2040 合816 賓組 | 祈陳122 合30 | 祈存下523 合7914 賓組 | 祈佚952 合3334 | 祈乙8165 合946 賓組 | 祈鐵142.4 合9286 | 祈戩44.11 合3334 | 祈後2.20.5 合17389 | 祈後2.22.18 合7912 賓組 | 祈續1.52.3 合7919 賓組 | 祈鄴初下.44.11 | 祈粹100 合22620 | 祈林2.7.2 合7918 | 祈佚675 合13720 | 祈明藏498,https://img.zdic.net/zy/jiaguwen/41_E15D.svg;https://img.zdic.net/zy/jiaguwen/41_E15E.svg;https://img.zdic.net/zy/jiaguwen/41_E15F.svg;https://img.zdic.net/zy/jiaguwen/41_E160.svg;https://img.zdic.net/zy/jiaguwen/41_E161.svg;https://img.zdic.net/zy/jiaguwen/41_E162.svg;https://img.zdic.net/zy/jiaguwen/41_E163.svg;https://img.zdic.net/zy/jiaguwen/41_E164.svg;https://img.zdic.net/zy/jiaguwen/41_E165.svg;https://img.zdic.net/zy/jiaguwen/41_E166.svg;https://img.zdic.net/zy/jiaguwen/41_E167.svg;https://img.zdic.net/zy/jiaguwen/41_E168.svg;https://img.zdic.net/zy/jiaguwen/41_E169.svg;https://img.zdic.net/zy/jiaguwen/41_E16A.svg;https://img.zdic.net/zy/jiaguwen/41_E16B.svg;https://img.zdic.net/zy/jiaguwen/41_E16C.svg;https://img.zdic.net/zy/jiaguwen/41_E16D.svg,glyphs/0123_祈_0.png;glyphs/0123_祈_1.png;glyphs/0123_祈_2.png;glyphs/0123_祈_3.png;glyphs/0123_祈_4.png;glyphs/0123_祈_5.png;glyphs/0123_祈_6.png;glyphs/0123_祈_7.png;glyphs/0123_祈_8.png;glyphs/0123_祈_9.png;glyphs/0123_祈_10.png;glyphs/0123_祈_11.png;glyphs/0123_祈_12.png;glyphs/0123_祈_13.png;glyphs/0123_祈_14.png;glyphs/0123_祈_15.png;glyphs/0123_祈_16.png
124,禄,淡蓝 #7396FF,L1,实证错配·与金文表同图,hans（/禄/jiaguwen）,https://www.zdic.net/hans/禄/jiaguwen,1,禄粹501 合25942 出組,禄粹501 合25942 出組,https://img.zdic.net/zy/jiaguwen/41_E0B9.svg,glyphs/0124_禄_0.png
125,稃,淡蓝 #7396FF,L1,实证错配·与金文表同图,hans（/稃/jiaguwen）,https://www.zdic.net/hans/稃/jiaguwen,1,稃乙6694 合903 賓組,稃乙6694 合903 賓組,https://img.zdic.net/zy/jiaguwen/41_EDF9.svg,glyphs/0125_稃_0.png
126,竽,深色,ok,—,hans（/竽/jiaguwen）,https://www.zdic.net/hans/竽/jiaguwen,6,竽後2.16.2 合16243 賓組,竽後2.16.2 合16243 賓組 | 竽後2.20.8 合18635 賓組 | 竽粹524 合16242 賓組 | 竽佚722 合24216 出組 | 竽佚887 合1654 賓組 | 竽庫413,https://img.zdic.net/zy/jiaguwen/45_E7D9.svg;https://img.zdic.net/zy/jiaguwen/45_E7DA.svg;https://img.zdic.net/zy/jiaguwen/45_E7DB.svg;https://img.zdic.net/zy/jiaguwen/45_E7DC.svg;https://img.zdic.net/zy/jiaguwen/45_E7DD.svg;https://img.zdic.net/zy/jiaguwen/45_E7DE.svg,glyphs/0126_竽_0.png;glyphs/0126_竽_1.png;glyphs/0126_竽_2.png;glyphs/0126_竽_3.png;glyphs/0126_竽_4.png;glyphs/0126_竽_5.png
127,第,淡蓝 #7396FF,L1,实证错配·与金文表同图,hans（/第/jiaguwen）,https://www.zdic.net/hans/第/jiaguwen,7,第乙484 合21722 子組,第乙484 合21722 子組 | 第乙8722 合22135 子組 | 第乙8818 | 第燕128 合9817 賓組 | 第金361 合41331 | 第庫453 | 第庫1506,https://img.zdic.net/zy/jiaguwen/42_EA30.svg;https://img.zdic.net/zy/jiaguwen/42_EA31.svg;https://img.zdic.net/zy/jiaguwen/42_EA32.svg;https://img.zdic.net/zy/jiaguwen/42_EA33.svg;https://img.zdic.net/zy/jiaguwen/42_EA34.svg;https://img.zdic.net/zy/jiaguwen/42_EA35.svg;https://img.zdic.net/zy/jiaguwen/42_EA36.svg,glyphs/0127_第_0.png;glyphs/0127_第_1.png;glyphs/0127_第_2.png;glyphs/0127_第_3.png;glyphs/0127_第_4.png;glyphs/0127_第_5.png;glyphs/0127_第_6.png
128,糠,淡蓝 #7396FF,L1,实证错配·与金文表同图,hans（/糠/jiaguwen）,https://www.zdic.net/hans/糠/jiaguwen,12,糠乙817 合21794 子組,糠乙817 合21794 子組 | 糠前1.10.3 合36080 | 糠前1.12.8 合35986 | 糠前1.37.1 合36281 | 糠後1.20.5 合35803 黃組 | 糠後1.20.13 合35411 黃組 | 糠林1.11.11 合36006 | 糠鄴初下.40.7 合35965 黃組 | 糠粹345 合35953 | 糠京津5051 合35989 | 糠京津5052 合36017 | 糠輔仁61,https://img.zdic.net/zy/jiaguwen/42_F0E3.svg;https://img.zdic.net/zy/jiaguwen/42_F0E4.svg;https://img.zdic.net/zy/jiaguwen/42_F0E5.svg;https://img.zdic.net/zy/jiaguwen/42_F0E6.svg;https://img.zdic.net/zy/jiaguwen/42_F0E7.svg;https://img.zdic.net/zy/jiaguwen/42_F0E8.svg;https://img.zdic.net/zy/jiaguwen/42_F0E9.svg;https://img.zdic.net/zy/jiaguwen/42_F0EA.svg;https://img.zdic.net/zy/jiaguwen/42_F0EB.svg;https://img.zdic.net/zy/jiaguwen/42_F0EC.svg;https://img.zdic.net/zy/jiaguwen/42_F0ED.svg;https://img.zdic.net/zy/jiaguwen/42_F0EE.svg,glyphs/0128_糠_0.png;glyphs/0128_糠_1.png;glyphs/0128_糠_2.png;glyphs/0128_糠_3.png;glyphs/0128_糠_4.png;glyphs/0128_糠_5.png;glyphs/0128_糠_6.png;glyphs/0128_糠_7.png;glyphs/0128_糠_8.png;glyphs/0128_糠_9.png;glyphs/0128_糠_10.png;glyphs/0128_糠_11.png
129,绅,深色,ok,—,hans（/绅/jiaguwen）,https://www.zdic.net/hans/绅/jiaguwen,1,绅英2415反,绅英2415反,https://img.zdic.net/zy/jiaguwen/44_E2CE.svg,glyphs/0129_绅_0.png
130,绥,淡蓝 #7396FF,L1,实证错配·与金文表同图,hans（/绥/jiaguwen）,https://www.zdic.net/hans/绥/jiaguwen,1,绥前5.19.1 合4912 賓組,绥前5.19.1 合4912 賓組,https://img.zdic.net/zy/jiaguwen/43_F104.svg,glyphs/0130_绥_0.png
131,翼,深色,ok,—,hans（/翼/jiaguwen）,https://www.zdic.net/hans/翼/jiaguwen,105,翼佚270,翼佚270 | 翼佚199 合32148 歷組 | 翼佚266 合27456 何組 | 翼佚266 合27456 何組 | 翼佚226背 合28194 | 翼佚226背 合28194 | 翼佚519 合63 賓組 | 翼佚542 合12346 | 翼佚428 合35646 | 翼佚428 合35646 | 翼佚875 合32021 | 翼福20 合13231 | 翼鐵3.2 合13266 | 翼鐵73.3 | 翼鐵98.3 合19489 | 翼鐵100.2 合15665 | 翼鐵114.3 合4058 賓組 | 翼鐵115.1 合1443 | 翼鐵129.4 合13236 | 翼鐵162.1 合13280 | 翼拾3.4 合32895 歷組 | 翼拾8.14 合11215 | 翼前1.3.7 合36194 | 翼前1.11.7 合35683 | 翼前1.15.4 合35773 黃組 | 翼前1.37.4 合36267 | 翼前4.3.2 合34341 | 翼前4.6.5 合35644 | 翼前5.4.4 合18597 賓組 | 翼前5.4.7 合6903 | 翼前5.4.7 合6903 | 翼前5.29.1 合5233 | 翼前6.8.7 合12372 | 翼前6.13.3 合25951 出組 | 翼前7.31.1 合8093 賓組 | 翼前7.44.1 合12966 | 翼前7.44.1 合12966 | 翼前8.12.6 合22231 子組 | 翼後1.1.7 合36183 黃組 | 翼後1.2.10 合26025 | 翼後1.4.10 合36271 | 翼後1.4.10 合36271 | 翼後1.8.8 合14260 賓組 | 翼後1.17.1 合6173 | 翼後1.17.1 合6173 | 翼後1.20.13 合35411 黃組 | 翼後1.24.3 合39 賓組 | 翼後1.32.1 合13334 | 翼後2.2.8 合13123 賓組 | 翼後2.2.10 合26025 | 翼後2.23.5 | 翼後2.33.1 合28001 何組 | 翼後2.39.17 合22988 | 翼菁10.2 合35744 | 翼林1.2.4 合12965 賓組 | 翼林1.2.12 | 翼林1.11.15 合35746 | 翼林1.13.5 合35794 | 翼林2.25.11 合26039 出組 | 翼林2.27.2 合15019 | 翼戩5.5 合23016 | 翼戩26.3 合30373 何組 | 翼戩47.5 合33013 歷組 | 翼燕194 | 翼燕20 合35406 黃組 | 翼燕20 合35406 黃組 | 翼燕20 合35406 黃組 | 翼燕20 合35406 黃組 | 翼燕635 合3875 | 翼燕22 合22986 | 翼燕211 | 翼燕230 | 翼燕230 | 翼燕231 | 翼燕231 | 翼甲60 合38249 | 翼甲82 合35469 | 翼甲101 合39452 | 翼甲1236 | 翼甲2371 合31429 | 翼甲2416 合36511 黃組 | 翼甲2502 合27321 何組 | 翼甲2765 合28826 | 翼甲2799 合27456 何組 | 翼甲2831 合27885 何組 | 翼甲3271 合25748 | 翼乙163 合21016 𠂤組 | 翼乙778 合18903 | 翼乙1152 合12447 | 翼乙1908 合12348 | 翼乙1952 合11483 賓組 | 翼乙7577 合423 賓組 | 翼乙7766 合9524 賓組 | 翼乙8638 | 翼京津4850 | 翼粹84 合22636 | 翼粹108 合27050 無名組 | 翼粹181 合35544 | 翼粹190 合32042 歷組 | 翼粹402 合34097 歷組 | 翼河125 合12379 | 翼珠61 合35684 | 翼珠244 合35756 黃組 | 翼安3.22 合1139 賓組 | 翼京都3115 合20854,https://img.zdic.net/zy/jiaguwen/41_F5BA.svg;https://img.zdic.net/zy/jiaguwen/41_F5BB.svg;https://img.zdic.net/zy/jiaguwen/41_F5BC.svg;https://img.zdic.net/zy/jiaguwen/41_F5BD.svg;https://img.zdic.net/zy/jiaguwen/41_F5BE.svg;https://img.zdic.net/zy/jiaguwen/41_F5BF.svg;https://img.zdic.net/zy/jiaguwen/41_F5C0.svg;https://img.zdic.net/zy/jiaguwen/41_F5C1.svg;https://img.zdic.net/zy/jiaguwen/41_F5C2.svg;https://img.zdic.net/zy/jiaguwen/41_F5C3.svg;https://img.zdic.net/zy/jiaguwen/41_F5C4.svg;https://img.zdic.net/zy/jiaguwen/41_F5C5.svg;https://img.zdic.net/zy/jiaguwen/41_F5C6.svg;https://img.zdic.net/zy/jiaguwen/41_F5C7.svg;https://img.zdic.net/zy/jiaguwen/41_F5C8.svg;https://img.zdic.net/zy/jiaguwen/41_F5C9.svg;https://img.zdic.net/zy/jiaguwen/41_F5CA.svg;https://img.zdic.net/zy/jiaguwen/41_F5CB.svg;https://img.zdic.net/zy/jiaguwen/41_F5CC.svg;https://img.zdic.net/zy/jiaguwen/41_F5CD.svg;https://img.zdic.net/zy/jiaguwen/41_F5CE.svg;https://img.zdic.net/zy/jiaguwen/41_F5CF.svg;https://img.zdic.net/zy/jiaguwen/41_F5D0.svg;https://img.zdic.net/zy/jiaguwen/41_F5D1.svg;https://img.zdic.net/zy/jiaguwen/41_F5D2.svg;https://img.zdic.net/zy/jiaguwen/41_F5D3.svg;https://img.zdic.net/zy/jiaguwen/41_F5D4.svg;https://img.zdic.net/zy/jiaguwen/41_F5D5.svg;https://img.zdic.net/zy/jiaguwen/41_F5D6.svg;https://img.zdic.net/zy/jiaguwen/41_F5D7.svg;https://img.zdic.net/zy/jiaguwen/41_F5D8.svg;https://img.zdic.net/zy/jiaguwen/41_F5D9.svg;https://img.zdic.net/zy/jiaguwen/41_F5DA.svg;https://img.zdic.net/zy/jiaguwen/41_F5DB.svg;https://img.zdic.net/zy/jiaguwen/41_F5DC.svg;https://img.zdic.net/zy/jiaguwen/41_F5DD.svg;https://img.zdic.net/zy/jiaguwen/41_F5DE.svg;https://img.zdic.net/zy/jiaguwen/41_F5DF.svg;https://img.zdic.net/zy/jiaguwen/41_F5E0.svg;https://img.zdic.net/zy/jiaguwen/41_F5E1.svg;https://img.zdic.net/zy/jiaguwen/41_F5E2.svg;https://img.zdic.net/zy/jiaguwen/41_F5E3.svg;https://img.zdic.net/zy/jiaguwen/41_F5E4.svg;https://img.zdic.net/zy/jiaguwen/41_F5E5.svg;https://img.zdic.net/zy/jiaguwen/41_F5E6.svg;https://img.zdic.net/zy/jiaguwen/41_F5E7.svg;https://img.zdic.net/zy/jiaguwen/41_F5E8.svg;https://img.zdic.net/zy/jiaguwen/41_F5E9.svg;https://img.zdic.net/zy/jiaguwen/41_F5EA.svg;https://img.zdic.net/zy/jiaguwen/41_F5EB.svg;https://img.zdic.net/zy/jiaguwen/41_F5EC.svg;https://img.zdic.net/zy/jiaguwen/41_F5ED.svg;https://img.zdic.net/zy/jiaguwen/41_F5EE.svg;https://img.zdic.net/zy/jiaguwen/41_F5EF.svg;https://img.zdic.net/zy/jiaguwen/41_F5F0.svg;https://img.zdic.net/zy/jiaguwen/41_F5F1.svg;https://img.zdic.net/zy/jiaguwen/41_F5F2.svg;https://img.zdic.net/zy/jiaguwen/41_F5F3.svg;https://img.zdic.net/zy/jiaguwen/41_F5F4.svg;https://img.zdic.net/zy/jiaguwen/41_F5F5.svg;https://img.zdic.net/zy/jiaguwen/41_F5F6.svg;https://img.zdic.net/zy/jiaguwen/41_F5F7.svg;https://img.zdic.net/zy/jiaguwen/41_F5F8.svg;https://img.zdic.net/zy/jiaguwen/41_F5F9.svg;https://img.zdic.net/zy/jiaguwen/41_F5FA.svg;https://img.zdic.net/zy/jiaguwen/41_F5FB.svg;https://img.zdic.net/zy/jiaguwen/41_F5FC.svg;https://img.zdic.net/zy/jiaguwen/41_F5FD.svg;https://img.zdic.net/zy/jiaguwen/41_F5FE.svg;https://img.zdic.net/zy/jiaguwen/41_F5FF.svg;https://img.zdic.net/zy/jiaguwen/41_F600.svg;https://img.zdic.net/zy/jiaguwen/41_F601.svg;https://img.zdic.net/zy/jiaguwen/41_F602.svg;https://img.zdic.net/zy/jiaguwen/41_F603.svg;https://img.zdic.net/zy/jiaguwen/41_F604.svg;https://img.zdic.net/zy/jiaguwen/41_F605.svg;https://img.zdic.net/zy/jiaguwen/41_F606.svg;https://img.zdic.net/zy/jiaguwen/41_F607.svg;https://img.zdic.net/zy/jiaguwen/41_F608.svg;https://img.zdic.net/zy/jiaguwen/41_F609.svg;https://img.zdic.net/zy/jiaguwen/41_F60A.svg;https://img.zdic.net/zy/jiaguwen/41_F60B.svg;https://img.zdic.net/zy/jiaguwen/41_F60C.svg;https://img.zdic.net/zy/jiaguwen/41_F60D.svg;https://img.zdic.net/zy/jiaguwen/41_F60E.svg;https://img.zdic.net/zy/jiaguwen/41_F60F.svg;https://img.zdic.net/zy/jiaguwen/41_F610.svg;https://img.zdic.net/zy/jiaguwen/41_F611.svg;https://img.zdic.net/zy/jiaguwen/41_F612.svg;https://img.zdic.net/zy/jiaguwen/41_F613.svg;https://img.zdic.net/zy/jiaguwen/41_F614.svg;https://img.zdic.net/zy/jiaguwen/41_F615.svg;https://img.zdic.net/zy/jiaguwen/41_F616.svg;https://img.zdic.net/zy/jiaguwen/41_F617.svg;https://img.zdic.net/zy/jiaguwen/41_F618.svg;https://img.zdic.net/zy/jiaguwen/41_F619.svg;https://img.zdic.net/zy/jiaguwen/41_F61A.svg;https://img.zdic.net/zy/jiaguwen/41_F61B.svg;https://img.zdic.net/zy/jiaguwen/41_F61C.svg;https://img.zdic.net/zy/jiaguwen/41_F61D.svg;https://img.zdic.net/zy/jiaguwen/41_F61E.svg;https://img.zdic.net/zy/jiaguwen/41_F61F.svg;https://img.zdic.net/zy/jiaguwen/41_F620.svg;https://img.zdic.net/zy/jiaguwen/41_F621.svg;https://img.zdic.net/zy/jiaguwen/41_F622.svg,glyphs/0131_翼_0.png;glyphs/0131_翼_1.png;glyphs/0131_翼_2.png;glyphs/0131_翼_3.png;glyphs/0131_翼_4.png;glyphs/0131_翼_5.png;glyphs/0131_翼_6.png;glyphs/0131_翼_7.png;glyphs/0131_翼_8.png;glyphs/0131_翼_9.png;glyphs/0131_翼_10.png;glyphs/0131_翼_11.png;glyphs/0131_翼_12.png;glyphs/0131_翼_13.png;glyphs/0131_翼_14.png;glyphs/0131_翼_15.png;glyphs/0131_翼_16.png;glyphs/0131_翼_17.png;glyphs/0131_翼_18.png;glyphs/0131_翼_19.png;glyphs/0131_翼_20.png;glyphs/0131_翼_21.png;glyphs/0131_翼_22.png;glyphs/0131_翼_23.png;glyphs/0131_翼_24.png;glyphs/0131_翼_25.png;glyphs/0131_翼_26.png;glyphs/0131_翼_27.png;glyphs/0131_翼_28.png;glyphs/0131_翼_29.png;glyphs/0131_翼_30.png;glyphs/0131_翼_31.png;glyphs/0131_翼_32.png;glyphs/0131_翼_33.png;glyphs/0131_翼_34.png;glyphs/0131_翼_35.png;glyphs/0131_翼_36.png;glyphs/0131_翼_37.png;glyphs/0131_翼_38.png;glyphs/0131_翼_39.png;glyphs/0131_翼_40.png;glyphs/0131_翼_41.png;glyphs/0131_翼_42.png;glyphs/0131_翼_43.png;glyphs/0131_翼_44.png;glyphs/0131_翼_45.png;glyphs/0131_翼_46.png;glyphs/0131_翼_47.png;glyphs/0131_翼_48.png;glyphs/0131_翼_49.png;glyphs/0131_翼_50.png;glyphs/0131_翼_51.png;glyphs/0131_翼_52.png;glyphs/0131_翼_53.png;glyphs/0131_翼_54.png;glyphs/0131_翼_55.png;glyphs/0131_翼_56.png;glyphs/0131_翼_57.png;glyphs/0131_翼_58.png;glyphs/0131_翼_59.png;glyphs/0131_翼_60.png;glyphs/0131_翼_61.png;glyphs/0131_翼_62.png;glyphs/0131_翼_63.png;glyphs/0131_翼_64.png;glyphs/0131_翼_65.png;glyphs/0131_翼_66.png;glyphs/0131_翼_67.png;glyphs/0131_翼_68.png;glyphs/0131_翼_69.png;glyphs/0131_翼_70.png;glyphs/0131_翼_71.png;glyphs/0131_翼_72.png;glyphs/0131_翼_73.png;glyphs/0131_翼_74.png;glyphs/0131_翼_75.png;glyphs/0131_翼_76.png;glyphs/0131_翼_77.png;glyphs/0131_翼_78.png;glyphs/0131_翼_79.png;glyphs/0131_翼_80.png;glyphs/0131_翼_81.png;glyphs/0131_翼_82.png;glyphs/0131_翼_83.png;glyphs/0131_翼_84.png;glyphs/0131_翼_85.png;glyphs/0131_翼_86.png;glyphs/0131_翼_87.png;glyphs/0131_翼_88.png;glyphs/0131_翼_89.png;glyphs/0131_翼_90.png;glyphs/0131_翼_91.png;glyphs/0131_翼_92.png;glyphs/0131_翼_93.png;glyphs/0131_翼_94.png;glyphs/0131_翼_95.png;glyphs/0131_翼_96.png;glyphs/0131_翼_97.png;glyphs/0131_翼_98.png;glyphs/0131_翼_99.png;glyphs/0131_翼_100.png;glyphs/0131_翼_101.png;glyphs/0131_翼_102.png;glyphs/0131_翼_103.png;glyphs/0131_翼_104.png
132,耤,深色,ok,—,hans（/耤/jiaguwen）,https://www.zdic.net/hans/耤/jiaguwen,21,耤甲1369 合28200 何組,耤甲1369 合28200 何組 | 耤甲3420 合9501 賓組 | 耤乙1111 合9514 | 耤乙3154 合900 賓組 | 耤乙3155反 合900反 賓組 | 耤乙3212 合13505 賓組 | 耤乙3290 合9503 賓組 | 耤乙3983 合9515 | 耤乙4057 合9504 賓組 | 耤乙4306 合900 賓組 | 耤乙7808 合9505 賓組 | 耤乙8151 合9509 | 耤前6.17.5 合5604 賓組 | 耤前6.17.6 合5603 賓組 | 耤前7.15.3 合9506 賓組 | 耤後2.28.16 合9500 賓組 | 耤菁11.19 合21595 | 耤佚700 合9513 | 耤乙7396 合904 賓組 | 耤存1013 合61 𠂤賓間 | 耤京都705,https://img.zdic.net/zy/jiaguwen/42_E29D.svg;https://img.zdic.net/zy/jiaguwen/42_E29E.svg;https://img.zdic.net/zy/jiaguwen/42_E29F.svg;https://img.zdic.net/zy/jiaguwen/42_E2A0.svg;https://img.zdic.net/zy/jiaguwen/42_E2A1.svg;https://img.zdic.net/zy/jiaguwen/42_E2A2.svg;https://img.zdic.net/zy/jiaguwen/42_E2A3.svg;https://img.zdic.net/zy/jiaguwen/42_E2A4.svg;https://img.zdic.net/zy/jiaguwen/42_E2A5.svg;https://img.zdic.net/zy/jiaguwen/42_E2A6.svg;https://img.zdic.net/zy/jiaguwen/42_E2A7.svg;https://img.zdic.net/zy/jiaguwen/42_E2A8.svg;https://img.zdic.net/zy/jiaguwen/42_E2A9.svg;https://img.zdic.net/zy/jiaguwen/42_E2AA.svg;https://img.zdic.net/zy/jiaguwen/42_E2AB.svg;https://img.zdic.net/zy/jiaguwen/42_E2AC.svg;https://img.zdic.net/zy/jiaguwen/42_E2AD.svg;https://img.zdic.net/zy/jiaguwen/42_E2AE.svg;https://img.zdic.net/zy/jiaguwen/42_E2AF.svg;https://img.zdic.net/zy/jiaguwen/42_E2B0.svg;https://img.zdic.net/zy/jiaguwen/42_E2B1.svg,glyphs/0132_耤_0.png;glyphs/0132_耤_1.png;glyphs/0132_耤_2.png;glyphs/0132_耤_3.png;glyphs/0132_耤_4.png;glyphs/0132_耤_5.png;glyphs/0132_耤_6.png;glyphs/0132_耤_7.png;glyphs/0132_耤_8.png;glyphs/0132_耤_9.png;glyphs/0132_耤_10.png;glyphs/0132_耤_11.png;glyphs/0132_耤_12.png;glyphs/0132_耤_13.png;glyphs/0132_耤_14.png;glyphs/0132_耤_15.png;glyphs/0132_耤_16.png;glyphs/0132_耤_17.png;glyphs/0132_耤_18.png;glyphs/0132_耤_19.png;glyphs/0132_耤_20.png
133,胛,淡蓝 #7396FF,L1,实证错配·与金文表同图,hans（/胛/jiaguwen）,https://www.zdic.net/hans/胛/jiaguwen,27,胛甲870 合35260,胛甲870 合35260 | 胛鐵176.1 合305 | 胛後1.3.16 | 胛存2740 | 胛寧滬1.14 合32871 歷組 | 胛佚200 合33207 歷組 | 胛鐵218.3 合11678 | 胛甲632 合28581 | 胛甲2667 合32322 | 胛乙5408 合6664 賓組 | 胛鐵215.2 合1149 | 胛前1.38.4 合1249 賓組 | 胛前1.50.6 合5521 | 胛前3.23.5 合362 賓組 | 胛後1.26.15 合34149 歷組 | 胛後2.36.4 合32351 | 胛林1.8.14 合1178 | 胛戩1.6 合32361 | 胛佚131 合34047 | 胛佚140 合32115 歷組 | 胛佚585 合1225 | 胛鄴初下.32.8 合32344 歷組 | 胛鄴3下.42.5 合32335 歷組 | 胛寧滬1.54 合32345 歷組 | 胛寧滬1.148 合32267 | 胛明藏432 | 胛燕26 合6137 賓組,https://img.zdic.net/zy/jiaguwen/43_F5F5.svg;https://img.zdic.net/zy/jiaguwen/43_F5F6.svg;https://img.zdic.net/zy/jiaguwen/43_F5F7.svg;https://img.zdic.net/zy/jiaguwen/43_F5F8.svg;https://img.zdic.net/zy/jiaguwen/43_F5F9.svg;https://img.zdic.net/zy/jiaguwen/43_F5FA.svg;https://img.zdic.net/zy/jiaguwen/43_F5FB.svg;https://img.zdic.net/zy/jiaguwen/43_F5FF.svg;https://img.zdic.net/zy/jiaguwen/43_F600.svg;https://img.zdic.net/zy/jiaguwen/43_F601.svg;https://img.zdic.net/zy/jiaguwen/43_F602.svg;https://img.zdic.net/zy/jiaguwen/43_F603.svg;https://img.zdic.net/zy/jiaguwen/43_F604.svg;https://img.zdic.net/zy/jiaguwen/43_F605.svg;https://img.zdic.net/zy/jiaguwen/43_F606.svg;https://img.zdic.net/zy/jiaguwen/43_F607.svg;https://img.zdic.net/zy/jiaguwen/43_F608.svg;https://img.zdic.net/zy/jiaguwen/43_F609.svg;https://img.zdic.net/zy/jiaguwen/43_F60A.svg;https://img.zdic.net/zy/jiaguwen/43_F60B.svg;https://img.zdic.net/zy/jiaguwen/43_F60C.svg;https://img.zdic.net/zy/jiaguwen/43_F60D.svg;https://img.zdic.net/zy/jiaguwen/43_F60E.svg;https://img.zdic.net/zy/jiaguwen/43_F60F.svg;https://img.zdic.net/zy/jiaguwen/43_F610.svg;https://img.zdic.net/zy/jiaguwen/43_F611.svg;https://img.zdic.net/zy/jiaguwen/43_F612.svg,glyphs/0133_胛_0.png;glyphs/0133_胛_1.png;glyphs/0133_胛_2.png;glyphs/0133_胛_3.png;glyphs/0133_胛_4.png;glyphs/0133_胛_5.png;glyphs/0133_胛_6.png;glyphs/0133_胛_7.png;glyphs/0133_胛_8.png;glyphs/0133_胛_9.png;glyphs/0133_胛_10.png;glyphs/0133_胛_11.png;glyphs/0133_胛_12.png;glyphs/0133_胛_13.png;glyphs/0133_胛_14.png;glyphs/0133_胛_15.png;glyphs/0133_胛_16.png;glyphs/0133_胛_17.png;glyphs/0133_胛_18.png;glyphs/0133_胛_19.png;glyphs/0133_胛_20.png;glyphs/0133_胛_21.png;glyphs/0133_胛_22.png;glyphs/0133_胛_23.png;glyphs/0133_胛_24.png;glyphs/0133_胛_25.png;glyphs/0133_胛_26.png
134,膺,深色,ok,—,hans（/膺/jiaguwen）,https://www.zdic.net/hans/膺/jiaguwen,2,膺後2.6.2 合18338 賓組,膺後2.6.2 合18338 賓組 | 膺後2.6.2 合18338 賓組,https://img.zdic.net/zy/jiaguwen/45_E6DB.svg;https://img.zdic.net/zy/jiaguwen/45_E6DC.svg,glyphs/0134_膺_0.png;glyphs/0134_膺_1.png
135,芾,淡蓝 #7396FF,L1,实证错配·与金文表同图,hans（/芾/jiaguwen）,https://www.zdic.net/hans/芾/jiaguwen,9,芾佚104 合28751 無名組,芾佚104 合28751 無名組 | 芾後1.19.6 合27641 無名組 | 芾甲1343 合27202 何組 | 芾乙111 合20476 𠂤組 | 芾存2225 合31120 無名組 | 芾摭續193 合30131 何組 | 芾珠679 合29015 無名組 | 芾寧滬1.107 合28754 無名組 | 芾京津4329 合30646 無名組,https://img.zdic.net/zy/jiaguwen/45_ECF7.svg;https://img.zdic.net/zy/jiaguwen/45_ECF8.svg;https://img.zdic.net/zy/jiaguwen/45_ECF9.svg;https://img.zdic.net/zy/jiaguwen/45_ECFA.svg;https://img.zdic.net/zy/jiaguwen/45_ECFB.svg;https://img.zdic.net/zy/jiaguwen/45_ECFC.svg;https://img.zdic.net/zy/jiaguwen/45_ECFD.svg;https://img.zdic.net/zy/jiaguwen/45_ECFE.svg;https://img.zdic.net/zy/jiaguwen/45_ECFF.svg,glyphs/0135_芾_0.png;glyphs/0135_芾_1.png;glyphs/0135_芾_2.png;glyphs/0135_芾_3.png;glyphs/0135_芾_4.png;glyphs/0135_芾_5.png;glyphs/0135_芾_6.png;glyphs/0135_芾_7.png;glyphs/0135_芾_8.png
136,获,深色,ok,—,hans（/获/jiaguwen）,https://www.zdic.net/hans/获/jiaguwen,1,获甲90 合37588,获甲90 合37588,https://img.zdic.net/zy/jiaguwen/43_E4BE.svg,glyphs/0136_获_0.png
137,葡,淡蓝 #7396FF,L1,实证错配·与金文表同图,hans（/葡/jiaguwen）,https://www.zdic.net/hans/葡/jiaguwen,1,葡合565 合565 賓組,葡合565 合565 賓組,https://img.zdic.net/zy/jiaguwen/44_E24B.svg,glyphs/0137_葡_0.png
138,蓄,淡蓝 #7396FF,L1,实证错配·与金文表同图,hans（/蓄/jiaguwen）,https://www.zdic.net/hans/蓄/jiaguwen,1,蓄寧滬1.521 合29415 何組,蓄寧滬1.521 合29415 何組,https://img.zdic.net/zy/jiaguwen/45_F149.svg,glyphs/0138_蓄_0.png
139,蔓,淡蓝 #7396FF,L1,实证错配·与金文表同图,hans（/蔓/jiaguwen）,https://www.zdic.net/hans/蔓/jiaguwen,17,蔓拾8.5 合9337,蔓拾8.5 合9337 | 蔓前2.28.1 合37779 | 蔓前5.2.3 合1333 賓組 | 蔓後1.9.3 合33102 歷組 | 蔓菁11.19 合21595 | 蔓林1.21.1 合584 賓組 | 蔓林1.22.9 合8113 𠂤組 | 蔓河119 合12859 賓組 | 蔓河225 合24261 出組 | 蔓粹1573 合4531 賓組 | 蔓前5.27.1 合493 賓組 | 蔓前6.18.1 合5476 賓組 | 蔓前7.3.2 合22 賓組 | 蔓前7.26.1 合13414 𠂤賓間 | 蔓乙7357 合17390 賓組 | 蔓寧滬3.152 合40010 | 蔓京都434 合5490,https://img.zdic.net/zy/jiaguwen/43_EC4B.svg;https://img.zdic.net/zy/jiaguwen/43_EC4C.svg;https://img.zdic.net/zy/jiaguwen/43_EC4D.svg;https://img.zdic.net/zy/jiaguwen/43_EC4E.svg;https://img.zdic.net/zy/jiaguwen/43_EC4F.svg;https://img.zdic.net/zy/jiaguwen/43_EC50.svg;https://img.zdic.net/zy/jiaguwen/43_EC51.svg;https://img.zdic.net/zy/jiaguwen/43_EC52.svg;https://img.zdic.net/zy/jiaguwen/43_EC53.svg;https://img.zdic.net/zy/jiaguwen/43_EC54.svg;https://img.zdic.net/zy/jiaguwen/43_EC55.svg;https://img.zdic.net/zy/jiaguwen/43_EC56.svg;https://img.zdic.net/zy/jiaguwen/43_EC57.svg;https://img.zdic.net/zy/jiaguwen/43_EC58.svg;https://img.zdic.net/zy/jiaguwen/43_EC59.svg;https://img.zdic.net/zy/jiaguwen/43_EC5A.svg;https://img.zdic.net/zy/jiaguwen/43_EC5B.svg,glyphs/0139_蔓_0.png;glyphs/0139_蔓_1.png;glyphs/0139_蔓_2.png;glyphs/0139_蔓_3.png;glyphs/0139_蔓_4.png;glyphs/0139_蔓_5.png;glyphs/0139_蔓_6.png;glyphs/0139_蔓_7.png;glyphs/0139_蔓_8.png;glyphs/0139_蔓_9.png;glyphs/0139_蔓_10.png;glyphs/0139_蔓_11.png;glyphs/0139_蔓_12.png;glyphs/0139_蔓_13.png;glyphs/0139_蔓_14.png;glyphs/0139_蔓_15.png;glyphs/0139_蔓_16.png
140,藁,淡蓝 #7396FF,L1,实证错配·与金文表同图,hans（/藁/jiaguwen）,https://www.zdic.net/hans/藁/jiaguwen,1,藁拾5.13 合28132 無名組,藁拾5.13 合28132 無名組,https://img.zdic.net/zy/jiaguwen/42_EA85.svg,glyphs/0140_藁_0.png
141,虿,深色,ok,—,hans（/虿/jiaguwen）,https://www.zdic.net/hans/虿/jiaguwen,19,虿前3.30.5 合9812 𠂤賓間,虿前3.30.5 合9812 𠂤賓間 | 虿前5.31.3 合8353 賓組 | 虿後2.19.8 合17914 | 虿林2.2.13 合7938 賓組 | 虿甲286 合10947 | 虿甲1994 合27362 | 虿乙145 合20338 𠂤組 | 虿乙1215 合6477 賓組 | 虿存下485 合18397 | 虿乙4461 合17915 | 虿乙5956 合10945 | 虿寧滬3.94 合41028 | 虿明藏190 | 虿佚103 合21239 𠂤組 | 虿佚360 | 虿存下582 合21651 子組 | 虿存633 合4170 𠂤賓間 | 虿陳65 合21651 子組 | 虿陳124 合21239 𠂤組,https://img.zdic.net/zy/jiaguwen/43_F5BE.svg;https://img.zdic.net/zy/jiaguwen/43_F5BF.svg;https://img.zdic.net/zy/jiaguwen/43_F5C0.svg;https://img.zdic.net/zy/jiaguwen/43_F5C1.svg;https://img.zdic.net/zy/jiaguwen/43_F5C2.svg;https://img.zdic.net/zy/jiaguwen/43_F5C3.svg;https://img.zdic.net/zy/jiaguwen/43_F5C4.svg;https://img.zdic.net/zy/jiaguwen/43_F5C5.svg;https://img.zdic.net/zy/jiaguwen/43_F5C6.svg;https://img.zdic.net/zy/jiaguwen/43_F5C7.svg;https://img.zdic.net/zy/jiaguwen/43_F5C8.svg;https://img.zdic.net/zy/jiaguwen/43_F5C9.svg;https://img.zdic.net/zy/jiaguwen/43_F5CA.svg;https://img.zdic.net/zy/jiaguwen/43_F5CB.svg;https://img.zdic.net/zy/jiaguwen/43_F5CC.svg;https://img.zdic.net/zy/jiaguwen/43_F5CD.svg;https://img.zdic.net/zy/jiaguwen/43_F5CE.svg;https://img.zdic.net/zy/jiaguwen/43_F5CF.svg;https://img.zdic.net/zy/jiaguwen/43_F5D0.svg,glyphs/0141_虿_0.png;glyphs/0141_虿_1.png;glyphs/0141_虿_2.png;glyphs/0141_虿_3.png;glyphs/0141_虿_4.png;glyphs/0141_虿_5.png;glyphs/0141_虿_6.png;glyphs/0141_虿_7.png;glyphs/0141_虿_8.png;glyphs/0141_虿_9.png;glyphs/0141_虿_10.png;glyphs/0141_虿_11.png;glyphs/0141_虿_12.png;glyphs/0141_虿_13.png;glyphs/0141_虿_14.png;glyphs/0141_虿_15.png;glyphs/0141_虿_16.png;glyphs/0141_虿_17.png;glyphs/0141_虿_18.png
142,蜴,淡蓝 #7396FF,L1,实证错配·与金文表同图,hans（/蜴/jiaguwen）,https://www.zdic.net/hans/蜴/jiaguwen,35,蜴甲3364 合20263,蜴甲3364 合20263 | 蜴乙161 合22349 子組 | 蜴乙4867 合9464 賓組 | 蜴乙3400 合1285 賓組 | 蜴鐵3.2 合13266 | 蜴鐵85.1 合13312 賓組 | 蜴鐵162.1 合13280 | 蜴鐵262.4 合4736 | 蜴拾4.11 合14287 賓組 | 蜴前1.10.2 合25 賓組 | 蜴前4.2.5 合13294 | 蜴前7.4.1 合13307 賓組 | 蜴前7.4.1 合13307 賓組 | 蜴前7.31.3 合1075 賓組 | 蜴前7.40.2 合1075 賓組 | 蜴林1.23.5 合13214 | 蜴戩14.5 合13226 | 蜴戩22.14 合34017 | 蜴佚38 合34010 𠂤歷間 | 蜴佚38 合34010 𠂤歷間 | 蜴佚234 合21099 𠂤組 | 蜴佚662 合20457 | 蜴福20 合13231 | 蜴京津3810 合32494 | 蜴存下733 合34011 | 蜴粹18 合32118 歷組 | 蜴粹178 合19825 | 蜴鄴3下.42.3 合27435 歷組 | 蜴天18 合13321 | 蜴後2.8.5 合11438 賓組 | 蜴坊間3.81 | 蜴摭續125 合33374 歷組 | 蜴續2.6.4 合24929 | 蜴佚518背 | 蜴掇2.160 合21944,https://img.zdic.net/zy/jiaguwen/43_E340.svg;https://img.zdic.net/zy/jiaguwen/43_E341.svg;https://img.zdic.net/zy/jiaguwen/43_E342.svg;https://img.zdic.net/zy/jiaguwen/43_E343.svg;https://img.zdic.net/zy/jiaguwen/43_E344.svg;https://img.zdic.net/zy/jiaguwen/43_E345.svg;https://img.zdic.net/zy/jiaguwen/43_E346.svg;https://img.zdic.net/zy/jiaguwen/43_E347.svg;https://img.zdic.net/zy/jiaguwen/43_E348.svg;https://img.zdic.net/zy/jiaguwen/43_E349.svg;https://img.zdic.net/zy/jiaguwen/43_E34A.svg;https://img.zdic.net/zy/jiaguwen/43_E34B.svg;https://img.zdic.net/zy/jiaguwen/43_E34C.svg;https://img.zdic.net/zy/jiaguwen/43_E34D.svg;https://img.zdic.net/zy/jiaguwen/43_E34E.svg;https://img.zdic.net/zy/jiaguwen/43_E34F.svg;https://img.zdic.net/zy/jiaguwen/43_E350.svg;https://img.zdic.net/zy/jiaguwen/43_E351.svg;https://img.zdic.net/zy/jiaguwen/43_E352.svg;https://img.zdic.net/zy/jiaguwen/43_E353.svg;https://img.zdic.net/zy/jiaguwen/43_E354.svg;https://img.zdic.net/zy/jiaguwen/43_E355.svg;https://img.zdic.net/zy/jiaguwen/43_E356.svg;https://img.zdic.net/zy/jiaguwen/43_E357.svg;https://img.zdic.net/zy/jiaguwen/43_E358.svg;https://img.zdic.net/zy/jiaguwen/43_E359.svg;https://img.zdic.net/zy/jiaguwen/43_E35A.svg;https://img.zdic.net/zy/jiaguwen/43_E35B.svg;https://img.zdic.net/zy/jiaguwen/43_E35C.svg;https://img.zdic.net/zy/jiaguwen/43_E35D.svg;https://img.zdic.net/zy/jiaguwen/43_E35E.svg;https://img.zdic.net/zy/jiaguwen/43_E35F.svg;https://img.zdic.net/zy/jiaguwen/43_E360.svg;https://img.zdic.net/zy/jiaguwen/43_E361.svg;https://img.zdic.net/zy/jiaguwen/43_E362.svg,glyphs/0142_蜴_0.png;glyphs/0142_蜴_1.png;glyphs/0142_蜴_2.png;glyphs/0142_蜴_3.png;glyphs/0142_蜴_4.png;glyphs/0142_蜴_5.png;glyphs/0142_蜴_6.png;glyphs/0142_蜴_7.png;glyphs/0142_蜴_8.png;glyphs/0142_蜴_9.png;glyphs/0142_蜴_10.png;glyphs/0142_蜴_11.png;glyphs/0142_蜴_12.png;glyphs/0142_蜴_13.png;glyphs/0142_蜴_14.png;glyphs/0142_蜴_15.png;glyphs/0142_蜴_16.png;glyphs/0142_蜴_17.png;glyphs/0142_蜴_18.png;glyphs/0142_蜴_19.png;glyphs/0142_蜴_20.png;glyphs/0142_蜴_21.png;glyphs/0142_蜴_22.png;glyphs/0142_蜴_23.png;glyphs/0142_蜴_24.png;glyphs/0142_蜴_25.png;glyphs/0142_蜴_26.png;glyphs/0142_蜴_27.png;glyphs/0142_蜴_28.png;glyphs/0142_蜴_29.png;glyphs/0142_蜴_30.png;glyphs/0142_蜴_31.png;glyphs/0142_蜴_32.png;glyphs/0142_蜴_33.png;glyphs/0142_蜴_34.png
143,蠋,蓝块占位,none,原表无字形,hans（/蠋/jiaguwen）,https://www.zdic.net/hans/蠋/jiaguwen,2,蠋H11:68 西周,蠋H11:68 西周 | 蠋H11:97 西周,https://img.zdic.net/zy/jiaguwen/44_E2E3.svg;https://img.zdic.net/zy/jiaguwen/44_E2E4.svg,glyphs/0143_蠋_0.png;glyphs/0143_蠋_1.png
144,褪,淡蓝 #7396FF,L1,实证错配·与金文表同图,hans（/褪/jiaguwen）,https://www.zdic.net/hans/褪/jiaguwen,5,褪後2.26.7 合32260 歷組,褪後2.26.7 合32260 歷組 | 褪佚882 合34119 歷組 | 褪粹1060 合33690 歷組 | 褪明藏447 | 褪合557 合557 賓組,https://img.zdic.net/zy/jiaguwen/42_E9FF.svg;https://img.zdic.net/zy/jiaguwen/42_EA00.svg;https://img.zdic.net/zy/jiaguwen/42_EA01.svg;https://img.zdic.net/zy/jiaguwen/42_EA02.svg;https://img.zdic.net/zy/jiaguwen/44_E2D1.svg,glyphs/0144_褪_0.png;glyphs/0144_褪_1.png;glyphs/0144_褪_2.png;glyphs/0144_褪_3.png;glyphs/0144_褪_4.png
145,贾,深色,ok,—,hans（/贾/jiaguwen）,https://www.zdic.net/hans/贾/jiaguwen,13,贾乙689 合4698,贾乙689 合4698 | 贾乙752 合698 賓組 | 贾乙3477反 合1822反 賓組 | 贾乙6693反 合6571反 賓組 | 贾乙6752反 合12921反 | 贾鐵272.1 合1090 𠂤賓間 | 贾拾9.16 合4694 | 贾前4.2.3 合4699 | 贾前6.49.8 合8877 賓組 | 贾後2.18.8 合28195 何組 | 贾續2.30.6 合4692 賓組 | 贾佚630 合4690 | 贾佚754 合4695 賓組,https://img.zdic.net/zy/jiaguwen/42_ECCE.svg;https://img.zdic.net/zy/jiaguwen/42_ECCF.svg;https://img.zdic.net/zy/jiaguwen/42_ECD0.svg;https://img.zdic.net/zy/jiaguwen/42_ECD1.svg;https://img.zdic.net/zy/jiaguwen/42_ECD2.svg;https://img.zdic.net/zy/jiaguwen/42_ECD3.svg;https://img.zdic.net/zy/jiaguwen/42_ECD4.svg;https://img.zdic.net/zy/jiaguwen/42_ECD5.svg;https://img.zdic.net/zy/jiaguwen/42_ECD6.svg;https://img.zdic.net/zy/jiaguwen/42_ECD7.svg;https://img.zdic.net/zy/jiaguwen/42_ECD8.svg;https://img.zdic.net/zy/jiaguwen/42_ECD9.svg;https://img.zdic.net/zy/jiaguwen/42_ECDA.svg,glyphs/0145_贾_0.png;glyphs/0145_贾_1.png;glyphs/0145_贾_2.png;glyphs/0145_贾_3.png;glyphs/0145_贾_4.png;glyphs/0145_贾_5.png;glyphs/0145_贾_6.png;glyphs/0145_贾_7.png;glyphs/0145_贾_8.png;glyphs/0145_贾_9.png;glyphs/0145_贾_10.png;glyphs/0145_贾_11.png;glyphs/0145_贾_12.png
146,趾,深色,ok,—,hans（/趾/jiaguwen）,https://www.zdic.net/hans/趾/jiaguwen,18,趾甲600 合33193 歷組,趾甲600 合33193 歷組 | 趾甲1440 合31080 | 趾甲1532 合27434 | 趾甲1897 | 趾甲1978 合28087 何組 | 趾甲2486 合27321 何組 | 趾甲2489 合27627 歷無名間 | 趾甲2744 合34612 歷組 | 趾甲37 合528 | 趾甲634 合30515 | 趾戩49.6 合20197 | 趾後2.25.9 合13426 賓組 | 趾燕535 合13327 | 趾燕639 合573 | 趾庫92 合40373 | 趾佚826 合26786 出組 | 趾乙1206 合974 賓組 | 趾乙3797 合6583 賓組,https://img.zdic.net/zy/jiaguwen/41_E749.svg;https://img.zdic.net/zy/jiaguwen/41_E74A.svg;https://img.zdic.net/zy/jiaguwen/41_E74B.svg;https://img.zdic.net/zy/jiaguwen/41_E74C.svg;https://img.zdic.net/zy/jiaguwen/41_E74D.svg;https://img.zdic.net/zy/jiaguwen/41_E74E.svg;https://img.zdic.net/zy/jiaguwen/41_E74F.svg;https://img.zdic.net/zy/jiaguwen/41_E750.svg;https://img.zdic.net/zy/jiaguwen/41_E751.svg;https://img.zdic.net/zy/jiaguwen/41_E752.svg;https://img.zdic.net/zy/jiaguwen/41_E753.svg;https://img.zdic.net/zy/jiaguwen/41_E754.svg;https://img.zdic.net/zy/jiaguwen/41_E755.svg;https://img.zdic.net/zy/jiaguwen/41_E756.svg;https://img.zdic.net/zy/jiaguwen/41_E757.svg;https://img.zdic.net/zy/jiaguwen/41_E758.svg;https://img.zdic.net/zy/jiaguwen/41_E759.svg;https://img.zdic.net/zy/jiaguwen/41_E75A.svg,glyphs/0146_趾_0.png;glyphs/0146_趾_1.png;glyphs/0146_趾_2.png;glyphs/0146_趾_3.png;glyphs/0146_趾_4.png;glyphs/0146_趾_5.png;glyphs/0146_趾_6.png;glyphs/0146_趾_7.png;glyphs/0146_趾_8.png;glyphs/0146_趾_9.png;glyphs/0146_趾_10.png;glyphs/0146_趾_11.png;glyphs/0146_趾_12.png;glyphs/0146_趾_13.png;glyphs/0146_趾_14.png;glyphs/0146_趾_15.png;glyphs/0146_趾_16.png;glyphs/0146_趾_17.png
147,跤,淡蓝 #7396FF,L1,实证错配·与金文表同图,hans（/跤/jiaguwen）,https://www.zdic.net/hans/跤/jiaguwen,6,跤甲806 合32509 歷組,跤甲806 合32509 歷組 | 跤甲806 合32509 歷組 | 跤甲806 合32509 歷組 | 跤甲961 合20799 | 跤簠雜127 合15667 賓組 | 跤掇2.66,https://img.zdic.net/zy/jiaguwen/43_E6D0.svg;https://img.zdic.net/zy/jiaguwen/43_E6D1.svg;https://img.zdic.net/zy/jiaguwen/43_E6D2.svg;https://img.zdic.net/zy/jiaguwen/43_E6D4.svg;https://img.zdic.net/zy/jiaguwen/43_E6D5.svg;https://img.zdic.net/zy/jiaguwen/43_E6D6.svg,glyphs/0147_跤_0.png;glyphs/0147_跤_1.png;glyphs/0147_跤_2.png;glyphs/0147_跤_3.png;glyphs/0147_跤_4.png;glyphs/0147_跤_5.png
148,蹬,淡蓝 #7396FF,L1,实证错配·与金文表同图,hans（/蹬/jiaguwen）,https://www.zdic.net/hans/蹬/jiaguwen,11,蹬掇1.385 合28180 無名組,蹬掇1.385 合28180 無名組 | 蹬燕664 合8564 賓組 | 蹬甲116 | 蹬前5.2.1 合10896 | 蹬續4.34.2 合4641 | 蹬師友2.73 | 蹬燕582 合4646 賓組 | 蹬林1.29.15 合4648 | 蹬庫1334 | 蹬七S73 | 蹬七X4 合4647 賓組,https://img.zdic.net/zy/jiaguwen/41_E7B3.svg;https://img.zdic.net/zy/jiaguwen/41_E7B4.svg;https://img.zdic.net/zy/jiaguwen/41_E7B5.svg;https://img.zdic.net/zy/jiaguwen/41_E7B6.svg;https://img.zdic.net/zy/jiaguwen/41_E7B7.svg;https://img.zdic.net/zy/jiaguwen/41_E7B8.svg;https://img.zdic.net/zy/jiaguwen/41_E7B9.svg;https://img.zdic.net/zy/jiaguwen/41_E7BA.svg;https://img.zdic.net/zy/jiaguwen/41_E7BB.svg;https://img.zdic.net/zy/jiaguwen/41_E7BC.svg;https://img.zdic.net/zy/jiaguwen/41_E7BD.svg,glyphs/0148_蹬_0.png;glyphs/0148_蹬_1.png;glyphs/0148_蹬_2.png;glyphs/0148_蹬_3.png;glyphs/0148_蹬_4.png;glyphs/0148_蹬_5.png;glyphs/0148_蹬_6.png;glyphs/0148_蹬_7.png;glyphs/0148_蹬_8.png;glyphs/0148_蹬_9.png;glyphs/0148_蹬_10.png
149,达,淡蓝 #7396FF,L2,淡蓝同批·待核,hans（/达/jiaguwen）,https://www.zdic.net/hans/达/jiaguwen,3,达存2011 合27745 何組,达存2011 合27745 何組 | 达佚429 合22303 亞組 | 达京都624 合18704,https://img.zdic.net/zy/jiaguwen/41_E8E2.svg;https://img.zdic.net/zy/jiaguwen/41_E8E3.svg;https://img.zdic.net/zy/jiaguwen/41_E8E4.svg,glyphs/0149_达_0.png;glyphs/0149_达_1.png;glyphs/0149_达_2.png
150,通,深色,ok,—,hans（/通/jiaguwen）,https://www.zdic.net/hans/通/jiaguwen,14,通京津3136 合20513,通京津3136 合20513 | 通庫1051 合20521 𠂤賓間 | 通京津3135 合20512 𠂤歷間 | 通佚661 合20520 𠂤歷間 | 通甲709 合20510 𠂤歷間 | 通甲3374 合19834 𠂤賓間 | 通粹1192 合20522 𠂤歷間 | 通粹1193 合20516 𠂤歷間 | 通京津4323 合33199 | 通摭續146 合20511 𠂤歷間 | 通七X3 合19929 𠂤組 | 通京都1857 合31072 無名組 | 通京都3054 合20519 𠂤歷間 | 通京都3132 合20518,https://img.zdic.net/zy/jiaguwen/41_E8C8.svg;https://img.zdic.net/zy/jiaguwen/41_E8C9.svg;https://img.zdic.net/zy/jiaguwen/41_E8CA.svg;https://img.zdic.net/zy/jiaguwen/41_E8CB.svg;https://img.zdic.net/zy/jiaguwen/41_E8CC.svg;https://img.zdic.net/zy/jiaguwen/41_E8CD.svg;https://img.zdic.net/zy/jiaguwen/41_E8CE.svg;https://img.zdic.net/zy/jiaguwen/41_E8CF.svg;https://img.zdic.net/zy/jiaguwen/41_E8D0.svg;https://img.zdic.net/zy/jiaguwen/41_E8D1.svg;https://img.zdic.net/zy/jiaguwen/41_E8D2.svg;https://img.zdic.net/zy/jiaguwen/41_E8D3.svg;https://img.zdic.net/zy/jiaguwen/41_E8D4.svg;https://img.zdic.net/zy/jiaguwen/41_E8D5.svg,glyphs/0150_通_0.png;glyphs/0150_通_1.png;glyphs/0150_通_2.png;glyphs/0150_通_3.png;glyphs/0150_通_4.png;glyphs/0150_通_5.png;glyphs/0150_通_6.png;glyphs/0150_通_7.png;glyphs/0150_通_8.png;glyphs/0150_通_9.png;glyphs/0150_通_10.png;glyphs/0150_通_11.png;glyphs/0150_通_12.png;glyphs/0150_通_13.png
151,野,淡蓝 #7396FF,L1,实证错配·与金文表同图,hans（/野/jiaguwen）,https://www.zdic.net/hans/野/jiaguwen,4,野前4.33.5,野前4.33.5 | 野後2.3.1 合18419 賓組 | 野鄴3下.38.4 合30173 歷無名間 | 野乙360 合22027 子組,https://img.zdic.net/zy/jiaguwen/43_F30A.svg;https://img.zdic.net/zy/jiaguwen/43_F30B.svg;https://img.zdic.net/zy/jiaguwen/43_F30C.svg;https://img.zdic.net/zy/jiaguwen/43_F30D.svg,glyphs/0151_野_0.png;glyphs/0151_野_1.png;glyphs/0151_野_2.png;glyphs/0151_野_3.png
152,镉,淡蓝 #7396FF,L2,淡蓝同批·待核,hans（/镉/jiaguwen）,https://www.zdic.net/hans/镉/jiaguwen,4,镉甲2132 合18631 賓組,镉甲2132 合18631 賓組 | 镉乙2544 合4855 賓組 | 镉粹1543 合31030 無名組 | 镉明藏625,https://img.zdic.net/zy/jiaguwen/41_EDC7.svg;https://img.zdic.net/zy/jiaguwen/41_EDC8.svg;https://img.zdic.net/zy/jiaguwen/41_EDC9.svg;https://img.zdic.net/zy/jiaguwen/41_EDCA.svg,glyphs/0152_镉_0.png;glyphs/0152_镉_1.png;glyphs/0152_镉_2.png;glyphs/0152_镉_3.png
153,闻,深色,ok,—,hans（/闻/jiaguwen）,https://www.zdic.net/hans/闻/jiaguwen,17,闻餘9.1 合5004 賓組,闻餘9.1 合5004 賓組 | 闻餘9.3 合19174 賓組 | 闻前6.17.1 合6744 賓組 | 闻前7.7.3 合7215 賓組 | 闻前7.31.2 合1075 賓組 | 闻甲1289 合11485 賓組 | 闻乙3250 合2422 賓組 | 闻續1.13.5 合6167 賓組 | 闻明藏763 | 闻存175 合9510 | 闻簠帝3 合7214 賓組 | 闻京都453 合17145 賓組 | 闻乙6273 合10936 賓組 | 闻明藏614 | 闻後2.7.13 合9100 賓組 | 闻京津1599 合20153 𠂤組 | 闻存1376 合18089 賓組,https://img.zdic.net/zy/jiaguwen/43_EC17.svg;https://img.zdic.net/zy/jiaguwen/43_EC18.svg;https://img.zdic.net/zy/jiaguwen/43_EC19.svg;https://img.zdic.net/zy/jiaguwen/43_EC1A.svg;https://img.zdic.net/zy/jiaguwen/43_EC1B.svg;https://img.zdic.net/zy/jiaguwen/43_EC1C.svg;https://img.zdic.net/zy/jiaguwen/43_EC1D.svg;https://img.zdic.net/zy/jiaguwen/43_EC1E.svg;https://img.zdic.net/zy/jiaguwen/43_EC1F.svg;https://img.zdic.net/zy/jiaguwen/43_EC20.svg;https://img.zdic.net/zy/jiaguwen/43_EC21.svg;https://img.zdic.net/zy/jiaguwen/43_EC22.svg;https://img.zdic.net/zy/jiaguwen/43_EC38.svg;https://img.zdic.net/zy/jiaguwen/43_EC39.svg;https://img.zdic.net/zy/jiaguwen/43_EC3A.svg;https://img.zdic.net/zy/jiaguwen/43_EC3B.svg;https://img.zdic.net/zy/jiaguwen/43_EC3C.svg,glyphs/0153_闻_0.png;glyphs/0153_闻_1.png;glyphs/0153_闻_2.png;glyphs/0153_闻_3.png;glyphs/0153_闻_4.png;glyphs/0153_闻_5.png;glyphs/0153_闻_6.png;glyphs/0153_闻_7.png;glyphs/0153_闻_8.png;glyphs/0153_闻_9.png;glyphs/0153_闻_10.png;glyphs/0153_闻_11.png;glyphs/0153_闻_12.png;glyphs/0153_闻_13.png;glyphs/0153_闻_14.png;glyphs/0153_闻_15.png;glyphs/0153_闻_16.png
154,队,淡蓝 #7396FF,L2,淡蓝同批·待核,hans（/队/jiaguwen）,https://www.zdic.net/hans/队/jiaguwen,6,队前5.21.1 合17310,队前5.21.1 合17310 | 队金124 合41027 | 队粹1580 合18789 | 队明藏146 | 队菁3.1 合10405 賓組 | 队甲347 合18752 賓組,https://img.zdic.net/zy/jiaguwen/43_F4C2.svg;https://img.zdic.net/zy/jiaguwen/43_F4C3.svg;https://img.zdic.net/zy/jiaguwen/43_F4C4.svg;https://img.zdic.net/zy/jiaguwen/43_F4C5.svg;https://img.zdic.net/zy/jiaguwen/43_F4C6.svg;https://img.zdic.net/zy/jiaguwen/43_F4C7.svg,glyphs/0154_队_0.png;glyphs/0154_队_1.png;glyphs/0154_队_2.png;glyphs/0154_队_3.png;glyphs/0154_队_4.png;glyphs/0154_队_5.png
155,陡,淡蓝 #7396FF,L1,实证错配·与金文表同图,hans（/陡/jiaguwen）,https://www.zdic.net/hans/陡/jiaguwen,11,陡甲3249,陡甲3249 | 陡乙94 合21346 | 陡乙117 合21344 𠂤組 | 陡乙134 合21355 𠂤組 | 陡乙150 合21345 | 陡乙158 合21356 𠂤組 | 陡乙8514 合21340 𠂤組 | 陡京津2512 合3225 賓組 | 陡鄴2下.36.9 合20858 | 陡鄴2下.35.12 合20421 𠂤組 | 陡存1285 合21357,https://img.zdic.net/zy/jiaguwen/43_EEB3.svg;https://img.zdic.net/zy/jiaguwen/43_EEB4.svg;https://img.zdic.net/zy/jiaguwen/43_EEB5.svg;https://img.zdic.net/zy/jiaguwen/43_EEB6.svg;https://img.zdic.net/zy/jiaguwen/43_EEB7.svg;https://img.zdic.net/zy/jiaguwen/43_EEB8.svg;https://img.zdic.net/zy/jiaguwen/43_EEBA.svg;https://img.zdic.net/zy/jiaguwen/43_EEBB.svg;https://img.zdic.net/zy/jiaguwen/43_EEBC.svg;https://img.zdic.net/zy/jiaguwen/43_EEBD.svg;https://img.zdic.net/zy/jiaguwen/43_EEBE.svg,glyphs/0155_陡_0.png;glyphs/0155_陡_1.png;glyphs/0155_陡_2.png;glyphs/0155_陡_3.png;glyphs/0155_陡_4.png;glyphs/0155_陡_5.png;glyphs/0155_陡_6.png;glyphs/0155_陡_7.png;glyphs/0155_陡_8.png;glyphs/0155_陡_9.png;glyphs/0155_陡_10.png
156,隧,淡蓝 #7396FF,L2,淡蓝同批·待核,hans（/隧/jiaguwen）,https://www.zdic.net/hans/隧/jiaguwen,6,隧前5.21.1 合17310,隧前5.21.1 合17310 | 隧金124 合41027 | 隧粹1580 合18789 | 隧明藏146 | 隧菁3.1 合10405 賓組 | 隧甲347 合18752 賓組,https://img.zdic.net/zy/jiaguwen/43_F4C2.svg;https://img.zdic.net/zy/jiaguwen/43_F4C3.svg;https://img.zdic.net/zy/jiaguwen/43_F4C4.svg;https://img.zdic.net/zy/jiaguwen/43_F4C5.svg;https://img.zdic.net/zy/jiaguwen/43_F4C6.svg;https://img.zdic.net/zy/jiaguwen/43_F4C7.svg,glyphs/0156_隧_0.png;glyphs/0156_隧_1.png;glyphs/0156_隧_2.png;glyphs/0156_隧_3.png;glyphs/0156_隧_4.png;glyphs/0156_隧_5.png
157,雷,深色,ok,—,hans（/雷/jiaguwen）,https://www.zdic.net/hans/雷/jiaguwen,22,雷粹1570 合24364 出組,雷粹1570 合24364 出組 | 雷明藏395 | 雷乙529 合14129 賓組 | 雷前7.26.2 合4006 | 雷前7.26.2 合4006 | 雷乙563反 合14131反 賓組 | 雷乙727 合3947 賓組 | 雷乙564 合19638 賓組 | 雷前4.11.7 合13409 賓組 | 雷後2.42.7 合21797 | 雷後2.1.12 合13406 賓組 | 雷佚367 合13415 𠂤賓間 | 雷佚838 合13410 賓組 | 雷存下87 合13216 賓組 | 雷存下589 合21796 子組 | 雷乙3864 合13696 賓組 | 雷珠840 合13413 𠂤賓間 | 雷前3.19.3 合24868 出組 | 雷前3.22.1 合13419 賓組 | 雷前4.10.1 | 雷前7.24.4 | 雷乙12 合21021 𠂤組,https://img.zdic.net/zy/jiaguwen/43_EA85.svg;https://img.zdic.net/zy/jiaguwen/43_EA86.svg;https://img.zdic.net/zy/jiaguwen/43_EA87.svg;https://img.zdic.net/zy/jiaguwen/43_EA88.svg;https://img.zdic.net/zy/jiaguwen/43_EA89.svg;https://img.zdic.net/zy/jiaguwen/43_EA8A.svg;https://img.zdic.net/zy/jiaguwen/43_EA8B.svg;https://img.zdic.net/zy/jiaguwen/43_EA8C.svg;https://img.zdic.net/zy/jiaguwen/43_EA8D.svg;https://img.zdic.net/zy/jiaguwen/43_EA8E.svg;https://img.zdic.net/zy/jiaguwen/43_EA8F.svg;https://img.zdic.net/zy/jiaguwen/43_EA90.svg;https://img.zdic.net/zy/jiaguwen/43_EA91.svg;https://img.zdic.net/zy/jiaguwen/43_EA92.svg;https://img.zdic.net/zy/jiaguwen/43_EA93.svg;https://img.zdic.net/zy/jiaguwen/43_EA94.svg;https://img.zdic.net/zy/jiaguwen/43_EA95.svg;https://img.zdic.net/zy/jiaguwen/43_EA96.svg;https://img.zdic.net/zy/jiaguwen/43_EA97.svg;https://img.zdic.net/zy/jiaguwen/43_EA98.svg;https://img.zdic.net/zy/jiaguwen/43_EA99.svg;https://img.zdic.net/zy/jiaguwen/43_EA9A.svg,glyphs/0157_雷_0.png;glyphs/0157_雷_1.png;glyphs/0157_雷_2.png;glyphs/0157_雷_3.png;glyphs/0157_雷_4.png;glyphs/0157_雷_5.png;glyphs/0157_雷_6.png;glyphs/0157_雷_7.png;glyphs/0157_雷_8.png;glyphs/0157_雷_9.png;glyphs/0157_雷_10.png;glyphs/0157_雷_11.png;glyphs/0157_雷_12.png;glyphs/0157_雷_13.png;glyphs/0157_雷_14.png;glyphs/0157_雷_15.png;glyphs/0157_雷_16.png;glyphs/0157_雷_17.png;glyphs/0157_雷_18.png;glyphs/0157_雷_19.png;glyphs/0157_雷_20.png;glyphs/0157_雷_21.png
158,霰,深色,ok,—,hans（/霰/jiaguwen）,https://www.zdic.net/hans/霰/jiaguwen,2,霰前4.9.8 合13010 賓組,霰前4.9.8 合13010 賓組 | 霰前4.47.2 合11010 賓組,https://img.zdic.net/zy/jiaguwen/43_EAA7.svg;https://img.zdic.net/zy/jiaguwen/43_EAA8.svg,glyphs/0158_霰_0.png;glyphs/0158_霰_1.png
159,霾,深色,ok,—,hans（/霾/jiaguwen）,https://www.zdic.net/hans/霾/jiaguwen,6,霾前6.4.9,霾前6.4.9 | 霾前7.11.3 合13466 賓組 | 霾甲28402 | 霾甲3754反 合8859反 賓組 | 霾明758 合13465 賓組 | 霾寧滬3.24 合40779,https://img.zdic.net/zy/jiaguwen/43_EAB0.svg;https://img.zdic.net/zy/jiaguwen/43_EAB1.svg;https://img.zdic.net/zy/jiaguwen/43_EAB2.svg;https://img.zdic.net/zy/jiaguwen/43_EAB3.svg;https://img.zdic.net/zy/jiaguwen/43_EAB4.svg;https://img.zdic.net/zy/jiaguwen/43_EAB5.svg,glyphs/0159_霾_0.png;glyphs/0159_霾_1.png;glyphs/0159_霾_2.png;glyphs/0159_霾_3.png;glyphs/0159_霾_4.png;glyphs/0159_霾_5.png
160,鬃,淡蓝 #7396FF,L1,实证错配·与金文表同图,hans（/鬃/jiaguwen）,https://www.zdic.net/hans/鬃/jiaguwen,1,鬃京津1372 合5716 賓組,鬃京津1372 合5716 賓組,https://img.zdic.net/zy/jiaguwen/42_F5FC.svg,glyphs/0160_鬃_0.png
161,鸣,深色,ok,—,hans（/鸣/jiaguwen）,https://www.zdic.net/hans/鸣/jiaguwen,28,鸣前5.46.4 合23684 出組,鸣前5.46.4 合23684 出組 | 鸣前5.46.5 合6769 賓組 | 鸣前5.46.6 合17367 | 鸣前8.5.3 合21384 子組 | 鸣後2.6.11 合8707 | 鸣後2.6.13 合4725 | 鸣後2.6.13 合4725 | 鸣戩42.10 合31287 無名組 | 鸣戩42.11 合4724 𠂤賓間 | 鸣甲956 合20642 | 鸣甲2415 合522 賓組 | 鸣甲2814 合6768 賓組 | 鸣甲3112 合10514 𠂤賓間 | 鸣甲3622 合27918 | 鸣乙5405 合22099 子組 | 鸣簠人70 合4723 賓組 | 鸣京津2136 合4155 𠂤賓間 | 鸣京津2173 合4721 𠂤賓間 | 鸣鄴初下.33.5 合4722 賓組 | 鸣京津4012 合27253 何組 | 鸣粹1256 合31677 無名組 | 鸣珠578 合17368 | 鸣庫1228 | 鸣金590 合39835 | 鸣金732 合40742 | 鸣明1433 合22037 | 鸣佚580 合28022 無名組 | 鸣存616 合1110 賓組,https://img.zdic.net/zy/jiaguwen/42_E0C3.svg;https://img.zdic.net/zy/jiaguwen/42_E0C4.svg;https://img.zdic.net/zy/jiaguwen/42_E0C5.svg;https://img.zdic.net/zy/jiaguwen/42_E0C6.svg;https://img.zdic.net/zy/jiaguwen/42_E0C7.svg;https://img.zdic.net/zy/jiaguwen/42_E0C8.svg;https://img.zdic.net/zy/jiaguwen/42_E0C9.svg;https://img.zdic.net/zy/jiaguwen/42_E0CA.svg;https://img.zdic.net/zy/jiaguwen/42_E0CB.svg;https://img.zdic.net/zy/jiaguwen/42_E0CC.svg;https://img.zdic.net/zy/jiaguwen/42_E0CD.svg;https://img.zdic.net/zy/jiaguwen/42_E0CE.svg;https://img.zdic.net/zy/jiaguwen/42_E0CF.svg;https://img.zdic.net/zy/jiaguwen/42_E0D0.svg;https://img.zdic.net/zy/jiaguwen/42_E0D1.svg;https://img.zdic.net/zy/jiaguwen/42_E0D2.svg;https://img.zdic.net/zy/jiaguwen/42_E0D3.svg;https://img.zdic.net/zy/jiaguwen/42_E0D4.svg;https://img.zdic.net/zy/jiaguwen/42_E0D5.svg;https://img.zdic.net/zy/jiaguwen/42_E0D6.svg;https://img.zdic.net/zy/jiaguwen/42_E0D7.svg;https://img.zdic.net/zy/jiaguwen/42_E0D8.svg;https://img.zdic.net/zy/jiaguwen/42_E0D9.svg;https://img.zdic.net/zy/jiaguwen/42_E0DA.svg;https://img.zdic.net/zy/jiaguwen/42_E0DB.svg;https://img.zdic.net/zy/jiaguwen/42_E0DC.svg;https://img.zdic.net/zy/jiaguwen/42_E0DD.svg;https://img.zdic.net/zy/jiaguwen/42_E0DE.svg,glyphs/0161_鸣_0.png;glyphs/0161_鸣_1.png;glyphs/0161_鸣_2.png;glyphs/0161_鸣_3.png;glyphs/0161_鸣_4.png;glyphs/0161_鸣_5.png;glyphs/0161_鸣_6.png;glyphs/0161_鸣_7.png;glyphs/0161_鸣_8.png;glyphs/0161_鸣_9.png;glyphs/0161_鸣_10.png;glyphs/0161_鸣_11.png;glyphs/0161_鸣_12.png;glyphs/0161_鸣_13.png;glyphs/0161_鸣_14.png;glyphs/0161_鸣_15.png;glyphs/0161_鸣_16.png;glyphs/0161_鸣_17.png;glyphs/0161_鸣_18.png;glyphs/0161_鸣_19.png;glyphs/0161_鸣_20.png;glyphs/0161_鸣_21.png;glyphs/0161_鸣_22.png;glyphs/0161_鸣_23.png;glyphs/0161_鸣_24.png;glyphs/0161_鸣_25.png;glyphs/0161_鸣_26.png;glyphs/0161_鸣_27.png
162,麇,深色,ok,—,hans（/麇/jiaguwen）,https://www.zdic.net/hans/麇/jiaguwen,3,麇前4.48.8 合4600 賓組,麇前4.48.8 合4600 賓組 | 麇前7.28.4 合4596 賓組 | 麇京津1345,https://img.zdic.net/zy/jiaguwen/43_E445.svg;https://img.zdic.net/zy/jiaguwen/43_E446.svg;https://img.zdic.net/zy/jiaguwen/43_E447.svg,glyphs/0162_麇_0.png;glyphs/0162_麇_1.png;glyphs/0162_麇_2.png
163,麋,深色,ok,—,hans（/麋/jiaguwen）,https://www.zdic.net/hans/麋/jiaguwen,44,麋甲3180 合18322,麋甲3180 合18322 | 麋乙5338 合10344 賓組 | 麋鐵120.1 合10374 𠂤賓間 | 麋鐵221.3 合10379 | 麋後2.26.10 合10376 | 麋林2.14.10 合10378 | 麋林2.14.11 | 麋林2.14.12 合10375 | 麋戩15.1 合29857 | 麋京津1472 合10373 賓組 | 麋京津1474 合10383 | 麋餘12.3 合10990 賓組 | 麋寧滬1.401 合28367 | 麋金687 | 麋庫1799 合40133 | 麋佚43 合20723 𠂤組 | 麋佚50 合1944 | 麋佚50 合1944 | 麋佚50 合1944 | 麋佚414 合35261 賓組 | 麋佚414 合35261 賓組 | 麋佚414 合35261 賓組 | 麋佚930 合10360 | 麋甲882 合35263 | 麋粹959E 合35261 賓組 | 麋燕410 合10350 | 麋福5 合10347 | 麋鄴初下.32.3 合35264 | 麋京津4502 合28374 無名組 | 麋拾13.5 合10366 | 麋戩41.11 合28359 𠂤組 | 麋師友1.166 | 麋甲1551 合28360 何組 | 麋甲1895 合28381 何組 | 麋甲1970 合28358 | 麋甲2079 合28368 | 麋甲2695 合26899 何組 | 麋京津4506 合28386 | 麋續3.31.6 合37458 黃組 | 麋珠111 合28362 | 麋拾6.11 合29405 無名組 | 麋前2.26.7 合37460 黃組 | 麋前2.32.4 合37459 黃組 | 麋前4.5.6 合37464 黃組,https://img.zdic.net/zy/jiaguwen/43_E419.svg;https://img.zdic.net/zy/jiaguwen/43_E41A.svg;https://img.zdic.net/zy/jiaguwen/43_E41B.svg;https://img.zdic.net/zy/jiaguwen/43_E41C.svg;https://img.zdic.net/zy/jiaguwen/43_E41D.svg;https://img.zdic.net/zy/jiaguwen/43_E41E.svg;https://img.zdic.net/zy/jiaguwen/43_E41F.svg;https://img.zdic.net/zy/jiaguwen/43_E420.svg;https://img.zdic.net/zy/jiaguwen/43_E421.svg;https://img.zdic.net/zy/jiaguwen/43_E422.svg;https://img.zdic.net/zy/jiaguwen/43_E423.svg;https://img.zdic.net/zy/jiaguwen/43_E424.svg;https://img.zdic.net/zy/jiaguwen/43_E425.svg;https://img.zdic.net/zy/jiaguwen/43_E426.svg;https://img.zdic.net/zy/jiaguwen/43_E427.svg;https://img.zdic.net/zy/jiaguwen/43_E428.svg;https://img.zdic.net/zy/jiaguwen/43_E429.svg;https://img.zdic.net/zy/jiaguwen/43_E42A.svg;https://img.zdic.net/zy/jiaguwen/43_E42B.svg;https://img.zdic.net/zy/jiaguwen/43_E42C.svg;https://img.zdic.net/zy/jiaguwen/43_E42D.svg;https://img.zdic.net/zy/jiaguwen/43_E42E.svg;https://img.zdic.net/zy/jiaguwen/43_E42F.svg;https://img.zdic.net/zy/jiaguwen/43_E430.svg;https://img.zdic.net/zy/jiaguwen/43_E431.svg;https://img.zdic.net/zy/jiaguwen/43_E432.svg;https://img.zdic.net/zy/jiaguwen/43_E433.svg;https://img.zdic.net/zy/jiaguwen/43_E434.svg;https://img.zdic.net/zy/jiaguwen/43_E435.svg;https://img.zdic.net/zy/jiaguwen/43_E436.svg;https://img.zdic.net/zy/jiaguwen/43_E437.svg;https://img.zdic.net/zy/jiaguwen/43_E438.svg;https://img.zdic.net/zy/jiaguwen/43_E439.svg;https://img.zdic.net/zy/jiaguwen/43_E43A.svg;https://img.zdic.net/zy/jiaguwen/43_E43B.svg;https://img.zdic.net/zy/jiaguwen/43_E43C.svg;https://img.zdic.net/zy/jiaguwen/43_E43D.svg;https://img.zdic.net/zy/jiaguwen/43_E43E.svg;https://img.zdic.net/zy/jiaguwen/43_E43F.svg;https://img.zdic.net/zy/jiaguwen/43_E440.svg;https://img.zdic.net/zy/jiaguwen/43_E441.svg;https://img.zdic.net/zy/jiaguwen/43_E442.svg;https://img.zdic.net/zy/jiaguwen/43_E443.svg;https://img.zdic.net/zy/jiaguwen/43_E444.svg,glyphs/0163_麋_0.png;glyphs/0163_麋_1.png;glyphs/0163_麋_2.png;glyphs/0163_麋_3.png;glyphs/0163_麋_4.png;glyphs/0163_麋_5.png;glyphs/0163_麋_6.png;glyphs/0163_麋_7.png;glyphs/0163_麋_8.png;glyphs/0163_麋_9.png;glyphs/0163_麋_10.png;glyphs/0163_麋_11.png;glyphs/0163_麋_12.png;glyphs/0163_麋_13.png;glyphs/0163_麋_14.png;glyphs/0163_麋_15.png;glyphs/0163_麋_16.png;glyphs/0163_麋_17.png;glyphs/0163_麋_18.png;glyphs/0163_麋_19.png;glyphs/0163_麋_20.png;glyphs/0163_麋_21.png;glyphs/0163_麋_22.png;glyphs/0163_麋_23.png;glyphs/0163_麋_24.png;glyphs/0163_麋_25.png;glyphs/0163_麋_26.png;glyphs/0163_麋_27.png;glyphs/0163_麋_28.png;glyphs/0163_麋_29.png;glyphs/0163_麋_30.png;glyphs/0163_麋_31.png;glyphs/0163_麋_32.png;glyphs/0163_麋_33.png;glyphs/0163_麋_34.png;glyphs/0163_麋_35.png;glyphs/0163_麋_36.png;glyphs/0163_麋_37.png;glyphs/0163_麋_38.png;glyphs/0163_麋_39.png;glyphs/0163_麋_40.png;glyphs/0163_麋_41.png;glyphs/0163_麋_42.png;glyphs/0163_麋_43.png
164,亏,淡蓝 #7396FF,L1,实证错配·与金文表同图,hans（/亏/jiaguwen）,https://www.zdic.net/hans/亏/jiaguwen,41,亏鐵145.3 合4116,亏鐵145.3 合4116 | 亏拾11.1 合3016 | 亏拾5.14 合22097 午組 | 亏前1.43.4 合2619 賓組 | 亏前1.44.2 合1345 | 亏前1.53.1 合18866 賓組 | 亏前6.30.3 合13572 賓組 | 亏前8.14.2 合20333 𠂤組 | 亏戩4.1 合32519 | 亏戩37.3 合34515 | 亏甲302 合36393 黃組 | 亏甲436 合20074 賓組 | 亏乙3400 合1285 賓組 | 亏佚376 合33275 歷組 | 亏佚383 合19957 賓組 | 亏福8 合37386 黃組 | 亏乙6687 合22066 午組 | 亏乙6690 合22094 午組 | 亏乙7795 合6834 賓組 | 亏乙6673 合11498 賓組 | 亏前8.1.5 合21577 子組 | 亏前8.2.7 合20133 | 亏前8.4.7 合19971 𠂤組 | 亏前8.6.3 合21661 子組 | 亏前8.9.3 合21624 子組 | 亏前8.11.3 合21897 子組 | 亏後2.41.9 合21631 子組 | 亏後2.41.16 合20450 𠂤組 | 亏後2.42.9 | 亏後2.43.1 合21113 | 亏菁11.19 合21595 | 亏菁11.20 合21676 | 亏戩21.13 合21582 | 亏甲3939 合37398 無名黃間 | 亏甲3941 合37743 無名黃間 | 亏佚426 | 亏佚518 | 亏乙9067 合20975 𠂤組 | 亏京津3083 合21216 𠂤組 | 亏掇2.49 合38762 黃組 | 亏甲2907 合19946 𠂤組,https://img.zdic.net/zy/jiaguwen/42_E47C.svg;https://img.zdic.net/zy/jiaguwen/42_E47D.svg;https://img.zdic.net/zy/jiaguwen/42_E47E.svg;https://img.zdic.net/zy/jiaguwen/42_E47F.svg;https://img.zdic.net/zy/jiaguwen/42_E480.svg;https://img.zdic.net/zy/jiaguwen/42_E481.svg;https://img.zdic.net/zy/jiaguwen/42_E482.svg;https://img.zdic.net/zy/jiaguwen/42_E483.svg;https://img.zdic.net/zy/jiaguwen/42_E484.svg;https://img.zdic.net/zy/jiaguwen/42_E485.svg;https://img.zdic.net/zy/jiaguwen/42_E486.svg;https://img.zdic.net/zy/jiaguwen/42_E487.svg;https://img.zdic.net/zy/jiaguwen/42_E488.svg;https://img.zdic.net/zy/jiaguwen/42_E489.svg;https://img.zdic.net/zy/jiaguwen/42_E48A.svg;https://img.zdic.net/zy/jiaguwen/42_E48B.svg;https://img.zdic.net/zy/jiaguwen/42_E48C.svg;https://img.zdic.net/zy/jiaguwen/42_E48D.svg;https://img.zdic.net/zy/jiaguwen/42_E48E.svg;https://img.zdic.net/zy/jiaguwen/42_E48F.svg;https://img.zdic.net/zy/jiaguwen/42_E490.svg;https://img.zdic.net/zy/jiaguwen/42_E491.svg;https://img.zdic.net/zy/jiaguwen/42_E492.svg;https://img.zdic.net/zy/jiaguwen/42_E493.svg;https://img.zdic.net/zy/jiaguwen/42_E494.svg;https://img.zdic.net/zy/jiaguwen/42_E495.svg;https://img.zdic.net/zy/jiaguwen/42_E496.svg;https://img.zdic.net/zy/jiaguwen/42_E497.svg;https://img.zdic.net/zy/jiaguwen/42_E498.svg;https://img.zdic.net/zy/jiaguwen/42_E499.svg;https://img.zdic.net/zy/jiaguwen/42_E49A.svg;https://img.zdic.net/zy/jiaguwen/42_E49B.svg;https://img.zdic.net/zy/jiaguwen/42_E49C.svg;https://img.zdic.net/zy/jiaguwen/42_E49D.svg;https://img.zdic.net/zy/jiaguwen/42_E49E.svg;https://img.zdic.net/zy/jiaguwen/42_E49F.svg;https://img.zdic.net/zy/jiaguwen/42_E4A0.svg;https://img.zdic.net/zy/jiaguwen/42_E4A1.svg;https://img.zdic.net/zy/jiaguwen/42_E4A2.svg;https://img.zdic.net/zy/jiaguwen/42_E4A3.svg;https://img.zdic.net/zy/jiaguwen/42_E4A4.svg,glyphs/0164_亏_0.png;glyphs/0164_亏_1.png;glyphs/0164_亏_2.png;glyphs/0164_亏_3.png;glyphs/0164_亏_4.png;glyphs/0164_亏_5.png;glyphs/0164_亏_6.png;glyphs/0164_亏_7.png;glyphs/0164_亏_8.png;glyphs/0164_亏_9.png;glyphs/0164_亏_10.png;glyphs/0164_亏_11.png;glyphs/0164_亏_12.png;glyphs/0164_亏_13.png;glyphs/0164_亏_14.png;glyphs/0164_亏_15.png;glyphs/0164_亏_16.png;glyphs/0164_亏_17.png;glyphs/0164_亏_18.png;glyphs/0164_亏_19.png;glyphs/0164_亏_20.png;glyphs/0164_亏_21.png;glyphs/0164_亏_22.png;glyphs/0164_亏_23.png;glyphs/0164_亏_24.png;glyphs/0164_亏_25.png;glyphs/0164_亏_26.png;glyphs/0164_亏_27.png;glyphs/0164_亏_28.png;glyphs/0164_亏_29.png;glyphs/0164_亏_30.png;glyphs/0164_亏_31.png;glyphs/0164_亏_32.png;glyphs/0164_亏_33.png;glyphs/0164_亏_34.png;glyphs/0164_亏_35.png;glyphs/0164_亏_36.png;glyphs/0164_亏_37.png;glyphs/0164_亏_38.png;glyphs/0164_亏_39.png;glyphs/0164_亏_40.png
165,亨,深色,ok,—,hans（/亨/jiaguwen）,https://www.zdic.net/hans/亨/jiaguwen,25,亨京津1046,亨京津1046 | 亨乙4196反 合18810反 | 亨乙4247 | 亨京津1554 合691 賓組 | 亨鐵113.1 合16059 | 亨鐵152.3 合961 賓組 | 亨後1.12.9 合4632 | 亨後1.21.6 合32262 | 亨後2.17.9 合24917 | 亨佚524 合13619 賓組 | 亨粹1315 合32986 歷組 | 亨珠284 合13524 | 亨甲2160 | 亨存1852 合33216 歷組 | 亨存下846 合41500 | 亨前2.38.4 合37660 黃組 | 亨佚184 合36561 | 亨燕47 合36680 黃組 | 亨前4.21.4 合19501 賓組 | 亨前6.63.5 合10675 | 亨林2.2.6 合36560 | 亨林2.6.15 合36563 | 亨金407 合40205 | 亨粹398 合32227 𠂤歷間 | 亨京都1839 合35333 歷組,https://img.zdic.net/zy/jiaguwen/42_E8DE.svg;https://img.zdic.net/zy/jiaguwen/42_E8DF.svg;https://img.zdic.net/zy/jiaguwen/42_E8E0.svg;https://img.zdic.net/zy/jiaguwen/42_E8E1.svg;https://img.zdic.net/zy/jiaguwen/42_E8E2.svg;https://img.zdic.net/zy/jiaguwen/42_E8E3.svg;https://img.zdic.net/zy/jiaguwen/42_E8E4.svg;https://img.zdic.net/zy/jiaguwen/42_E8E5.svg;https://img.zdic.net/zy/jiaguwen/42_E8E6.svg;https://img.zdic.net/zy/jiaguwen/42_E8E7.svg;https://img.zdic.net/zy/jiaguwen/42_E8E8.svg;https://img.zdic.net/zy/jiaguwen/42_E8E9.svg;https://img.zdic.net/zy/jiaguwen/42_E8EA.svg;https://img.zdic.net/zy/jiaguwen/42_E8EB.svg;https://img.zdic.net/zy/jiaguwen/42_E8EC.svg;https://img.zdic.net/zy/jiaguwen/42_E8ED.svg;https://img.zdic.net/zy/jiaguwen/42_E8EE.svg;https://img.zdic.net/zy/jiaguwen/42_E8EF.svg;https://img.zdic.net/zy/jiaguwen/42_E8F0.svg;https://img.zdic.net/zy/jiaguwen/42_E8F1.svg;https://img.zdic.net/zy/jiaguwen/42_E8F2.svg;https://img.zdic.net/zy/jiaguwen/42_E8F3.svg;https://img.zdic.net/zy/jiaguwen/42_E8F4.svg;https://img.zdic.net/zy/jiaguwen/42_E8F5.svg;https://img.zdic.net/zy/jiaguwen/42_E8F6.svg,glyphs/0165_亨_0.png;glyphs/0165_亨_1.png;glyphs/0165_亨_2.png;glyphs/0165_亨_3.png;glyphs/0165_亨_4.png;glyphs/0165_亨_5.png;glyphs/0165_亨_6.png;glyphs/0165_亨_7.png;glyphs/0165_亨_8.png;glyphs/0165_亨_9.png;glyphs/0165_亨_10.png;glyphs/0165_亨_11.png;glyphs/0165_亨_12.png;glyphs/0165_亨_13.png;glyphs/0165_亨_14.png;glyphs/0165_亨_15.png;glyphs/0165_亨_16.png;glyphs/0165_亨_17.png;glyphs/0165_亨_18.png;glyphs/0165_亨_19.png;glyphs/0165_亨_20.png;glyphs/0165_亨_21.png;glyphs/0165_亨_22.png;glyphs/0165_亨_23.png;glyphs/0165_亨_24.png
166,仆,淡蓝 #7396FF,L2,淡蓝同批·待核,hans（/仆/jiaguwen）,https://www.zdic.net/hans/仆/jiaguwen,1,仆後2.20.10 合17961 賓組,仆後2.20.10 合17961 賓組,https://img.zdic.net/zy/jiaguwen/45_E3F6.svg,glyphs/0166_仆_0.png
167,传,深色,ok,—,hans（/传/jiaguwen）,https://www.zdic.net/hans/传/jiaguwen,2,传後2.7.13 合9100 賓組,传後2.7.13 合9100 賓組 | 传佚728 合8383 賓組,https://img.zdic.net/zy/jiaguwen/42_F505.svg;https://img.zdic.net/zy/jiaguwen/42_F506.svg,glyphs/0167_传_0.png;glyphs/0167_传_1.png
168,但,淡蓝 #7396FF,L1,实证错配·与金文表同图,hans（/但/jiaguwen）,https://www.zdic.net/hans/但/jiaguwen,1,但拾11.19 合1074 賓組,但拾11.19 合1074 賓組,https://img.zdic.net/zy/jiaguwen/42_F54D.svg,glyphs/0168_但_0.png
169,俘,深色,ok,—,hans（/俘/jiaguwen）,https://www.zdic.net/hans/俘/jiaguwen,5,俘甲2049 合764 賓組,俘甲2049 合764 賓組 | 俘菁6.1 合137 賓組 | 俘菁6.1 合137 賓組 | 俘簠征41 | 俘存721 合765 賓組,https://img.zdic.net/zy/jiaguwen/42_F548.svg;https://img.zdic.net/zy/jiaguwen/42_F549.svg;https://img.zdic.net/zy/jiaguwen/42_F54A.svg;https://img.zdic.net/zy/jiaguwen/42_F54B.svg;https://img.zdic.net/zy/jiaguwen/42_F54C.svg,glyphs/0169_俘_0.png;glyphs/0169_俘_1.png;glyphs/0169_俘_2.png;glyphs/0169_俘_3.png;glyphs/0169_俘_4.png
170,俜,淡蓝 #7396FF,L1,实证错配·与金文表同图,hans（/俜/jiaguwen）,https://www.zdic.net/hans/俜/jiaguwen,1,俜京津2652 合18842 賓組,俜京津2652 合18842 賓組,https://img.zdic.net/zy/jiaguwen/42_E414.svg,glyphs/0170_俜_0.png
171,傈,淡蓝 #7396FF,L2,淡蓝同批·待核,hans（/傈/jiaguwen）,https://www.zdic.net/hans/傈/jiaguwen,5,傈前2.19.3 合36902 黃組,傈前2.19.3 合36902 黃組 | 傈前2.19.4 合36745 黃組 | 傈林1.28.12 合3035 | 傈乙2762 合5477 賓組 | 傈後2.16.13 合10934 𠂤賓間,https://img.zdic.net/zy/jiaguwen/42_F004.svg;https://img.zdic.net/zy/jiaguwen/42_F005.svg;https://img.zdic.net/zy/jiaguwen/42_F006.svg;https://img.zdic.net/zy/jiaguwen/42_F007.svg;https://img.zdic.net/zy/jiaguwen/42_F008.svg,glyphs/0171_傈_0.png;glyphs/0171_傈_1.png;glyphs/0171_傈_2.png;glyphs/0171_傈_3.png;glyphs/0171_傈_4.png
172,卣,深色,ok,—,hans（/卣/jiaguwen）,https://www.zdic.net/hans/卣/jiaguwen,23,卣甲2040 合13712 賓組,卣甲2040 合13712 賓組 | 卣甲2354 合20071 | 卣乙105 合21306 𠂤組 | 卣乙124 合21306 𠂤組 | 卣乙4009 合13656 賓組 | 卣乙2144 合14128 賓組 | 卣甲2752 合36524 黃組 | 卣乙7835 合14128 賓組 | 卣清暉103 | 卣寧滬2.10 合11846 | 卣無想347 | 卣佚801 合11721 賓組 | 卣甲1139 合1069 賓組 | 卣甲1276 合30917 何組 | 卣甲2795 合30910 | 卣京津4234 合30520 無名組 | 卣掇1.396 合30974 無名組 | 卣寧滬3.232 合41420 | 卣前5.17.3 合38289 黃組 | 卣前6.15.5 合21189 𠂤組 | 卣前6.61.7 合6753 𠂤賓間 | 卣戩25.10 合30973 無名組 | 卣京都3014 合19921 𠂤組,https://img.zdic.net/zy/jiaguwen/42_EFD0.svg;https://img.zdic.net/zy/jiaguwen/42_EFD1.svg;https://img.zdic.net/zy/jiaguwen/42_EFD2.svg;https://img.zdic.net/zy/jiaguwen/42_EFD3.svg;https://img.zdic.net/zy/jiaguwen/42_EFD4.svg;https://img.zdic.net/zy/jiaguwen/42_EFD5.svg;https://img.zdic.net/zy/jiaguwen/42_EFD6.svg;https://img.zdic.net/zy/jiaguwen/42_EFD7.svg;https://img.zdic.net/zy/jiaguwen/42_EFD8.svg;https://img.zdic.net/zy/jiaguwen/42_EFD9.svg;https://img.zdic.net/zy/jiaguwen/42_EFDA.svg;https://img.zdic.net/zy/jiaguwen/42_EFDB.svg;https://img.zdic.net/zy/jiaguwen/42_EFDC.svg;https://img.zdic.net/zy/jiaguwen/42_EFDD.svg;https://img.zdic.net/zy/jiaguwen/42_EFDE.svg;https://img.zdic.net/zy/jiaguwen/42_EFDF.svg;https://img.zdic.net/zy/jiaguwen/42_EFE0.svg;https://img.zdic.net/zy/jiaguwen/42_EFE1.svg;https://img.zdic.net/zy/jiaguwen/42_EFE2.svg;https://img.zdic.net/zy/jiaguwen/42_EFE3.svg;https://img.zdic.net/zy/jiaguwen/42_EFE4.svg;https://img.zdic.net/zy/jiaguwen/42_EFE5.svg;https://img.zdic.net/zy/jiaguwen/42_EFE6.svg,glyphs/0172_卣_0.png;glyphs/0172_卣_1.png;glyphs/0172_卣_2.png;glyphs/0172_卣_3.png;glyphs/0172_卣_4.png;glyphs/0172_卣_5.png;glyphs/0172_卣_6.png;glyphs/0172_卣_7.png;glyphs/0172_卣_8.png;glyphs/0172_卣_9.png;glyphs/0172_卣_10.png;glyphs/0172_卣_11.png;glyphs/0172_卣_12.png;glyphs/0172_卣_13.png;glyphs/0172_卣_14.png;glyphs/0172_卣_15.png;glyphs/0172_卣_16.png;glyphs/0172_卣_17.png;glyphs/0172_卣_18.png;glyphs/0172_卣_19.png;glyphs/0172_卣_20.png;glyphs/0172_卣_21.png;glyphs/0172_卣_22.png
173,厥,深色,ok,—,hans（/厥/jiaguwen）,https://www.zdic.net/hans/厥/jiaguwen,3,厥甲2908合19946𠂤組 合19946 𠂤組,厥甲2908合19946𠂤組 合19946 𠂤組 | 厥菁3.1合10405賓組 合10405 賓組 | 厥存下729合41014 合41014,https://img.zdic.net/zy/jiaguwen/43_EEB2.svg;https://img.zdic.net/zy/jiaguwen/43_EEB9.svg;https://img.zdic.net/zy/jiaguwen/43_EEBF.svg,glyphs/0173_厥_0.png;glyphs/0173_厥_1.png;glyphs/0173_厥_2.png
174,叟,深色,ok,—,hans（/叟/jiaguwen）,https://www.zdic.net/hans/叟/jiaguwen,10,叟前4.28.7 合5624 賓組,叟前4.28.7 合5624 賓組 | 叟前4.29.1 合4634 賓組 | 叟前4.29.2 合18174 賓組 | 叟後2.4.10 合18175 賓組 | 叟京都278B 合8185 賓組 | 叟甲788 合34272 歷組 | 叟乙210 合21962 | 叟乙322 合20112 𠂤組 | 叟掇2.159 合33747 歷組 | 叟京都629 合18176,https://img.zdic.net/zy/jiaguwen/41_EF02.svg;https://img.zdic.net/zy/jiaguwen/41_EF03.svg;https://img.zdic.net/zy/jiaguwen/41_EF04.svg;https://img.zdic.net/zy/jiaguwen/41_EF05.svg;https://img.zdic.net/zy/jiaguwen/41_EF06.svg;https://img.zdic.net/zy/jiaguwen/41_EF07.svg;https://img.zdic.net/zy/jiaguwen/41_EF08.svg;https://img.zdic.net/zy/jiaguwen/41_EF09.svg;https://img.zdic.net/zy/jiaguwen/41_EF0A.svg;https://img.zdic.net/zy/jiaguwen/41_EF0B.svg,glyphs/0174_叟_0.png;glyphs/0174_叟_1.png;glyphs/0174_叟_2.png;glyphs/0174_叟_3.png;glyphs/0174_叟_4.png;glyphs/0174_叟_5.png;glyphs/0174_叟_6.png;glyphs/0174_叟_7.png;glyphs/0174_叟_8.png;glyphs/0174_叟_9.png
175,只,淡蓝 #7396FF,L2,淡蓝同批·待核,hans（/只/jiaguwen）,https://www.zdic.net/hans/只/jiaguwen,62,只甲90 合37588,只甲90 合37588 | 只甲232 合9374 | 只甲265 合33368 歷組 | 只甲478 合37470 黃組 | 只甲1709 合27852 | 只甲2957 合10750 | 只乙43 合20707 | 只乙140 合20727 | 只乙184 合19755 𠂤組 | 只乙228 合20788 | 只乙301 合19755 𠂤組 | 只乙368 合20726 𠂤組 | 只乙8422 合192 賓組 | 只乙8590 | 只乙9003 合20736 𠂤組 | 只乙9020 合20781 𠂤組 | 只河398 合24345 | 只鐵145.2 合10861 𠂤賓間 | 只鐵175.1 合195 | 只鐵182.1 合10427 | 只鐵191.1 合10869 | 只拾9.15 合10852 | 只前2.13.4 合37389 | 只前2.26.5 合37421 黃組 | 只前2.31.5 合37378 黃組 | 只前2.34.6 合37486 | 只前2.35.4 合37434 黃組 | 只前2.44.7 合37784 | 只前3.33.6 合189 | 只前4.47.6 合10308 賓組 | 只前6.26.1 合6906 𠂤組 | 只前8.12.5 合20449 𠂤組 | 只前8.14.4 合21760 子組 | 只後2.6.13 合4725 | 只後2.12.18 合16908 | 只後2.12.10 合5899 賓組 | 只後2.20.1 合1060 賓組 | 只後2.42.16 合21657 子組 | 只戩43.11 合24449 | 只佚419 合38226 | 只佚426 | 只佚427 | 只佚518背 | 只佚943 合20706 𠂤組 | 只燕411 合10888 | 只粹554 合24529 出組 | 只粹1307 合18766 賓組 | 只粹1332 合24346 出組 | 只粹1553 合20383 𠂤歷間 | 只續1.35.9 合10246 | 只珠110 合208 | 只珠121 合37363 黃組 | 只珠421 合21759 子組 | 只通別2.4.14 | 只鄴3下.50.16 合37524 | 只京津4566 合33379 | 只京津4833 合28055 | 只存2328 合36533 黃組 | 只甲3939 合37398 無名黃間 | 只前5.1.4 合22190 子組 | 只寧滬1.651 合35323 | 只京都299 合10891,https://img.zdic.net/zy/jiaguwen/41_F6AC.svg;https://img.zdic.net/zy/jiaguwen/41_F6AD.svg;https://img.zdic.net/zy/jiaguwen/41_F6AE.svg;https://img.zdic.net/zy/jiaguwen/41_F6AF.svg;https://img.zdic.net/zy/jiaguwen/41_F6B0.svg;https://img.zdic.net/zy/jiaguwen/41_F6B1.svg;https://img.zdic.net/zy/jiaguwen/41_F6B2.svg;https://img.zdic.net/zy/jiaguwen/41_F6B3.svg;https://img.zdic.net/zy/jiaguwen/41_F6B4.svg;https://img.zdic.net/zy/jiaguwen/41_F6B5.svg;https://img.zdic.net/zy/jiaguwen/41_F6B6.svg;https://img.zdic.net/zy/jiaguwen/41_F6B7.svg;https://img.zdic.net/zy/jiaguwen/41_F6B8.svg;https://img.zdic.net/zy/jiaguwen/41_F6B9.svg;https://img.zdic.net/zy/jiaguwen/41_F6BA.svg;https://img.zdic.net/zy/jiaguwen/41_F6BB.svg;https://img.zdic.net/zy/jiaguwen/41_F6BC.svg;https://img.zdic.net/zy/jiaguwen/41_F6BD.svg;https://img.zdic.net/zy/jiaguwen/41_F6BE.svg;https://img.zdic.net/zy/jiaguwen/41_F6BF.svg;https://img.zdic.net/zy/jiaguwen/41_F6C0.svg;https://img.zdic.net/zy/jiaguwen/41_F6C1.svg;https://img.zdic.net/zy/jiaguwen/41_F6C2.svg;https://img.zdic.net/zy/jiaguwen/41_F6C3.svg;https://img.zdic.net/zy/jiaguwen/41_F6C4.svg;https://img.zdic.net/zy/jiaguwen/41_F6C5.svg;https://img.zdic.net/zy/jiaguwen/41_F6C6.svg;https://img.zdic.net/zy/jiaguwen/41_F6C7.svg;https://img.zdic.net/zy/jiaguwen/41_F6C8.svg;https://img.zdic.net/zy/jiaguwen/41_F6C9.svg;https://img.zdic.net/zy/jiaguwen/41_F6CA.svg;https://img.zdic.net/zy/jiaguwen/41_F6CB.svg;https://img.zdic.net/zy/jiaguwen/41_F6CC.svg;https://img.zdic.net/zy/jiaguwen/41_F6CD.svg;https://img.zdic.net/zy/jiaguwen/41_F6CE.svg;https://img.zdic.net/zy/jiaguwen/41_F6CF.svg;https://img.zdic.net/zy/jiaguwen/41_F6D0.svg;https://img.zdic.net/zy/jiaguwen/41_F6D1.svg;https://img.zdic.net/zy/jiaguwen/41_F6D2.svg;https://img.zdic.net/zy/jiaguwen/41_F6D3.svg;https://img.zdic.net/zy/jiaguwen/41_F6D4.svg;https://img.zdic.net/zy/jiaguwen/41_F6D5.svg;https://img.zdic.net/zy/jiaguwen/41_F6D6.svg;https://img.zdic.net/zy/jiaguwen/41_F6D7.svg;https://img.zdic.net/zy/jiaguwen/41_F6D8.svg;https://img.zdic.net/zy/jiaguwen/41_F6D9.svg;https://img.zdic.net/zy/jiaguwen/41_F6DA.svg;https://img.zdic.net/zy/jiaguwen/41_F6DB.svg;https://img.zdic.net/zy/jiaguwen/41_F6DC.svg;https://img.zdic.net/zy/jiaguwen/41_F6DD.svg;https://img.zdic.net/zy/jiaguwen/41_F6DE.svg;https://img.zdic.net/zy/jiaguwen/41_F6DF.svg;https://img.zdic.net/zy/jiaguwen/41_F6E0.svg;https://img.zdic.net/zy/jiaguwen/41_F6E1.svg;https://img.zdic.net/zy/jiaguwen/41_F6E2.svg;https://img.zdic.net/zy/jiaguwen/41_F6E3.svg;https://img.zdic.net/zy/jiaguwen/41_F6E4.svg;https://img.zdic.net/zy/jiaguwen/41_F6E5.svg;https://img.zdic.net/zy/jiaguwen/41_F6E6.svg;https://img.zdic.net/zy/jiaguwen/41_F6E7.svg;https://img.zdic.net/zy/jiaguwen/41_F6E8.svg;https://img.zdic.net/zy/jiaguwen/41_F6E9.svg,glyphs/0175_只_0.png;glyphs/0175_只_1.png;glyphs/0175_只_2.png;glyphs/0175_只_3.png;glyphs/0175_只_4.png;glyphs/0175_只_5.png;glyphs/0175_只_6.png;glyphs/0175_只_7.png;glyphs/0175_只_8.png;glyphs/0175_只_9.png;glyphs/0175_只_10.png;glyphs/0175_只_11.png;glyphs/0175_只_12.png;glyphs/0175_只_13.png;glyphs/0175_只_14.png;glyphs/0175_只_15.png;glyphs/0175_只_16.png;glyphs/0175_只_17.png;glyphs/0175_只_18.png;glyphs/0175_只_19.png;glyphs/0175_只_20.png;glyphs/0175_只_21.png;glyphs/0175_只_22.png;glyphs/0175_只_23.png;glyphs/0175_只_24.png;glyphs/0175_只_25.png;glyphs/0175_只_26.png;glyphs/0175_只_27.png;glyphs/0175_只_28.png;glyphs/0175_只_29.png;glyphs/0175_只_30.png;glyphs/0175_只_31.png;glyphs/0175_只_32.png;glyphs/0175_只_33.png;glyphs/0175_只_34.png;glyphs/0175_只_35.png;glyphs/0175_只_36.png;glyphs/0175_只_37.png;glyphs/0175_只_38.png;glyphs/0175_只_39.png;glyphs/0175_只_40.png;glyphs/0175_只_41.png;glyphs/0175_只_42.png;glyphs/0175_只_43.png;glyphs/0175_只_44.png;glyphs/0175_只_45.png;glyphs/0175_只_46.png;glyphs/0175_只_47.png;glyphs/0175_只_48.png;glyphs/0175_只_49.png;glyphs/0175_只_50.png;glyphs/0175_只_51.png;glyphs/0175_只_52.png;glyphs/0175_只_53.png;glyphs/0175_只_54.png;glyphs/0175_只_55.png;glyphs/0175_只_56.png;glyphs/0175_只_57.png;glyphs/0175_只_58.png;glyphs/0175_只_59.png;glyphs/0175_只_60.png;glyphs/0175_只_61.png
176,叹,淡蓝 #7396FF,L1,实证错配·与金文表同图,hans（/叹/jiaguwen）,https://www.zdic.net/hans/叹/jiaguwen,1,叹七S10 合32726 無名組,叹七S10 合32726 無名組,https://img.zdic.net/zy/jiaguwen/41_F00B.svg,glyphs/0176_叹_0.png
177,吕,深色,ok,—,hans（/吕/jiaguwen）,https://www.zdic.net/hans/吕/jiaguwen,13,吕乙1980 合811 賓組,吕乙1980 合811 賓組 | 吕乙2660 合811 賓組 | 吕乙3344反 合2002反 賓組 | 吕乙8709 | 吕乙8846 | 吕乙8854 合22265 子組 | 吕乙8978 | 吕乙8956 合14909 賓組 | 吕京津1029 | 吕存下380 | 吕河612 合6780 賓組 | 吕林1.5.8 合6779 賓組 | 吕陳160 合6778 賓組,https://img.zdic.net/zy/jiaguwen/42_F32C.svg;https://img.zdic.net/zy/jiaguwen/42_F32D.svg;https://img.zdic.net/zy/jiaguwen/42_F32E.svg;https://img.zdic.net/zy/jiaguwen/42_F32F.svg;https://img.zdic.net/zy/jiaguwen/42_F330.svg;https://img.zdic.net/zy/jiaguwen/42_F331.svg;https://img.zdic.net/zy/jiaguwen/42_F332.svg;https://img.zdic.net/zy/jiaguwen/42_F333.svg;https://img.zdic.net/zy/jiaguwen/42_F334.svg;https://img.zdic.net/zy/jiaguwen/42_F335.svg;https://img.zdic.net/zy/jiaguwen/42_F336.svg;https://img.zdic.net/zy/jiaguwen/42_F337.svg;https://img.zdic.net/zy/jiaguwen/42_F338.svg,glyphs/0177_吕_0.png;glyphs/0177_吕_1.png;glyphs/0177_吕_2.png;glyphs/0177_吕_3.png;glyphs/0177_吕_4.png;glyphs/0177_吕_5.png;glyphs/0177_吕_6.png;glyphs/0177_吕_7.png;glyphs/0177_吕_8.png;glyphs/0177_吕_9.png;glyphs/0177_吕_10.png;glyphs/0177_吕_11.png;glyphs/0177_吕_12.png
178,否,淡蓝 #7396FF,L2,淡蓝同批·待核,hans（/否/jiaguwen）,https://www.zdic.net/hans/否/jiaguwen,42,否甲1565 合29263 何組,否甲1565 合29263 何組 | 否甲2363 合21250 | 否甲2382 合21249 𠂤組 | 否乙3400 合1285 賓組 | 否乙7672 合9810 賓組 | 否乙8685反 合21031反 𠂤組 | 否乙9094 合22446 | 否京津3209 合24895 出組 | 否鐵3.2 合13266 | 否鐵7.1 | 否鐵10.2 合29418 何組 | 否鐵11.2 | 否鐵107.3 合11752 | 否鐵119.2 | 否拾5.10 合33198 𠂤歷間 | 否前4.35.3 合7003 𠂤賓間 | 否前7.38.1 合6497 賓組 | 否後1.9.10 合14762 𠂤賓間 | 否佚54 合9710 | 否福11 合6197 賓組 | 否京津4828 合28238 何組 | 否粹1004 合28546 | 否存637 合7001 𠂤賓間 | 否存1485 合25940 出組 | 否存1744 合33448 | 否存下160 合9726 | 否後1.16.11 合6199 賓組 | 否戩15.2 合33808 | 否戩15.4 合33870 | 否戩48.1 合34006 | 否佚215 合33951 | 否佚230 合33845 | 否佚897 合32171 歷組 | 否佚897 合32171 歷組 | 否佚897 合32171 歷組 | 否粹899 合32176 歷組 | 否前2.30.6 合38186 黃組 | 否後1.32.10 合38137 黃組 | 否佚247 合28628 無名組 | 否佚280 合31905 | 否甲2416 合36511 黃組 | 否燕535 合13327,https://img.zdic.net/zy/jiaguwen/43_EB5C.svg;https://img.zdic.net/zy/jiaguwen/43_EB5D.svg;https://img.zdic.net/zy/jiaguwen/43_EB5E.svg;https://img.zdic.net/zy/jiaguwen/43_EB5F.svg;https://img.zdic.net/zy/jiaguwen/43_EB60.svg;https://img.zdic.net/zy/jiaguwen/43_EB61.svg;https://img.zdic.net/zy/jiaguwen/43_EB62.svg;https://img.zdic.net/zy/jiaguwen/43_EB63.svg;https://img.zdic.net/zy/jiaguwen/43_EB64.svg;https://img.zdic.net/zy/jiaguwen/43_EB65.svg;https://img.zdic.net/zy/jiaguwen/43_EB66.svg;https://img.zdic.net/zy/jiaguwen/43_EB67.svg;https://img.zdic.net/zy/jiaguwen/43_EB68.svg;https://img.zdic.net/zy/jiaguwen/43_EB69.svg;https://img.zdic.net/zy/jiaguwen/43_EB6A.svg;https://img.zdic.net/zy/jiaguwen/43_EB6B.svg;https://img.zdic.net/zy/jiaguwen/43_EB6C.svg;https://img.zdic.net/zy/jiaguwen/43_EB6D.svg;https://img.zdic.net/zy/jiaguwen/43_EB6E.svg;https://img.zdic.net/zy/jiaguwen/43_EB6F.svg;https://img.zdic.net/zy/jiaguwen/43_EB70.svg;https://img.zdic.net/zy/jiaguwen/43_EB71.svg;https://img.zdic.net/zy/jiaguwen/43_EB72.svg;https://img.zdic.net/zy/jiaguwen/43_EB73.svg;https://img.zdic.net/zy/jiaguwen/43_EB74.svg;https://img.zdic.net/zy/jiaguwen/43_EB75.svg;https://img.zdic.net/zy/jiaguwen/43_EB76.svg;https://img.zdic.net/zy/jiaguwen/43_EB77.svg;https://img.zdic.net/zy/jiaguwen/43_EB78.svg;https://img.zdic.net/zy/jiaguwen/43_EB79.svg;https://img.zdic.net/zy/jiaguwen/43_EB7A.svg;https://img.zdic.net/zy/jiaguwen/43_EB7B.svg;https://img.zdic.net/zy/jiaguwen/43_EB7C.svg;https://img.zdic.net/zy/jiaguwen/43_EB7D.svg;https://img.zdic.net/zy/jiaguwen/43_EB7E.svg;https://img.zdic.net/zy/jiaguwen/43_EB7F.svg;https://img.zdic.net/zy/jiaguwen/43_EB80.svg;https://img.zdic.net/zy/jiaguwen/43_EB81.svg;https://img.zdic.net/zy/jiaguwen/43_EB82.svg;https://img.zdic.net/zy/jiaguwen/43_EB83.svg;https://img.zdic.net/zy/jiaguwen/43_EB84.svg;https://img.zdic.net/zy/jiaguwen/43_EB85.svg,glyphs/0178_否_0.png;glyphs/0178_否_1.png;glyphs/0178_否_2.png;glyphs/0178_否_3.png;glyphs/0178_否_4.png;glyphs/0178_否_5.png;glyphs/0178_否_6.png;glyphs/0178_否_7.png;glyphs/0178_否_8.png;glyphs/0178_否_9.png;glyphs/0178_否_10.png;glyphs/0178_否_11.png;glyphs/0178_否_12.png;glyphs/0178_否_13.png;glyphs/0178_否_14.png;glyphs/0178_否_15.png;glyphs/0178_否_16.png;glyphs/0178_否_17.png;glyphs/0178_否_18.png;glyphs/0178_否_19.png;glyphs/0178_否_20.png;glyphs/0178_否_21.png;glyphs/0178_否_22.png;glyphs/0178_否_23.png;glyphs/0178_否_24.png;glyphs/0178_否_25.png;glyphs/0178_否_26.png;glyphs/0178_否_27.png;glyphs/0178_否_28.png;glyphs/0178_否_29.png;glyphs/0178_否_30.png;glyphs/0178_否_31.png;glyphs/0178_否_32.png;glyphs/0178_否_33.png;glyphs/0178_否_34.png;glyphs/0178_否_35.png;glyphs/0178_否_36.png;glyphs/0178_否_37.png;glyphs/0178_否_38.png;glyphs/0178_否_39.png;glyphs/0178_否_40.png;glyphs/0178_否_41.png
179,呷,淡蓝 #7396FF,L1,实证错配·与金文表同图,hans（/呷/jiaguwen）,https://www.zdic.net/hans/呷/jiaguwen,27,呷甲870 合35260,呷甲870 合35260 | 呷鐵176.1 合305 | 呷後1.3.16 | 呷存2740 | 呷寧滬1.14 合32871 歷組 | 呷佚200 合33207 歷組 | 呷鐵218.3 合11678 | 呷甲632 合28581 | 呷甲2667 合32322 | 呷乙5408 合6664 賓組 | 呷鐵215.2 合1149 | 呷前1.38.4 合1249 賓組 | 呷前1.50.6 合5521 | 呷前3.23.5 合362 賓組 | 呷後1.26.15 合34149 歷組 | 呷後2.36.4 合32351 | 呷林1.8.14 合1178 | 呷戩1.6 合32361 | 呷佚131 合34047 | 呷佚140 合32115 歷組 | 呷佚585 合1225 | 呷鄴初下.32.8 合32344 歷組 | 呷鄴3下.42.5 合32335 歷組 | 呷寧滬1.54 合32345 歷組 | 呷寧滬1.148 合32267 | 呷明藏432 | 呷燕26 合6137 賓組,https://img.zdic.net/zy/jiaguwen/43_F5F5.svg;https://img.zdic.net/zy/jiaguwen/43_F5F6.svg;https://img.zdic.net/zy/jiaguwen/43_F5F7.svg;https://img.zdic.net/zy/jiaguwen/43_F5F8.svg;https://img.zdic.net/zy/jiaguwen/43_F5F9.svg;https://img.zdic.net/zy/jiaguwen/43_F5FA.svg;https://img.zdic.net/zy/jiaguwen/43_F5FB.svg;https://img.zdic.net/zy/jiaguwen/43_F5FF.svg;https://img.zdic.net/zy/jiaguwen/43_F600.svg;https://img.zdic.net/zy/jiaguwen/43_F601.svg;https://img.zdic.net/zy/jiaguwen/43_F602.svg;https://img.zdic.net/zy/jiaguwen/43_F603.svg;https://img.zdic.net/zy/jiaguwen/43_F604.svg;https://img.zdic.net/zy/jiaguwen/43_F605.svg;https://img.zdic.net/zy/jiaguwen/43_F606.svg;https://img.zdic.net/zy/jiaguwen/43_F607.svg;https://img.zdic.net/zy/jiaguwen/43_F608.svg;https://img.zdic.net/zy/jiaguwen/43_F609.svg;https://img.zdic.net/zy/jiaguwen/43_F60A.svg;https://img.zdic.net/zy/jiaguwen/43_F60B.svg;https://img.zdic.net/zy/jiaguwen/43_F60C.svg;https://img.zdic.net/zy/jiaguwen/43_F60D.svg;https://img.zdic.net/zy/jiaguwen/43_F60E.svg;https://img.zdic.net/zy/jiaguwen/43_F60F.svg;https://img.zdic.net/zy/jiaguwen/43_F610.svg;https://img.zdic.net/zy/jiaguwen/43_F611.svg;https://img.zdic.net/zy/jiaguwen/43_F612.svg,glyphs/0179_呷_0.png;glyphs/0179_呷_1.png;glyphs/0179_呷_2.png;glyphs/0179_呷_3.png;glyphs/0179_呷_4.png;glyphs/0179_呷_5.png;glyphs/0179_呷_6.png;glyphs/0179_呷_7.png;glyphs/0179_呷_8.png;glyphs/0179_呷_9.png;glyphs/0179_呷_10.png;glyphs/0179_呷_11.png;glyphs/0179_呷_12.png;glyphs/0179_呷_13.png;glyphs/0179_呷_14.png;glyphs/0179_呷_15.png;glyphs/0179_呷_16.png;glyphs/0179_呷_17.png;glyphs/0179_呷_18.png;glyphs/0179_呷_19.png;glyphs/0179_呷_20.png;glyphs/0179_呷_21.png;glyphs/0179_呷_22.png;glyphs/0179_呷_23.png;glyphs/0179_呷_24.png;glyphs/0179_呷_25.png;glyphs/0179_呷_26.png
180,唯,深色,ok,—,hans（/唯/jiaguwen）,https://www.zdic.net/hans/唯/jiaguwen,8,唯前4.27.2 合36418 黃組,唯前4.27.2 合36418 黃組 | 唯前5.39.8 合36423 黃組 | 唯京津4860 合31731 無名組 | 唯明藏576 | 唯明682 合9609 | 唯河666 合24249 出組 | 唯甲1540 合31937 何組 | 唯甲4 合1517,https://img.zdic.net/zy/jiaguwen/41_E56A.svg;https://img.zdic.net/zy/jiaguwen/41_E56B.svg;https://img.zdic.net/zy/jiaguwen/41_E56C.svg;https://img.zdic.net/zy/jiaguwen/41_E56D.svg;https://img.zdic.net/zy/jiaguwen/41_E56E.svg;https://img.zdic.net/zy/jiaguwen/41_E56F.svg;https://img.zdic.net/zy/jiaguwen/41_E570.svg;https://img.zdic.net/zy/jiaguwen/41_E571.svg,glyphs/0180_唯_0.png;glyphs/0180_唯_1.png;glyphs/0180_唯_2.png;glyphs/0180_唯_3.png;glyphs/0180_唯_4.png;glyphs/0180_唯_5.png;glyphs/0180_唯_6.png;glyphs/0180_唯_7.png
181,噱,淡蓝 #7396FF,L1,实证错配·与金文表同图,hans（/噱/jiaguwen）,https://www.zdic.net/hans/噱/jiaguwen,4,噱前2.5.4 合8395 賓組,噱前2.5.4 合8395 賓組 | 噱前4.12.5 合17536 賓組 | 噱後2.3.3 合38634 | 噱佚113 合24471 出組,https://img.zdic.net/zy/jiaguwen/43_EA3A.svg;https://img.zdic.net/zy/jiaguwen/43_EA3B.svg;https://img.zdic.net/zy/jiaguwen/43_EA3C.svg;https://img.zdic.net/zy/jiaguwen/43_EA3D.svg,glyphs/0181_噱_0.png;glyphs/0181_噱_1.png;glyphs/0181_噱_2.png;glyphs/0181_噱_3.png
182,圄,淡蓝 #7396FF,L1,实证错配·与金文表同图,hans（/圄/jiaguwen）,https://www.zdic.net/hans/圄/jiaguwen,25,圄甲2415 合522 賓組,圄甲2415 合522 賓組 | 圄乙9057 合22333 子組 | 圄前4.4.1 合5973 賓組 | 圄前6.1.8 合5976 賓組 | 圄乙1935 合5975 | 圄後2.41.1 合138 賓組 | 圄菁1.1 合6057 賓組 | 圄林2.25.10 合36419 黃組 | 圄存下323 合5974 賓組 | 圄鐵76.1 合502 賓組 | 圄前6.52.5 合5987 | 圄前6.53.1 合5979 | 圄前6.53.1 合5979 | 圄前7.19.2 合139 賓組 | 圄林2.20.15 合14422 賓組 | 圄河619 合5981 | 圄明2234 合5986 | 圄簠雜60 合584 賓組 | 圄簠雜78 合5983 賓組 | 圄珠1007 合856 | 圄乙7142 合795 賓組 | 圄中大35 | 圄京都369 合5988 | 圄乙2273 合795 賓組 | 圄乙2396 合5985,https://img.zdic.net/zy/jiaguwen/43_E711.svg;https://img.zdic.net/zy/jiaguwen/43_E712.svg;https://img.zdic.net/zy/jiaguwen/43_E713.svg;https://img.zdic.net/zy/jiaguwen/43_E714.svg;https://img.zdic.net/zy/jiaguwen/43_E715.svg;https://img.zdic.net/zy/jiaguwen/43_E716.svg;https://img.zdic.net/zy/jiaguwen/43_E717.svg;https://img.zdic.net/zy/jiaguwen/43_E718.svg;https://img.zdic.net/zy/jiaguwen/43_E719.svg;https://img.zdic.net/zy/jiaguwen/43_E71A.svg;https://img.zdic.net/zy/jiaguwen/43_E71B.svg;https://img.zdic.net/zy/jiaguwen/43_E71C.svg;https://img.zdic.net/zy/jiaguwen/43_E71D.svg;https://img.zdic.net/zy/jiaguwen/43_E71E.svg;https://img.zdic.net/zy/jiaguwen/43_E71F.svg;https://img.zdic.net/zy/jiaguwen/43_E720.svg;https://img.zdic.net/zy/jiaguwen/43_E721.svg;https://img.zdic.net/zy/jiaguwen/43_E722.svg;https://img.zdic.net/zy/jiaguwen/43_E723.svg;https://img.zdic.net/zy/jiaguwen/43_E724.svg;https://img.zdic.net/zy/jiaguwen/43_E725.svg;https://img.zdic.net/zy/jiaguwen/43_E726.svg;https://img.zdic.net/zy/jiaguwen/43_E727.svg;https://img.zdic.net/zy/jiaguwen/43_E728.svg;https://img.zdic.net/zy/jiaguwen/43_E729.svg,glyphs/0182_圄_0.png;glyphs/0182_圄_1.png;glyphs/0182_圄_2.png;glyphs/0182_圄_3.png;glyphs/0182_圄_4.png;glyphs/0182_圄_5.png;glyphs/0182_圄_6.png;glyphs/0182_圄_7.png;glyphs/0182_圄_8.png;glyphs/0182_圄_9.png;glyphs/0182_圄_10.png;glyphs/0182_圄_11.png;glyphs/0182_圄_12.png;glyphs/0182_圄_13.png;glyphs/0182_圄_14.png;glyphs/0182_圄_15.png;glyphs/0182_圄_16.png;glyphs/0182_圄_17.png;glyphs/0182_圄_18.png;glyphs/0182_圄_19.png;glyphs/0182_圄_20.png;glyphs/0182_圄_21.png;glyphs/0182_圄_22.png;glyphs/0182_圄_23.png;glyphs/0182_圄_24.png
183,圉,深色,ok,—,hans（/圉/jiaguwen）,https://www.zdic.net/hans/圉/jiaguwen,25,圉甲2415 合522 賓組,圉甲2415 合522 賓組 | 圉乙9057 合22333 子組 | 圉前4.4.1 合5973 賓組 | 圉前6.1.8 合5976 賓組 | 圉乙1935 合5975 | 圉後2.41.1 合138 賓組 | 圉菁1.1 合6057 賓組 | 圉林2.25.10 合36419 黃組 | 圉存下323 合5974 賓組 | 圉鐵76.1 合502 賓組 | 圉前6.52.5 合5987 | 圉前6.53.1 合5979 | 圉前6.53.1 合5979 | 圉前7.19.2 合139 賓組 | 圉林2.20.15 合14422 賓組 | 圉河619 合5981 | 圉明2234 合5986 | 圉簠雜60 合584 賓組 | 圉簠雜78 合5983 賓組 | 圉珠1007 合856 | 圉乙7142 合795 賓組 | 圉中大35 | 圉京都369 合5988 | 圉乙2273 合795 賓組 | 圉乙2396 合5985,https://img.zdic.net/zy/jiaguwen/43_E711.svg;https://img.zdic.net/zy/jiaguwen/43_E712.svg;https://img.zdic.net/zy/jiaguwen/43_E713.svg;https://img.zdic.net/zy/jiaguwen/43_E714.svg;https://img.zdic.net/zy/jiaguwen/43_E715.svg;https://img.zdic.net/zy/jiaguwen/43_E716.svg;https://img.zdic.net/zy/jiaguwen/43_E717.svg;https://img.zdic.net/zy/jiaguwen/43_E718.svg;https://img.zdic.net/zy/jiaguwen/43_E719.svg;https://img.zdic.net/zy/jiaguwen/43_E71A.svg;https://img.zdic.net/zy/jiaguwen/43_E71B.svg;https://img.zdic.net/zy/jiaguwen/43_E71C.svg;https://img.zdic.net/zy/jiaguwen/43_E71D.svg;https://img.zdic.net/zy/jiaguwen/43_E71E.svg;https://img.zdic.net/zy/jiaguwen/43_E71F.svg;https://img.zdic.net/zy/jiaguwen/43_E720.svg;https://img.zdic.net/zy/jiaguwen/43_E721.svg;https://img.zdic.net/zy/jiaguwen/43_E722.svg;https://img.zdic.net/zy/jiaguwen/43_E723.svg;https://img.zdic.net/zy/jiaguwen/43_E724.svg;https://img.zdic.net/zy/jiaguwen/43_E725.svg;https://img.zdic.net/zy/jiaguwen/43_E726.svg;https://img.zdic.net/zy/jiaguwen/43_E727.svg;https://img.zdic.net/zy/jiaguwen/43_E728.svg;https://img.zdic.net/zy/jiaguwen/43_E729.svg,glyphs/0183_圉_0.png;glyphs/0183_圉_1.png;glyphs/0183_圉_2.png;glyphs/0183_圉_3.png;glyphs/0183_圉_4.png;glyphs/0183_圉_5.png;glyphs/0183_圉_6.png;glyphs/0183_圉_7.png;glyphs/0183_圉_8.png;glyphs/0183_圉_9.png;glyphs/0183_圉_10.png;glyphs/0183_圉_11.png;glyphs/0183_圉_12.png;glyphs/0183_圉_13.png;glyphs/0183_圉_14.png;glyphs/0183_圉_15.png;glyphs/0183_圉_16.png;glyphs/0183_圉_17.png;glyphs/0183_圉_18.png;glyphs/0183_圉_19.png;glyphs/0183_圉_20.png;glyphs/0183_圉_21.png;glyphs/0183_圉_22.png;glyphs/0183_圉_23.png;glyphs/0183_圉_24.png
184,址,淡蓝 #7396FF,L1,实证错配·与金文表同图,hans（/址/jiaguwen）,https://www.zdic.net/hans/址/jiaguwen,18,址甲600 合33193 歷組,址甲600 合33193 歷組 | 址甲1440 合31080 | 址甲1532 合27434 | 址甲1897 | 址甲1978 合28087 何組 | 址甲2486 合27321 何組 | 址甲2489 合27627 歷無名間 | 址甲2744 合34612 歷組 | 址甲37 合528 | 址甲634 合30515 | 址戩49.6 合20197 | 址後2.25.9 合13426 賓組 | 址燕535 合13327 | 址燕639 合573 | 址庫92 合40373 | 址佚826 合26786 出組 | 址乙1206 合974 賓組 | 址乙3797 合6583 賓組,https://img.zdic.net/zy/jiaguwen/41_E749.svg;https://img.zdic.net/zy/jiaguwen/41_E74A.svg;https://img.zdic.net/zy/jiaguwen/41_E74B.svg;https://img.zdic.net/zy/jiaguwen/41_E74C.svg;https://img.zdic.net/zy/jiaguwen/41_E74D.svg;https://img.zdic.net/zy/jiaguwen/41_E74E.svg;https://img.zdic.net/zy/jiaguwen/41_E74F.svg;https://img.zdic.net/zy/jiaguwen/41_E750.svg;https://img.zdic.net/zy/jiaguwen/41_E751.svg;https://img.zdic.net/zy/jiaguwen/41_E752.svg;https://img.zdic.net/zy/jiaguwen/41_E753.svg;https://img.zdic.net/zy/jiaguwen/41_E754.svg;https://img.zdic.net/zy/jiaguwen/41_E755.svg;https://img.zdic.net/zy/jiaguwen/41_E756.svg;https://img.zdic.net/zy/jiaguwen/41_E757.svg;https://img.zdic.net/zy/jiaguwen/41_E758.svg;https://img.zdic.net/zy/jiaguwen/41_E759.svg;https://img.zdic.net/zy/jiaguwen/41_E75A.svg,glyphs/0184_址_0.png;glyphs/0184_址_1.png;glyphs/0184_址_2.png;glyphs/0184_址_3.png;glyphs/0184_址_4.png;glyphs/0184_址_5.png;glyphs/0184_址_6.png;glyphs/0184_址_7.png;glyphs/0184_址_8.png;glyphs/0184_址_9.png;glyphs/0184_址_10.png;glyphs/0184_址_11.png;glyphs/0184_址_12.png;glyphs/0184_址_13.png;glyphs/0184_址_14.png;glyphs/0184_址_15.png;glyphs/0184_址_16.png;glyphs/0184_址_17.png
185,埤,淡蓝 #7396FF,L2,淡蓝同批·待核,hans（/埤/jiaguwen）,https://www.zdic.net/hans/埤/jiaguwen,2,埤前2.8.3 合36775 黃組,埤前2.8.3 合36775 黃組 | 埤前2.8.4 合36962 黃組,https://img.zdic.net/zy/jiaguwen/43_F4E1.svg;https://img.zdic.net/zy/jiaguwen/43_F4E2.svg,glyphs/0185_埤_0.png;glyphs/0185_埤_1.png
186,塘,淡蓝 #7396FF,L1,实证错配·与金文表同图,hans（/塘/jiaguwen）,https://www.zdic.net/hans/塘/jiaguwen,23,塘甲932 合24374,塘甲932 合24374 | 塘甲1132 | 塘甲1556 合28114 何組 | 塘甲2924 合6715 | 塘乙570 合14200 | 塘乙700 合14208 𠂤賓間 | 塘乙722反 合892反 賓組 | 塘乙753 合952 賓組 | 塘河266 合1279 | 塘河705 合6716 𠂤賓間 | 塘林2.3.18 合3330 | 塘林1.11.17 合8767 | 塘餘10.2 合22749 出組 | 塘前4.29.6 合7163 | 塘後1.29.3 合6139 | 塘後2.5.5 合14359 | 塘續1.7.6 合27151 無名組 | 塘簠帝27 合1291 賓組 | 塘簠帝28 合6138 | 塘佚509 合3392 賓組 | 塘福15 合1283 | 塘京津660 合1302 | 塘京津661 合1292 賓組,https://img.zdic.net/zy/jiaguwen/41_E5DA.svg;https://img.zdic.net/zy/jiaguwen/41_E5DB.svg;https://img.zdic.net/zy/jiaguwen/41_E5DC.svg;https://img.zdic.net/zy/jiaguwen/41_E5DD.svg;https://img.zdic.net/zy/jiaguwen/41_E5DE.svg;https://img.zdic.net/zy/jiaguwen/41_E5DF.svg;https://img.zdic.net/zy/jiaguwen/41_E5E0.svg;https://img.zdic.net/zy/jiaguwen/41_E5E1.svg;https://img.zdic.net/zy/jiaguwen/41_E5E2.svg;https://img.zdic.net/zy/jiaguwen/41_E5E3.svg;https://img.zdic.net/zy/jiaguwen/41_E5E4.svg;https://img.zdic.net/zy/jiaguwen/41_E5E5.svg;https://img.zdic.net/zy/jiaguwen/41_E5E6.svg;https://img.zdic.net/zy/jiaguwen/41_E5E7.svg;https://img.zdic.net/zy/jiaguwen/41_E5E8.svg;https://img.zdic.net/zy/jiaguwen/41_E5E9.svg;https://img.zdic.net/zy/jiaguwen/41_E5EA.svg;https://img.zdic.net/zy/jiaguwen/41_E5EB.svg;https://img.zdic.net/zy/jiaguwen/41_E5EC.svg;https://img.zdic.net/zy/jiaguwen/41_E5ED.svg;https://img.zdic.net/zy/jiaguwen/41_E5EE.svg;https://img.zdic.net/zy/jiaguwen/41_E5EF.svg;https://img.zdic.net/zy/jiaguwen/41_E5F0.svg,glyphs/0186_塘_0.png;glyphs/0186_塘_1.png;glyphs/0186_塘_2.png;glyphs/0186_塘_3.png;glyphs/0186_塘_4.png;glyphs/0186_塘_5.png;glyphs/0186_塘_6.png;glyphs/0186_塘_7.png;glyphs/0186_塘_8.png;glyphs/0186_塘_9.png;glyphs/0186_塘_10.png;glyphs/0186_塘_11.png;glyphs/0186_塘_12.png;glyphs/0186_塘_13.png;glyphs/0186_塘_14.png;glyphs/0186_塘_15.png;glyphs/0186_塘_16.png;glyphs/0186_塘_17.png;glyphs/0186_塘_18.png;glyphs/0186_塘_19.png;glyphs/0186_塘_20.png;glyphs/0186_塘_21.png;glyphs/0186_塘_22.png
187,奈,淡蓝 #7396FF,L2,淡蓝同批·待核,hans（/奈/jiaguwen）,https://www.zdic.net/hans/奈/jiaguwen,7,奈河472 合24252 出組,奈河472 合24252 出組 | 奈珠374 合36249 | 奈京都1269 合23540 | 奈坊間4.91 | 奈林1.18.13 合15662 賓組 | 奈珠383 合25372 | 奈前1.36.3 合23378,https://img.zdic.net/zy/jiaguwen/41_E18A.svg;https://img.zdic.net/zy/jiaguwen/41_E18B.svg;https://img.zdic.net/zy/jiaguwen/41_E18C.svg;https://img.zdic.net/zy/jiaguwen/41_E18D.svg;https://img.zdic.net/zy/jiaguwen/41_E18E.svg;https://img.zdic.net/zy/jiaguwen/41_E18F.svg;https://img.zdic.net/zy/jiaguwen/41_E190.svg,glyphs/0187_奈_0.png;glyphs/0187_奈_1.png;glyphs/0187_奈_2.png;glyphs/0187_奈_3.png;glyphs/0187_奈_4.png;glyphs/0187_奈_5.png;glyphs/0187_奈_6.png
188,奏,深色,ok,—,hans（/奏/jiaguwen）,https://www.zdic.net/hans/奏/jiaguwen,17,奏乙6708 合14311,奏乙6708 合14311 | 奏乙6708 合14311 | 奏乙6794 合18899 | 奏乙9067 合20975 𠂤組 | 奏鄴初下.44.12 合16018 | 奏粹530 合34125 歷組 | 奏粹690 合31636 | 奏甲1217 | 奏京津3419 合26012 出組 | 奏續1.46.2 合16019 | 奏簠雜69 合14125 賓組 | 奏明藏683 | 奏明藏684 | 奏庫353 合40528 | 奏庫502 合40028 | 奏前4.54.3 合4660 | 奏戩37.7 合33128 無名組,https://img.zdic.net/zy/jiaguwen/45_E4D9.svg;https://img.zdic.net/zy/jiaguwen/45_E4DA.svg;https://img.zdic.net/zy/jiaguwen/45_E4DB.svg;https://img.zdic.net/zy/jiaguwen/45_E4DC.svg;https://img.zdic.net/zy/jiaguwen/45_E4DD.svg;https://img.zdic.net/zy/jiaguwen/45_E4DE.svg;https://img.zdic.net/zy/jiaguwen/45_E4DF.svg;https://img.zdic.net/zy/jiaguwen/45_E4E0.svg;https://img.zdic.net/zy/jiaguwen/45_E4E1.svg;https://img.zdic.net/zy/jiaguwen/45_E4E2.svg;https://img.zdic.net/zy/jiaguwen/45_E4E3.svg;https://img.zdic.net/zy/jiaguwen/45_E4E4.svg;https://img.zdic.net/zy/jiaguwen/45_E4E5.svg;https://img.zdic.net/zy/jiaguwen/45_E4E6.svg;https://img.zdic.net/zy/jiaguwen/45_E4E7.svg;https://img.zdic.net/zy/jiaguwen/45_E4E8.svg;https://img.zdic.net/zy/jiaguwen/45_E4E9.svg,glyphs/0188_奏_0.png;glyphs/0188_奏_1.png;glyphs/0188_奏_2.png;glyphs/0188_奏_3.png;glyphs/0188_奏_4.png;glyphs/0188_奏_5.png;glyphs/0188_奏_6.png;glyphs/0188_奏_7.png;glyphs/0188_奏_8.png;glyphs/0188_奏_9.png;glyphs/0188_奏_10.png;glyphs/0188_奏_11.png;glyphs/0188_奏_12.png;glyphs/0188_奏_13.png;glyphs/0188_奏_14.png;glyphs/0188_奏_15.png;glyphs/0188_奏_16.png
189,妣,深色,ok,—,hans（/妣/jiaguwen）,https://www.zdic.net/hans/妣/jiaguwen,2,妣甲355 合27578 無名組,妣甲355 合27578 無名組 | 妣京都1852 合31001,https://img.zdic.net/zy/jiaguwen/43_ECF0.svg;https://img.zdic.net/zy/jiaguwen/43_ECF1.svg,glyphs/0189_妣_0.png;glyphs/0189_妣_1.png
190,委,深色,ok,—,hans（/委/jiaguwen）,https://www.zdic.net/hans/委/jiaguwen,11,委拾12.9 合20205 𠂤組,委拾12.9 合20205 𠂤組 | 委菁11.13 合20206 | 委前8.6.1 合21050 𠂤組 | 委後2.20.16 合20190 𠂤組 | 委前6.66.4 合20208 | 委乙55 合20772 𠂤組 | 委乙100 合20898 𠂤組 | 委乙187 合20413 𠂤組 | 委續3.43.2 合19754 𠂤組 | 委佚502 合20194 𠂤組 | 委佚598 合20195 𠂤組,https://img.zdic.net/zy/jiaguwen/42_F132.svg;https://img.zdic.net/zy/jiaguwen/42_F133.svg;https://img.zdic.net/zy/jiaguwen/42_F134.svg;https://img.zdic.net/zy/jiaguwen/42_F135.svg;https://img.zdic.net/zy/jiaguwen/42_F136.svg;https://img.zdic.net/zy/jiaguwen/42_F137.svg;https://img.zdic.net/zy/jiaguwen/42_F138.svg;https://img.zdic.net/zy/jiaguwen/42_F139.svg;https://img.zdic.net/zy/jiaguwen/42_F13A.svg;https://img.zdic.net/zy/jiaguwen/42_F13B.svg;https://img.zdic.net/zy/jiaguwen/42_F13C.svg,glyphs/0190_委_0.png;glyphs/0190_委_1.png;glyphs/0190_委_2.png;glyphs/0190_委_3.png;glyphs/0190_委_4.png;glyphs/0190_委_5.png;glyphs/0190_委_6.png;glyphs/0190_委_7.png;glyphs/0190_委_8.png;glyphs/0190_委_9.png;glyphs/0190_委_10.png
191,婤,深色,ok,—,hans（/婤/jiaguwen）,https://www.zdic.net/hans/婤/jiaguwen,1,婤屯3110,婤屯3110,https://img.zdic.net/zy/jiaguwen/44_E256.svg,glyphs/0191_婤_0.png
192,孖,蓝块占位,none,原表无字形,hans（/孖/jiaguwen）,https://www.zdic.net/hans/孖/jiaguwen,1,孖後2.40.16 合8294 賓組,孖後2.40.16 合8294 賓組,https://img.zdic.net/zy/jiaguwen/43_E861.svg,glyphs/0192_孖_0.png
193,定,深色,ok,—,hans（/定/jiaguwen）,https://www.zdic.net/hans/定/jiaguwen,3,定前6.24.6 合36918 黃組,定前6.24.6 合36918 黃組 | 定佚992 合36917 黃組 | 定珠503 合3937,https://img.zdic.net/zy/jiaguwen/42_F1F0.svg;https://img.zdic.net/zy/jiaguwen/42_F1F1.svg;https://img.zdic.net/zy/jiaguwen/42_F1F2.svg,glyphs/0193_定_0.png;glyphs/0193_定_1.png;glyphs/0193_定_2.png
194,将,深色,ok,—,hans（/将/jiaguwen）,https://www.zdic.net/hans/将/jiaguwen,8,将前6.31.5 合8402 賓組,将前6.31.5 合8402 賓組 | 将前6.31.7 合19570 | 将粹373 合32731 | 将粹629 合32237 歷組 | 将佚194 合32775 歷組 | 将掇1.423 合32767 歷無名間 | 将京都1886 合30763 | 将掇1.306 合19579 賓組,https://img.zdic.net/zy/jiaguwen/42_F040.svg;https://img.zdic.net/zy/jiaguwen/42_F041.svg;https://img.zdic.net/zy/jiaguwen/42_F042.svg;https://img.zdic.net/zy/jiaguwen/42_F043.svg;https://img.zdic.net/zy/jiaguwen/42_F044.svg;https://img.zdic.net/zy/jiaguwen/42_F045.svg;https://img.zdic.net/zy/jiaguwen/42_F046.svg;https://img.zdic.net/zy/jiaguwen/42_F047.svg,glyphs/0194_将_0.png;glyphs/0194_将_1.png;glyphs/0194_将_2.png;glyphs/0194_将_3.png;glyphs/0194_将_4.png;glyphs/0194_将_5.png;glyphs/0194_将_6.png;glyphs/0194_将_7.png
195,幕,淡蓝 #7396FF,L1,实证错配·与金文表同图,hans（/幕/jiaguwen）,https://www.zdic.net/hans/幕/jiaguwen,17,幕拾8.5 合9337,幕拾8.5 合9337 | 幕前2.28.1 合37779 | 幕前5.2.3 合1333 賓組 | 幕後1.9.3 合33102 歷組 | 幕菁11.19 合21595 | 幕林1.21.1 合584 賓組 | 幕林1.22.9 合8113 𠂤組 | 幕河119 合12859 賓組 | 幕河225 合24261 出組 | 幕粹1573 合4531 賓組 | 幕前5.27.1 合493 賓組 | 幕前6.18.1 合5476 賓組 | 幕前7.3.2 合22 賓組 | 幕前7.26.1 合13414 𠂤賓間 | 幕乙7357 合17390 賓組 | 幕寧滬3.152 合40010 | 幕京都434 合5490,https://img.zdic.net/zy/jiaguwen/43_EC4B.svg;https://img.zdic.net/zy/jiaguwen/43_EC4C.svg;https://img.zdic.net/zy/jiaguwen/43_EC4D.svg;https://img.zdic.net/zy/jiaguwen/43_EC4E.svg;https://img.zdic.net/zy/jiaguwen/43_EC4F.svg;https://img.zdic.net/zy/jiaguwen/43_EC50.svg;https://img.zdic.net/zy/jiaguwen/43_EC51.svg;https://img.zdic.net/zy/jiaguwen/43_EC52.svg;https://img.zdic.net/zy/jiaguwen/43_EC53.svg;https://img.zdic.net/zy/jiaguwen/43_EC54.svg;https://img.zdic.net/zy/jiaguwen/43_EC55.svg;https://img.zdic.net/zy/jiaguwen/43_EC56.svg;https://img.zdic.net/zy/jiaguwen/43_EC57.svg;https://img.zdic.net/zy/jiaguwen/43_EC58.svg;https://img.zdic.net/zy/jiaguwen/43_EC59.svg;https://img.zdic.net/zy/jiaguwen/43_EC5A.svg;https://img.zdic.net/zy/jiaguwen/43_EC5B.svg,glyphs/0195_幕_0.png;glyphs/0195_幕_1.png;glyphs/0195_幕_2.png;glyphs/0195_幕_3.png;glyphs/0195_幕_4.png;glyphs/0195_幕_5.png;glyphs/0195_幕_6.png;glyphs/0195_幕_7.png;glyphs/0195_幕_8.png;glyphs/0195_幕_9.png;glyphs/0195_幕_10.png;glyphs/0195_幕_11.png;glyphs/0195_幕_12.png;glyphs/0195_幕_13.png;glyphs/0195_幕_14.png;glyphs/0195_幕_15.png;glyphs/0195_幕_16.png
196,幸,深色,ok,—,hans（/幸/jiaguwen）,https://www.zdic.net/hans/幸/jiaguwen,18,幸甲2809 合501,幸甲2809 合501 | 幸甲3477 | 幸乙6710 合848 | 幸乙7040 合656 賓組 | 幸乙5590反 合17192反 賓組 | 幸鐵101.1 合5881 | 幸拾10.15 合33011 | 幸前4.32.5 合5856 賓組 | 幸前6.46.5 合5860 𠂤賓間 | 幸前8.12.1 合21708 子組 | 幸前8.12.5 合20449 𠂤組 | 幸後2.26.13 合33091 歷組 | 幸後2.38.1 合5450 賓組 | 幸林2.13.2 合496 | 幸戩47.5 合33013 歷組 | 幸佚34 合7055 | 幸佚323 合6528 賓組 | 幸佚865 合33031,https://img.zdic.net/zy/jiaguwen/43_E6DF.svg;https://img.zdic.net/zy/jiaguwen/43_E6E0.svg;https://img.zdic.net/zy/jiaguwen/43_E6E1.svg;https://img.zdic.net/zy/jiaguwen/43_E6E2.svg;https://img.zdic.net/zy/jiaguwen/43_E6E3.svg;https://img.zdic.net/zy/jiaguwen/43_E6E4.svg;https://img.zdic.net/zy/jiaguwen/43_E6E5.svg;https://img.zdic.net/zy/jiaguwen/43_E6E6.svg;https://img.zdic.net/zy/jiaguwen/43_E6E7.svg;https://img.zdic.net/zy/jiaguwen/43_E6E8.svg;https://img.zdic.net/zy/jiaguwen/43_E6E9.svg;https://img.zdic.net/zy/jiaguwen/43_E6EA.svg;https://img.zdic.net/zy/jiaguwen/43_E6EB.svg;https://img.zdic.net/zy/jiaguwen/43_E6EC.svg;https://img.zdic.net/zy/jiaguwen/43_E6ED.svg;https://img.zdic.net/zy/jiaguwen/43_E6EE.svg;https://img.zdic.net/zy/jiaguwen/43_E6EF.svg;https://img.zdic.net/zy/jiaguwen/43_E6F0.svg,glyphs/0196_幸_0.png;glyphs/0196_幸_1.png;glyphs/0196_幸_2.png;glyphs/0196_幸_3.png;glyphs/0196_幸_4.png;glyphs/0196_幸_5.png;glyphs/0196_幸_6.png;glyphs/0196_幸_7.png;glyphs/0196_幸_8.png;glyphs/0196_幸_9.png;glyphs/0196_幸_10.png;glyphs/0196_幸_11.png;glyphs/0196_幸_12.png;glyphs/0196_幸_13.png;glyphs/0196_幸_14.png;glyphs/0196_幸_15.png;glyphs/0196_幸_16.png;glyphs/0196_幸_17.png
197,幽,深色,ok,—,hans（/幽/jiaguwen）,https://www.zdic.net/hans/幽/jiaguwen,4,幽後2.9.5 合14331,幽後2.9.5 合14331 | 幽乙7122 合14951 賓組 | 幽粹549 合29510 無名組 | 幽粹550 合33606 歷組,https://img.zdic.net/zy/jiaguwen/42_E14B.svg;https://img.zdic.net/zy/jiaguwen/42_E14C.svg;https://img.zdic.net/zy/jiaguwen/42_E14D.svg;https://img.zdic.net/zy/jiaguwen/42_E14E.svg,glyphs/0197_幽_0.png;glyphs/0197_幽_1.png;glyphs/0197_幽_2.png;glyphs/0197_幽_3.png
198,度,深色,ok,—,hans（/度/jiaguwen）,https://www.zdic.net/hans/度/jiaguwen,1,度寧滬1.234 合31009 無名組,度寧滬1.234 合31009 無名組,https://img.zdic.net/zy/jiaguwen/45_E550.svg,glyphs/0198_度_0.png
199,弘,深色,ok,—,hans（/弘/jiaguwen）,https://www.zdic.net/hans/弘/jiaguwen,47,弘乙828 合667 賓組,弘乙828 合667 賓組 | 弘乙3168 合667 賓組 | 弘乙2762 合5477 賓組 | 弘乙4524 合902 賓組 | 弘河654 合8751 | 弘鐵68.1 合3079 | 弘拾3.3 合381 | 弘戩44.18 合3079 | 弘前6.52.1 合3076 賓組 | 弘菁1.1 合6057 賓組 | 弘續3.34.5 合23532 出組 | 弘粹1093 合7595 | 弘鄴初下.41.8 合3085 | 弘簠游30 合23532 出組 | 弘簠雜69 合14125 賓組 | 弘掇1.242 合3083 賓組 | 弘掇2.185 合6209 賓組 | 弘京津1254 合7595 | 弘存下250 合269 賓組 | 弘存下38 合9223 | 弘珠393 | 弘珠470 合7594 賓組 | 弘珠484 合6192 賓組 | 弘林1.7.5 合3081 | 弘林2.9.11 合3072 | 弘明2085 | 弘明2258 | 弘明2264 | 弘燕682 合3029 賓組 | 弘佚525 合9627 賓組 | 弘佚607 合24381 | 弘佚921 合23532 出組 | 弘乙3168 合667 賓組 | 弘乙659 合4772 | 弘乙700 合14208 𠂤賓間 | 弘乙2374反 合938反 賓組 | 弘乙2513 合14128 賓組 | 弘乙4694 合6952 賓組 | 弘乙6809 合14128 賓組 | 弘乙7425 合667 賓組 | 弘前7.13.1 合4997 賓組 | 弘京津2218 合4771 賓組 | 弘中大189 | 弘金481 合39538 | 弘前6.67.6 合3441 𠂤賓間 | 弘乙1002 合21914 子組 | 弘續3.31.1 合35673 黃組,https://img.zdic.net/zy/jiaguwen/41_E646.svg;https://img.zdic.net/zy/jiaguwen/41_E647.svg;https://img.zdic.net/zy/jiaguwen/41_E648.svg;https://img.zdic.net/zy/jiaguwen/41_E649.svg;https://img.zdic.net/zy/jiaguwen/41_E64A.svg;https://img.zdic.net/zy/jiaguwen/41_E64B.svg;https://img.zdic.net/zy/jiaguwen/41_E64C.svg;https://img.zdic.net/zy/jiaguwen/41_E64D.svg;https://img.zdic.net/zy/jiaguwen/41_E64E.svg;https://img.zdic.net/zy/jiaguwen/41_E64F.svg;https://img.zdic.net/zy/jiaguwen/41_E650.svg;https://img.zdic.net/zy/jiaguwen/41_E651.svg;https://img.zdic.net/zy/jiaguwen/41_E652.svg;https://img.zdic.net/zy/jiaguwen/41_E653.svg;https://img.zdic.net/zy/jiaguwen/41_E654.svg;https://img.zdic.net/zy/jiaguwen/41_E655.svg;https://img.zdic.net/zy/jiaguwen/41_E656.svg;https://img.zdic.net/zy/jiaguwen/41_E657.svg;https://img.zdic.net/zy/jiaguwen/41_E658.svg;https://img.zdic.net/zy/jiaguwen/41_E659.svg;https://img.zdic.net/zy/jiaguwen/41_E65A.svg;https://img.zdic.net/zy/jiaguwen/41_E65B.svg;https://img.zdic.net/zy/jiaguwen/41_E65C.svg;https://img.zdic.net/zy/jiaguwen/41_E65D.svg;https://img.zdic.net/zy/jiaguwen/41_E65E.svg;https://img.zdic.net/zy/jiaguwen/41_E65F.svg;https://img.zdic.net/zy/jiaguwen/41_E660.svg;https://img.zdic.net/zy/jiaguwen/41_E661.svg;https://img.zdic.net/zy/jiaguwen/41_E662.svg;https://img.zdic.net/zy/jiaguwen/41_E663.svg;https://img.zdic.net/zy/jiaguwen/41_E664.svg;https://img.zdic.net/zy/jiaguwen/41_E665.svg;https://img.zdic.net/zy/jiaguwen/41_E666.svg;https://img.zdic.net/zy/jiaguwen/41_E667.svg;https://img.zdic.net/zy/jiaguwen/41_E668.svg;https://img.zdic.net/zy/jiaguwen/41_E669.svg;https://img.zdic.net/zy/jiaguwen/41_E66A.svg;https://img.zdic.net/zy/jiaguwen/41_E66B.svg;https://img.zdic.net/zy/jiaguwen/41_E66C.svg;https://img.zdic.net/zy/jiaguwen/41_E66D.svg;https://img.zdic.net/zy/jiaguwen/41_E66E.svg;https://img.zdic.net/zy/jiaguwen/41_E66F.svg;https://img.zdic.net/zy/jiaguwen/41_E670.svg;https://img.zdic.net/zy/jiaguwen/41_E671.svg;https://img.zdic.net/zy/jiaguwen/41_E672.svg;https://img.zdic.net/zy/jiaguwen/41_E673.svg;https://img.zdic.net/zy/jiaguwen/41_E674.svg,glyphs/0199_弘_0.png;glyphs/0199_弘_1.png;glyphs/0199_弘_2.png;glyphs/0199_弘_3.png;glyphs/0199_弘_4.png;glyphs/0199_弘_5.png;glyphs/0199_弘_6.png;glyphs/0199_弘_7.png;glyphs/0199_弘_8.png;glyphs/0199_弘_9.png;glyphs/0199_弘_10.png;glyphs/0199_弘_11.png;glyphs/0199_弘_12.png;glyphs/0199_弘_13.png;glyphs/0199_弘_14.png;glyphs/0199_弘_15.png;glyphs/0199_弘_16.png;glyphs/0199_弘_17.png;glyphs/0199_弘_18.png;glyphs/0199_弘_19.png;glyphs/0199_弘_20.png;glyphs/0199_弘_21.png;glyphs/0199_弘_22.png;glyphs/0199_弘_23.png;glyphs/0199_弘_24.png;glyphs/0199_弘_25.png;glyphs/0199_弘_26.png;glyphs/0199_弘_27.png;glyphs/0199_弘_28.png;glyphs/0199_弘_29.png;glyphs/0199_弘_30.png;glyphs/0199_弘_31.png;glyphs/0199_弘_32.png;glyphs/0199_弘_33.png;glyphs/0199_弘_34.png;glyphs/0199_弘_35.png;glyphs/0199_弘_36.png;glyphs/0199_弘_37.png;glyphs/0199_弘_38.png;glyphs/0199_弘_39.png;glyphs/0199_弘_40.png;glyphs/0199_弘_41.png;glyphs/0199_弘_42.png;glyphs/0199_弘_43.png;glyphs/0199_弘_44.png;glyphs/0199_弘_45.png;glyphs/0199_弘_46.png
200,强,淡蓝 #7396FF,L1,实证错配·与金文表同图,hans（/强/jiaguwen）,https://www.zdic.net/hans/强/jiaguwen,1,强後2.4.7 合3019 賓組,强後2.4.7 合3019 賓組,https://img.zdic.net/zy/jiaguwen/43_F092.svg,glyphs/0200_强_0.png
201,彩,淡蓝 #7396FF,L1,实证错配·与金文表同图,hans（/彩/jiaguwen）,https://www.zdic.net/hans/彩/jiaguwen,14,彩乙12 合21021 𠂤組,彩乙12 合21021 𠂤組 | 彩乙16 合20960 𠂤組 | 彩乙210 合21962 | 彩乙478 合21021 𠂤組 | 彩鐵242.1 合12424 賓組 | 彩前4.45.4 合12812 賓組 | 彩佚276 合20397 賓組 | 彩粹492 合38290 黃組 | 彩粹838 合21011 𠂤組 | 彩通別2.7.8 | 彩京都3100 合20959 𠂤組 | 彩前5.36.1 合12810 賓組 | 彩前7.40.1 合3223 賓組 | 彩粹1043 合12814 賓組,https://img.zdic.net/zy/jiaguwen/42_EAB1.svg;https://img.zdic.net/zy/jiaguwen/42_EAB2.svg;https://img.zdic.net/zy/jiaguwen/42_EAB3.svg;https://img.zdic.net/zy/jiaguwen/42_EAB4.svg;https://img.zdic.net/zy/jiaguwen/42_EAB5.svg;https://img.zdic.net/zy/jiaguwen/42_EAB6.svg;https://img.zdic.net/zy/jiaguwen/42_EAB7.svg;https://img.zdic.net/zy/jiaguwen/42_EAB8.svg;https://img.zdic.net/zy/jiaguwen/42_EAB9.svg;https://img.zdic.net/zy/jiaguwen/42_EABA.svg;https://img.zdic.net/zy/jiaguwen/42_EABB.svg;https://img.zdic.net/zy/jiaguwen/42_EABC.svg;https://img.zdic.net/zy/jiaguwen/42_EABD.svg;https://img.zdic.net/zy/jiaguwen/42_EABE.svg,glyphs/0201_彩_0.png;glyphs/0201_彩_1.png;glyphs/0201_彩_2.png;glyphs/0201_彩_3.png;glyphs/0201_彩_4.png;glyphs/0201_彩_5.png;glyphs/0201_彩_6.png;glyphs/0201_彩_7.png;glyphs/0201_彩_8.png;glyphs/0201_彩_9.png;glyphs/0201_彩_10.png;glyphs/0201_彩_11.png;glyphs/0201_彩_12.png;glyphs/0201_彩_13.png
202,役,淡蓝 #7396FF,L1,实证错配·与金文表同图,hans（/役/jiaguwen）,https://www.zdic.net/hans/役/jiaguwen,7,役前6.4.1 合10131 賓組,役前6.4.1 合10131 賓組 | 役前6.12.4 合17939 賓組 | 役前7.6.1 合7422 | 役後2.26.18 合5363 賓組 | 役後2.38.2 合7168 賓組 | 役誠358背 合6510 | 役存1336 合17940 賓組,https://img.zdic.net/zy/jiaguwen/41_F130.svg;https://img.zdic.net/zy/jiaguwen/41_F131.svg;https://img.zdic.net/zy/jiaguwen/41_F132.svg;https://img.zdic.net/zy/jiaguwen/41_F133.svg;https://img.zdic.net/zy/jiaguwen/41_F134.svg;https://img.zdic.net/zy/jiaguwen/41_F135.svg;https://img.zdic.net/zy/jiaguwen/41_F137.svg,glyphs/0202_役_0.png;glyphs/0202_役_1.png;glyphs/0202_役_2.png;glyphs/0202_役_3.png;glyphs/0202_役_4.png;glyphs/0202_役_5.png;glyphs/0202_役_6.png
203,徒,深色,ok,—,hans（/徒/jiaguwen）,https://www.zdic.net/hans/徒/jiaguwen,10,徒乙948 合8656,徒乙948 合8656 | 徒乙4362反 | 徒乙4527 合12312 | 徒乙4884 | 徒乙5582 合6573 賓組 | 徒乙7800 合6653 賓組 | 徒乙8138 合7658 | 徒拾14.18 合7659 | 徒後1.16.2 合6241 | 徒後2.8.13,https://img.zdic.net/zy/jiaguwen/45_E325.svg;https://img.zdic.net/zy/jiaguwen/45_E326.svg;https://img.zdic.net/zy/jiaguwen/45_E327.svg;https://img.zdic.net/zy/jiaguwen/45_E328.svg;https://img.zdic.net/zy/jiaguwen/45_E329.svg;https://img.zdic.net/zy/jiaguwen/45_E32A.svg;https://img.zdic.net/zy/jiaguwen/45_E32B.svg;https://img.zdic.net/zy/jiaguwen/45_E32C.svg;https://img.zdic.net/zy/jiaguwen/45_E32D.svg;https://img.zdic.net/zy/jiaguwen/45_E32E.svg,glyphs/0203_徒_0.png;glyphs/0203_徒_1.png;glyphs/0203_徒_2.png;glyphs/0203_徒_3.png;glyphs/0203_徒_4.png;glyphs/0203_徒_5.png;glyphs/0203_徒_6.png;glyphs/0203_徒_7.png;glyphs/0203_徒_8.png;glyphs/0203_徒_9.png
204,徙,淡蓝 #7396FF,L2,淡蓝同批·待核,hans（/徙/jiaguwen）,https://www.zdic.net/hans/徙/jiaguwen,53,徙鐵22.2 合19249 賓組,徙鐵22.2 合19249 賓組 | 徙甲388 合34414 | 徙甲475 合21242 𠂤組 | 徙甲684 合35319 | 徙甲3003 合20731 𠂤組 | 徙乙154 合20761 | 徙乙811 合11274 賓組 | 徙河658 合19081 賓組 | 徙拾7.13 合13463 | 徙前1.29.4 合10918 | 徙前1.44.5 | 徙前2.7.4 合36777 黃組 | 徙前2.15.2 合36772 | 徙前4.18.1 合36482 黃組 | 徙前5.24.2 合39461 黃組 | 徙後1.13.4 合33148 歷組 | 徙佚38 合34010 𠂤歷間 | 徙佚430 合24263 出組 | 徙京津1521 | 徙燕612 | 徙摭續164 合33147 歷組 | 徙存600 合495 賓組 | 徙續3.28.2 合36845 黃組 | 徙續3.28.5 合36501 黃組 | 徙師友1.72 | 徙鐵128.2 合4885 賓組 | 徙甲36 合19274 | 徙甲3072 | 徙乙1595 合19275 | 徙河580 合6897 賓組 | 徙福1 合6894 賓組 | 徙燕722 合6900 賓組 | 徙拾9.12 合6890 | 徙前6.22.8 合6895 賓組 | 徙鐵14.1 合20549 | 徙乙1016 合19275 | 徙河120 合20951 𠂤組 | 徙前4.17.1 合21282 𠂤組 | 徙林1.7.9 合6883 | 徙佚381 | 徙京津384 合20950 𠂤組 | 徙金696 合40352 | 徙後2.11.9 | 徙甲436 合20074 賓組 | 徙前8.4.7 合19971 𠂤組 | 徙後2.24.10 合20230 | 徙寧滬3.79 | 徙陳44 | 徙前6.22.4 合17624 賓組 | 徙寧滬3.86 合39987 | 徙存78 合9408 賓組 | 徙戩39.11 合13634 賓組 | 徙後2.43.2 合20360,https://img.zdic.net/zy/jiaguwen/41_E7D2.svg;https://img.zdic.net/zy/jiaguwen/41_E7D3.svg;https://img.zdic.net/zy/jiaguwen/41_E7D4.svg;https://img.zdic.net/zy/jiaguwen/41_E7D5.svg;https://img.zdic.net/zy/jiaguwen/41_E7D6.svg;https://img.zdic.net/zy/jiaguwen/41_E7D7.svg;https://img.zdic.net/zy/jiaguwen/41_E7D8.svg;https://img.zdic.net/zy/jiaguwen/41_E7D9.svg;https://img.zdic.net/zy/jiaguwen/41_E7DA.svg;https://img.zdic.net/zy/jiaguwen/41_E7DB.svg;https://img.zdic.net/zy/jiaguwen/41_E7DC.svg;https://img.zdic.net/zy/jiaguwen/41_E7DD.svg;https://img.zdic.net/zy/jiaguwen/41_E7DE.svg;https://img.zdic.net/zy/jiaguwen/41_E7DF.svg;https://img.zdic.net/zy/jiaguwen/41_E7E0.svg;https://img.zdic.net/zy/jiaguwen/41_E7E1.svg;https://img.zdic.net/zy/jiaguwen/41_E7E2.svg;https://img.zdic.net/zy/jiaguwen/41_E7E3.svg;https://img.zdic.net/zy/jiaguwen/41_E7E4.svg;https://img.zdic.net/zy/jiaguwen/41_E7E5.svg;https://img.zdic.net/zy/jiaguwen/41_E7E6.svg;https://img.zdic.net/zy/jiaguwen/41_E7E7.svg;https://img.zdic.net/zy/jiaguwen/41_E7E8.svg;https://img.zdic.net/zy/jiaguwen/41_E7E9.svg;https://img.zdic.net/zy/jiaguwen/41_E7EA.svg;https://img.zdic.net/zy/jiaguwen/41_E7EB.svg;https://img.zdic.net/zy/jiaguwen/41_E7EC.svg;https://img.zdic.net/zy/jiaguwen/41_E7ED.svg;https://img.zdic.net/zy/jiaguwen/41_E7EE.svg;https://img.zdic.net/zy/jiaguwen/41_E7EF.svg;https://img.zdic.net/zy/jiaguwen/41_E7F0.svg;https://img.zdic.net/zy/jiaguwen/41_E7F1.svg;https://img.zdic.net/zy/jiaguwen/41_E7F2.svg;https://img.zdic.net/zy/jiaguwen/41_E7F3.svg;https://img.zdic.net/zy/jiaguwen/41_E7F4.svg;https://img.zdic.net/zy/jiaguwen/41_E7F5.svg;https://img.zdic.net/zy/jiaguwen/41_E7F6.svg;https://img.zdic.net/zy/jiaguwen/41_E7F7.svg;https://img.zdic.net/zy/jiaguwen/41_E7F8.svg;https://img.zdic.net/zy/jiaguwen/41_E7F9.svg;https://img.zdic.net/zy/jiaguwen/41_E7FA.svg;https://img.zdic.net/zy/jiaguwen/41_E7FB.svg;https://img.zdic.net/zy/jiaguwen/41_E7FC.svg;https://img.zdic.net/zy/jiaguwen/41_E7FD.svg;https://img.zdic.net/zy/jiaguwen/41_E7FE.svg;https://img.zdic.net/zy/jiaguwen/41_E7FF.svg;https://img.zdic.net/zy/jiaguwen/41_E800.svg;https://img.zdic.net/zy/jiaguwen/41_E801.svg;https://img.zdic.net/zy/jiaguwen/41_E802.svg;https://img.zdic.net/zy/jiaguwen/41_E803.svg;https://img.zdic.net/zy/jiaguwen/41_E804.svg;https://img.zdic.net/zy/jiaguwen/41_E805.svg;https://img.zdic.net/zy/jiaguwen/41_E806.svg,glyphs/0204_徙_0.png;glyphs/0204_徙_1.png;glyphs/0204_徙_2.png;glyphs/0204_徙_3.png;glyphs/0204_徙_4.png;glyphs/0204_徙_5.png;glyphs/0204_徙_6.png;glyphs/0204_徙_7.png;glyphs/0204_徙_8.png;glyphs/0204_徙_9.png;glyphs/0204_徙_10.png;glyphs/0204_徙_11.png;glyphs/0204_徙_12.png;glyphs/0204_徙_13.png;glyphs/0204_徙_14.png;glyphs/0204_徙_15.png;glyphs/0204_徙_16.png;glyphs/0204_徙_17.png;glyphs/0204_徙_18.png;glyphs/0204_徙_19.png;glyphs/0204_徙_20.png;glyphs/0204_徙_21.png;glyphs/0204_徙_22.png;glyphs/0204_徙_23.png;glyphs/0204_徙_24.png;glyphs/0204_徙_25.png;glyphs/0204_徙_26.png;glyphs/0204_徙_27.png;glyphs/0204_徙_28.png;glyphs/0204_徙_29.png;glyphs/0204_徙_30.png;glyphs/0204_徙_31.png;glyphs/0204_徙_32.png;glyphs/0204_徙_33.png;glyphs/0204_徙_34.png;glyphs/0204_徙_35.png;glyphs/0204_徙_36.png;glyphs/0204_徙_37.png;glyphs/0204_徙_38.png;glyphs/0204_徙_39.png;glyphs/0204_徙_40.png;glyphs/0204_徙_41.png;glyphs/0204_徙_42.png;glyphs/0204_徙_43.png;glyphs/0204_徙_44.png;glyphs/0204_徙_45.png;glyphs/0204_徙_46.png;glyphs/0204_徙_47.png;glyphs/0204_徙_48.png;glyphs/0204_徙_49.png;glyphs/0204_徙_50.png;glyphs/0204_徙_51.png;glyphs/0204_徙_52.png
205,循,淡蓝 #7396FF,L2,淡蓝同批·待核,hans（/循/jiaguwen）,https://www.zdic.net/hans/循/jiaguwen,20,循甲2304 合20547 𠂤組,循甲2304 合20547 𠂤組 | 循乙375 合20543 | 循乙907 合438 賓組 | 循河579 合22219 子組 | 循鐵55.4 合7251 | 循鐵163.2 合19134 | 循拾5.1 合20401 𠂤組 | 循前7.7.4 合6389 | 循前7.7.4 合6389 | 循後2.22.16 合28058 無名組 | 循戩39.7 合7254 | 循林2.9.3 合6398 | 循粹864 合9848 賓組 | 循粹1140 合7229 | 循佚57 | 循佚640 合22109 | 循師友2.158 | 循燕724 合7268 賓組 | 循燕757 合7249 賓組 | 循鄴初下.29.4,https://img.zdic.net/zy/jiaguwen/41_E9A1.svg;https://img.zdic.net/zy/jiaguwen/41_E9A2.svg;https://img.zdic.net/zy/jiaguwen/41_E9A3.svg;https://img.zdic.net/zy/jiaguwen/41_E9A4.svg;https://img.zdic.net/zy/jiaguwen/41_E9A5.svg;https://img.zdic.net/zy/jiaguwen/41_E9A6.svg;https://img.zdic.net/zy/jiaguwen/41_E9A7.svg;https://img.zdic.net/zy/jiaguwen/41_E9A8.svg;https://img.zdic.net/zy/jiaguwen/41_E9A9.svg;https://img.zdic.net/zy/jiaguwen/41_E9AA.svg;https://img.zdic.net/zy/jiaguwen/41_E9AB.svg;https://img.zdic.net/zy/jiaguwen/41_E9AC.svg;https://img.zdic.net/zy/jiaguwen/41_E9AD.svg;https://img.zdic.net/zy/jiaguwen/41_E9AE.svg;https://img.zdic.net/zy/jiaguwen/41_E9AF.svg;https://img.zdic.net/zy/jiaguwen/41_E9B0.svg;https://img.zdic.net/zy/jiaguwen/41_E9B1.svg;https://img.zdic.net/zy/jiaguwen/41_E9B2.svg;https://img.zdic.net/zy/jiaguwen/41_E9B3.svg;https://img.zdic.net/zy/jiaguwen/41_E9B4.svg,glyphs/0205_循_0.png;glyphs/0205_循_1.png;glyphs/0205_循_2.png;glyphs/0205_循_3.png;glyphs/0205_循_4.png;glyphs/0205_循_5.png;glyphs/0205_循_6.png;glyphs/0205_循_7.png;glyphs/0205_循_8.png;glyphs/0205_循_9.png;glyphs/0205_循_10.png;glyphs/0205_循_11.png;glyphs/0205_循_12.png;glyphs/0205_循_13.png;glyphs/0205_循_14.png;glyphs/0205_循_15.png;glyphs/0205_循_16.png;glyphs/0205_循_17.png;glyphs/0205_循_18.png;glyphs/0205_循_19.png
206,恒,深色,ok,—,hans（/恒/jiaguwen）,https://www.zdic.net/hans/恒/jiaguwen,11,恒鐵199.3 合14764,恒鐵199.3 合14764 | 恒後1.9.10 合14762 𠂤賓間 | 恒後2.7.7 合14768 賓組 | 恒粹78A 合14766 賓組 | 恒明2369 合14767 賓組 | 恒福27 合14763 | 恒京都715 合14765 | 恒乙1876反 合18478反 | 恒前7.11.2 合14760 賓組 | 恒金449 合40437 | 恒粹77 合14761,https://img.zdic.net/zy/jiaguwen/43_F258.svg;https://img.zdic.net/zy/jiaguwen/43_F259.svg;https://img.zdic.net/zy/jiaguwen/43_F25A.svg;https://img.zdic.net/zy/jiaguwen/43_F25B.svg;https://img.zdic.net/zy/jiaguwen/43_F25C.svg;https://img.zdic.net/zy/jiaguwen/43_F25D.svg;https://img.zdic.net/zy/jiaguwen/43_F25E.svg;https://img.zdic.net/zy/jiaguwen/43_F25F.svg;https://img.zdic.net/zy/jiaguwen/43_F260.svg;https://img.zdic.net/zy/jiaguwen/43_F261.svg;https://img.zdic.net/zy/jiaguwen/43_F262.svg,glyphs/0206_恒_0.png;glyphs/0206_恒_1.png;glyphs/0206_恒_2.png;glyphs/0206_恒_3.png;glyphs/0206_恒_4.png;glyphs/0206_恒_5.png;glyphs/0206_恒_6.png;glyphs/0206_恒_7.png;glyphs/0206_恒_8.png;glyphs/0206_恒_9.png;glyphs/0206_恒_10.png
207,恙,深色,ok,—,hans（/恙/jiaguwen）,https://www.zdic.net/hans/恙/jiaguwen,1,恙乙1706 合21870 子組,恙乙1706 合21870 子組,https://img.zdic.net/zy/jiaguwen/42_E044.svg,glyphs/0207_恙_0.png
208,憋,淡蓝 #7396FF,L2,淡蓝同批·待核,hans（/憋/jiaguwen）,https://www.zdic.net/hans/憋/jiaguwen,1,憋乙768 合17230 賓組,憋乙768 合17230 賓組,https://img.zdic.net/zy/jiaguwen/42_E22C.svg,glyphs/0208_憋_0.png
209,懋,深色,ok,—,hans（/懋/jiaguwen）,https://www.zdic.net/hans/懋/jiaguwen,1,懋京都2062 合29004 無名組,懋京都2062 合29004 無名組,https://img.zdic.net/zy/jiaguwen/45_F5BF.svg,glyphs/0209_懋_0.png
210,戕,深色,ok,—,hans（/戕/jiaguwen）,https://www.zdic.net/hans/戕/jiaguwen,1,戕粹1219 合35301 歷組,戕粹1219 合35301 歷組,https://img.zdic.net/zy/jiaguwen/43_EEE7.svg,glyphs/0210_戕_0.png
211,扑,淡蓝 #7396FF,L1,实证错配·与金文表同图,hans（/扑/jiaguwen）,https://www.zdic.net/hans/扑/jiaguwen,1,扑摭續190 合27742 無名組,扑摭續190 合27742 無名組,https://img.zdic.net/zy/jiaguwen/41_F1A8.svg,glyphs/0211_扑_0.png
212,找,淡蓝 #7396FF,L1,实证错配·与金文表同图,hans（/找/jiaguwen）,https://www.zdic.net/hans/找/jiaguwen,1,找乙3471 合975 賓組,找乙3471 合975 賓組,https://img.zdic.net/zy/jiaguwen/41_EDF8.svg,glyphs/0212_找_0.png
213,挚,淡蓝 #7396FF,L2,淡蓝同批·待核,hans（/挚/jiaguwen）,https://www.zdic.net/hans/挚/jiaguwen,8,挚前6.29.5 合570,挚前6.29.5 合570 | 挚後2.23.9 合693 賓組 | 挚後2.31.8 合804 賓組 | 挚甲427 合27796 何組 | 挚明藏621 | 挚京津4141 合33008 無名組 | 挚京都1849 合28084 | 挚京都1862 合26990 何組,https://img.zdic.net/zy/jiaguwen/43_EC40.svg;https://img.zdic.net/zy/jiaguwen/43_EC41.svg;https://img.zdic.net/zy/jiaguwen/43_EC42.svg;https://img.zdic.net/zy/jiaguwen/43_EC43.svg;https://img.zdic.net/zy/jiaguwen/43_EC44.svg;https://img.zdic.net/zy/jiaguwen/43_EC45.svg;https://img.zdic.net/zy/jiaguwen/43_EC46.svg;https://img.zdic.net/zy/jiaguwen/43_EC47.svg,glyphs/0213_挚_0.png;glyphs/0213_挚_1.png;glyphs/0213_挚_2.png;glyphs/0213_挚_3.png;glyphs/0213_挚_4.png;glyphs/0213_挚_5.png;glyphs/0213_挚_6.png;glyphs/0213_挚_7.png
214,挛,深色,ok,—,hans（/挛/jiaguwen）,https://www.zdic.net/hans/挛/jiaguwen,20,挛鐵2.2 合11028,挛鐵2.2 合11028 | 挛鐵92.3 合2677 賓組 | 挛前5.36.6 | 挛後1.8.14 合32384 歷組 | 挛前7.4.1 合13307 賓組 | 挛林2.12.10 合16235 | 挛林2.12.10 合16235 | 挛甲1300 合31783 | 挛甲3510 合6 賓組 | 挛乙830 合21695 | 挛乙830 合21695 | 挛乙1598 合21818 子組 | 挛乙3683 合18600 | 挛粹376 合24982 出組 | 挛粹398 合32227 𠂤歷間 | 挛粹446 合34532 歷組 | 挛粹495 合31161 無名組 | 挛京津2286 合15968 賓組 | 挛存1468 合24769 出組 | 挛鄴3下.43.4 合27997 無名組,https://img.zdic.net/zy/jiaguwen/43_F0D1.svg;https://img.zdic.net/zy/jiaguwen/43_F0D2.svg;https://img.zdic.net/zy/jiaguwen/43_F0D3.svg;https://img.zdic.net/zy/jiaguwen/43_F0D4.svg;https://img.zdic.net/zy/jiaguwen/43_F0D5.svg;https://img.zdic.net/zy/jiaguwen/43_F0D6.svg;https://img.zdic.net/zy/jiaguwen/43_F0D7.svg;https://img.zdic.net/zy/jiaguwen/43_F0D8.svg;https://img.zdic.net/zy/jiaguwen/43_F0D9.svg;https://img.zdic.net/zy/jiaguwen/43_F0DA.svg;https://img.zdic.net/zy/jiaguwen/43_F0DB.svg;https://img.zdic.net/zy/jiaguwen/43_F0DC.svg;https://img.zdic.net/zy/jiaguwen/43_F0DD.svg;https://img.zdic.net/zy/jiaguwen/43_F0DE.svg;https://img.zdic.net/zy/jiaguwen/43_F0DF.svg;https://img.zdic.net/zy/jiaguwen/43_F0E0.svg;https://img.zdic.net/zy/jiaguwen/43_F0E1.svg;https://img.zdic.net/zy/jiaguwen/43_F0E2.svg;https://img.zdic.net/zy/jiaguwen/43_F0E3.svg;https://img.zdic.net/zy/jiaguwen/43_F0E4.svg,glyphs/0214_挛_0.png;glyphs/0214_挛_1.png;glyphs/0214_挛_2.png;glyphs/0214_挛_3.png;glyphs/0214_挛_4.png;glyphs/0214_挛_5.png;glyphs/0214_挛_6.png;glyphs/0214_挛_7.png;glyphs/0214_挛_8.png;glyphs/0214_挛_9.png;glyphs/0214_挛_10.png;glyphs/0214_挛_11.png;glyphs/0214_挛_12.png;glyphs/0214_挛_13.png;glyphs/0214_挛_14.png;glyphs/0214_挛_15.png;glyphs/0214_挛_16.png;glyphs/0214_挛_17.png;glyphs/0214_挛_18.png;glyphs/0214_挛_19.png
215,振,深色,ok,—,hans（/振/jiaguwen）,https://www.zdic.net/hans/振/jiaguwen,1,振佚971 合36426 黃組,振佚971 合36426 黃組,https://img.zdic.net/zy/jiaguwen/41_E946.svg,glyphs/0215_振_0.png
216,昇,蓝块占位,none,原表无字形,hans（/昇/jiaguwen）,https://www.zdic.net/hans/昇/jiaguwen,20,昇甲550 合31119,昇甲550 合31119 | 昇甲1370 | 昇甲1373 | 昇甲1902 合27005 何組 | 昇乙7723 合11697 賓組 | 昇鄴3下.50.14 合36119 | 昇前1.20.7 合36123 黃組 | 昇前2.16.2 合35913 黃組 | 昇前4.20.6 合38696 | 昇後2.7.1 合23248 出組 | 昇林1.11.4 | 昇戩25.10 合30973 無名組 | 昇粹323 合30356 何組 | 昇粹330 合32654 無名組 | 昇粹331 合27335 無名組 | 昇粹337 合30359 無名組 | 昇京津5030 合36119 | 昇京津5032 合35980 黃組 | 昇京津5052 合36017 | 昇京都1812 合30365 無名組,https://img.zdic.net/zy/jiaguwen/43_F428.svg;https://img.zdic.net/zy/jiaguwen/43_F429.svg;https://img.zdic.net/zy/jiaguwen/43_F42A.svg;https://img.zdic.net/zy/jiaguwen/43_F42B.svg;https://img.zdic.net/zy/jiaguwen/43_F42C.svg;https://img.zdic.net/zy/jiaguwen/43_F42D.svg;https://img.zdic.net/zy/jiaguwen/43_F42E.svg;https://img.zdic.net/zy/jiaguwen/43_F42F.svg;https://img.zdic.net/zy/jiaguwen/43_F430.svg;https://img.zdic.net/zy/jiaguwen/43_F431.svg;https://img.zdic.net/zy/jiaguwen/43_F432.svg;https://img.zdic.net/zy/jiaguwen/43_F433.svg;https://img.zdic.net/zy/jiaguwen/43_F434.svg;https://img.zdic.net/zy/jiaguwen/43_F435.svg;https://img.zdic.net/zy/jiaguwen/43_F436.svg;https://img.zdic.net/zy/jiaguwen/43_F437.svg;https://img.zdic.net/zy/jiaguwen/43_F438.svg;https://img.zdic.net/zy/jiaguwen/43_F439.svg;https://img.zdic.net/zy/jiaguwen/43_F43A.svg;https://img.zdic.net/zy/jiaguwen/43_F43B.svg,glyphs/0216_昇_0.png;glyphs/0216_昇_1.png;glyphs/0216_昇_2.png;glyphs/0216_昇_3.png;glyphs/0216_昇_4.png;glyphs/0216_昇_5.png;glyphs/0216_昇_6.png;glyphs/0216_昇_7.png;glyphs/0216_昇_8.png;glyphs/0216_昇_9.png;glyphs/0216_昇_10.png;glyphs/0216_昇_11.png;glyphs/0216_昇_12.png;glyphs/0216_昇_13.png;glyphs/0216_昇_14.png;glyphs/0216_昇_15.png;glyphs/0216_昇_16.png;glyphs/0216_昇_17.png;glyphs/0216_昇_18.png;glyphs/0216_昇_19.png
217,昏,深色,ok,—,hans（/昏/jiaguwen）,https://www.zdic.net/hans/昏/jiaguwen,8,昏甲558 合30838,昏甲558 合30838 | 昏粹715 合29794 無名組 | 昏粹717 合29801 無名組 | 昏鄴初下.33.3 合29803 | 昏京津4450 合29272 | 昏寧滬1.70 合29328 何組 | 昏寧滬1.681 | 昏佚292 合29092 何組,https://img.zdic.net/zy/jiaguwen/42_ED9F.svg;https://img.zdic.net/zy/jiaguwen/42_EDA0.svg;https://img.zdic.net/zy/jiaguwen/42_EDA1.svg;https://img.zdic.net/zy/jiaguwen/42_EDA2.svg;https://img.zdic.net/zy/jiaguwen/42_EDA3.svg;https://img.zdic.net/zy/jiaguwen/42_EDA4.svg;https://img.zdic.net/zy/jiaguwen/42_EDA5.svg;https://img.zdic.net/zy/jiaguwen/42_EDA6.svg,glyphs/0217_昏_0.png;glyphs/0217_昏_1.png;glyphs/0217_昏_2.png;glyphs/0217_昏_3.png;glyphs/0217_昏_4.png;glyphs/0217_昏_5.png;glyphs/0217_昏_6.png;glyphs/0217_昏_7.png
218,晨,深色,ok,—,hans（/晨/jiaguwen）,https://www.zdic.net/hans/晨/jiaguwen,24,晨甲96 合25178 出組,晨甲96 合25178 出組 | 晨前5.47.5 合23420 出組 | 晨前5.47.6 合25157 出組 | 晨前5.48.1 合23419 出組 | 晨後2.39.17 合22988 | 晨戩2.9 合22762 出組 | 晨續2.1.4 合22610 出組 | 晨續2.2.1 合23153 出組 | 晨鄴2下.40.1 合23150 | 晨乙5329 合10976 賓組 | 晨掇2.63 合9495 賓組 | 晨存216 合14451 賓組 | 晨存1505 合23174 | 晨明藏358 | 晨明46 合25177 出組 | 晨明302 合22718 出組 | 晨明668 合22859 出組 | 晨金90 合41135 | 晨七P118 合40967 | 晨佚855 合14451 賓組 | 晨佚924 合22610 出組 | 晨後1.7.11 合23520 出組 | 晨乙282 合10474 𠂤賓間 | 晨後2.13.2 合24134 出組,https://img.zdic.net/zy/jiaguwen/41_EDAF.svg;https://img.zdic.net/zy/jiaguwen/41_EDB0.svg;https://img.zdic.net/zy/jiaguwen/41_EDB1.svg;https://img.zdic.net/zy/jiaguwen/41_EDB2.svg;https://img.zdic.net/zy/jiaguwen/41_EDB3.svg;https://img.zdic.net/zy/jiaguwen/41_EDB4.svg;https://img.zdic.net/zy/jiaguwen/41_EDB5.svg;https://img.zdic.net/zy/jiaguwen/41_EDB6.svg;https://img.zdic.net/zy/jiaguwen/41_EDB7.svg;https://img.zdic.net/zy/jiaguwen/41_EDB8.svg;https://img.zdic.net/zy/jiaguwen/41_EDB9.svg;https://img.zdic.net/zy/jiaguwen/41_EDBA.svg;https://img.zdic.net/zy/jiaguwen/41_EDBB.svg;https://img.zdic.net/zy/jiaguwen/41_EDBC.svg;https://img.zdic.net/zy/jiaguwen/41_EDBD.svg;https://img.zdic.net/zy/jiaguwen/41_EDBE.svg;https://img.zdic.net/zy/jiaguwen/41_EDBF.svg;https://img.zdic.net/zy/jiaguwen/41_EDC0.svg;https://img.zdic.net/zy/jiaguwen/41_EDC1.svg;https://img.zdic.net/zy/jiaguwen/41_EDC2.svg;https://img.zdic.net/zy/jiaguwen/41_EDC3.svg;https://img.zdic.net/zy/jiaguwen/41_EDC4.svg;https://img.zdic.net/zy/jiaguwen/41_EDC5.svg;https://img.zdic.net/zy/jiaguwen/41_EDC6.svg,glyphs/0218_晨_0.png;glyphs/0218_晨_1.png;glyphs/0218_晨_2.png;glyphs/0218_晨_3.png;glyphs/0218_晨_4.png;glyphs/0218_晨_5.png;glyphs/0218_晨_6.png;glyphs/0218_晨_7.png;glyphs/0218_晨_8.png;glyphs/0218_晨_9.png;glyphs/0218_晨_10.png;glyphs/0218_晨_11.png;glyphs/0218_晨_12.png;glyphs/0218_晨_13.png;glyphs/0218_晨_14.png;glyphs/0218_晨_15.png;glyphs/0218_晨_16.png;glyphs/0218_晨_17.png;glyphs/0218_晨_18.png;glyphs/0218_晨_19.png;glyphs/0218_晨_20.png;glyphs/0218_晨_21.png;glyphs/0218_晨_22.png;glyphs/0218_晨_23.png
219,术,淡蓝 #7396FF,L2,淡蓝同批·待核,hans（/术/jiaguwen）,https://www.zdic.net/hans/术/jiaguwen,5,术乙3394 合3238 賓組,术乙3394 合3238 賓組 | 术乙5044 | 术乙5657 合2940 賓組 | 术乙8376 合18406 賓組 | 术佚710 合16267 賓組,https://img.zdic.net/zy/jiaguwen/42_F0D6.svg;https://img.zdic.net/zy/jiaguwen/42_F0D7.svg;https://img.zdic.net/zy/jiaguwen/42_F0D8.svg;https://img.zdic.net/zy/jiaguwen/42_F0D9.svg;https://img.zdic.net/zy/jiaguwen/42_F0DA.svg,glyphs/0219_术_0.png;glyphs/0219_术_1.png;glyphs/0219_术_2.png;glyphs/0219_术_3.png;glyphs/0219_术_4.png
220,杞,深色,ok,—,hans（/杞/jiaguwen）,https://www.zdic.net/hans/杞/jiaguwen,4,杞乙8895 合22214 子組,杞乙8895 合22214 子組 | 杞前2.8.7 合36751 黃組 | 杞後1.13.11 合37662 黃組 | 杞後2.37.5 合13890 賓組,https://img.zdic.net/zy/jiaguwen/42_EA7C.svg;https://img.zdic.net/zy/jiaguwen/42_EA7D.svg;https://img.zdic.net/zy/jiaguwen/42_EA7E.svg;https://img.zdic.net/zy/jiaguwen/42_EA7F.svg,glyphs/0220_杞_0.png;glyphs/0220_杞_1.png;glyphs/0220_杞_2.png;glyphs/0220_杞_3.png
221,柰,淡蓝 #7396FF,L2,淡蓝同批·待核,hans（/柰/jiaguwen）,https://www.zdic.net/hans/柰/jiaguwen,7,柰河472 合24252 出組,柰河472 合24252 出組 | 柰珠374 合36249 | 柰京都1269 合23540 | 柰坊間4.91 | 柰林1.18.13 合15662 賓組 | 柰珠383 合25372 | 柰前1.36.3 合23378,https://img.zdic.net/zy/jiaguwen/41_E18A.svg;https://img.zdic.net/zy/jiaguwen/41_E18B.svg;https://img.zdic.net/zy/jiaguwen/41_E18C.svg;https://img.zdic.net/zy/jiaguwen/41_E18D.svg;https://img.zdic.net/zy/jiaguwen/41_E18E.svg;https://img.zdic.net/zy/jiaguwen/41_E18F.svg;https://img.zdic.net/zy/jiaguwen/41_E190.svg,glyphs/0221_柰_0.png;glyphs/0221_柰_1.png;glyphs/0221_柰_2.png;glyphs/0221_柰_3.png;glyphs/0221_柰_4.png;glyphs/0221_柰_5.png;glyphs/0221_柰_6.png
222,橹,深色,ok,—,hans（/橹/jiaguwen）,https://www.zdic.net/hans/橹/jiaguwen,1,橹佚270,橹佚270,https://img.zdic.net/zy/jiaguwen/45_EDD0.svg,glyphs/0222_橹_0.png
223,步,深色,ok,—,hans（/步/jiaguwen）,https://www.zdic.net/hans/步/jiaguwen,53,步鐵22.2 合19249 賓組,步鐵22.2 合19249 賓組 | 步甲388 合34414 | 步甲475 合21242 𠂤組 | 步甲684 合35319 | 步甲3003 合20731 𠂤組 | 步乙154 合20761 | 步乙811 合11274 賓組 | 步河658 合19081 賓組 | 步拾7.13 合13463 | 步前1.29.4 合10918 | 步前1.44.5 | 步前2.7.4 合36777 黃組 | 步前2.15.2 合36772 | 步前4.18.1 合36482 黃組 | 步前5.24.2 合39461 黃組 | 步後1.13.4 合33148 歷組 | 步佚38 合34010 𠂤歷間 | 步佚430 合24263 出組 | 步京津1521 | 步燕612 | 步摭續164 合33147 歷組 | 步存600 合495 賓組 | 步續3.28.2 合36845 黃組 | 步續3.28.5 合36501 黃組 | 步師友1.72 | 步鐵128.2 合4885 賓組 | 步甲36 合19274 | 步甲3072 | 步乙1595 合19275 | 步河580 合6897 賓組 | 步福1 合6894 賓組 | 步燕722 合6900 賓組 | 步拾9.12 合6890 | 步前6.22.8 合6895 賓組 | 步鐵14.1 合20549 | 步乙1016 合19275 | 步河120 合20951 𠂤組 | 步前4.17.1 合21282 𠂤組 | 步林1.7.9 合6883 | 步佚381 | 步京津384 合20950 𠂤組 | 步金696 合40352 | 步後2.11.9 | 步甲436 合20074 賓組 | 步前8.4.7 合19971 𠂤組 | 步後2.24.10 合20230 | 步寧滬3.79 | 步陳44 | 步前6.22.4 合17624 賓組 | 步寧滬3.86 合39987 | 步存78 合9408 賓組 | 步戩39.11 合13634 賓組 | 步後2.43.2 合20360,https://img.zdic.net/zy/jiaguwen/41_E7D2.svg;https://img.zdic.net/zy/jiaguwen/41_E7D3.svg;https://img.zdic.net/zy/jiaguwen/41_E7D4.svg;https://img.zdic.net/zy/jiaguwen/41_E7D5.svg;https://img.zdic.net/zy/jiaguwen/41_E7D6.svg;https://img.zdic.net/zy/jiaguwen/41_E7D7.svg;https://img.zdic.net/zy/jiaguwen/41_E7D8.svg;https://img.zdic.net/zy/jiaguwen/41_E7D9.svg;https://img.zdic.net/zy/jiaguwen/41_E7DA.svg;https://img.zdic.net/zy/jiaguwen/41_E7DB.svg;https://img.zdic.net/zy/jiaguwen/41_E7DC.svg;https://img.zdic.net/zy/jiaguwen/41_E7DD.svg;https://img.zdic.net/zy/jiaguwen/41_E7DE.svg;https://img.zdic.net/zy/jiaguwen/41_E7DF.svg;https://img.zdic.net/zy/jiaguwen/41_E7E0.svg;https://img.zdic.net/zy/jiaguwen/41_E7E1.svg;https://img.zdic.net/zy/jiaguwen/41_E7E2.svg;https://img.zdic.net/zy/jiaguwen/41_E7E3.svg;https://img.zdic.net/zy/jiaguwen/41_E7E4.svg;https://img.zdic.net/zy/jiaguwen/41_E7E5.svg;https://img.zdic.net/zy/jiaguwen/41_E7E6.svg;https://img.zdic.net/zy/jiaguwen/41_E7E7.svg;https://img.zdic.net/zy/jiaguwen/41_E7E8.svg;https://img.zdic.net/zy/jiaguwen/41_E7E9.svg;https://img.zdic.net/zy/jiaguwen/41_E7EA.svg;https://img.zdic.net/zy/jiaguwen/41_E7EB.svg;https://img.zdic.net/zy/jiaguwen/41_E7EC.svg;https://img.zdic.net/zy/jiaguwen/41_E7ED.svg;https://img.zdic.net/zy/jiaguwen/41_E7EE.svg;https://img.zdic.net/zy/jiaguwen/41_E7EF.svg;https://img.zdic.net/zy/jiaguwen/41_E7F0.svg;https://img.zdic.net/zy/jiaguwen/41_E7F1.svg;https://img.zdic.net/zy/jiaguwen/41_E7F2.svg;https://img.zdic.net/zy/jiaguwen/41_E7F3.svg;https://img.zdic.net/zy/jiaguwen/41_E7F4.svg;https://img.zdic.net/zy/jiaguwen/41_E7F5.svg;https://img.zdic.net/zy/jiaguwen/41_E7F6.svg;https://img.zdic.net/zy/jiaguwen/41_E7F7.svg;https://img.zdic.net/zy/jiaguwen/41_E7F8.svg;https://img.zdic.net/zy/jiaguwen/41_E7F9.svg;https://img.zdic.net/zy/jiaguwen/41_E7FA.svg;https://img.zdic.net/zy/jiaguwen/41_E7FB.svg;https://img.zdic.net/zy/jiaguwen/41_E7FC.svg;https://img.zdic.net/zy/jiaguwen/41_E7FD.svg;https://img.zdic.net/zy/jiaguwen/41_E7FE.svg;https://img.zdic.net/zy/jiaguwen/41_E7FF.svg;https://img.zdic.net/zy/jiaguwen/41_E800.svg;https://img.zdic.net/zy/jiaguwen/41_E801.svg;https://img.zdic.net/zy/jiaguwen/41_E802.svg;https://img.zdic.net/zy/jiaguwen/41_E803.svg;https://img.zdic.net/zy/jiaguwen/41_E804.svg;https://img.zdic.net/zy/jiaguwen/41_E805.svg;https://img.zdic.net/zy/jiaguwen/41_E806.svg,glyphs/0223_步_0.png;glyphs/0223_步_1.png;glyphs/0223_步_2.png;glyphs/0223_步_3.png;glyphs/0223_步_4.png;glyphs/0223_步_5.png;glyphs/0223_步_6.png;glyphs/0223_步_7.png;glyphs/0223_步_8.png;glyphs/0223_步_9.png;glyphs/0223_步_10.png;glyphs/0223_步_11.png;glyphs/0223_步_12.png;glyphs/0223_步_13.png;glyphs/0223_步_14.png;glyphs/0223_步_15.png;glyphs/0223_步_16.png;glyphs/0223_步_17.png;glyphs/0223_步_18.png;glyphs/0223_步_19.png;glyphs/0223_步_20.png;glyphs/0223_步_21.png;glyphs/0223_步_22.png;glyphs/0223_步_23.png;glyphs/0223_步_24.png;glyphs/0223_步_25.png;glyphs/0223_步_26.png;glyphs/0223_步_27.png;glyphs/0223_步_28.png;glyphs/0223_步_29.png;glyphs/0223_步_30.png;glyphs/0223_步_31.png;glyphs/0223_步_32.png;glyphs/0223_步_33.png;glyphs/0223_步_34.png;glyphs/0223_步_35.png;glyphs/0223_步_36.png;glyphs/0223_步_37.png;glyphs/0223_步_38.png;glyphs/0223_步_39.png;glyphs/0223_步_40.png;glyphs/0223_步_41.png;glyphs/0223_步_42.png;glyphs/0223_步_43.png;glyphs/0223_步_44.png;glyphs/0223_步_45.png;glyphs/0223_步_46.png;glyphs/0223_步_47.png;glyphs/0223_步_48.png;glyphs/0223_步_49.png;glyphs/0223_步_50.png;glyphs/0223_步_51.png;glyphs/0223_步_52.png
224,氮,深色,ok,—,hans（/氮/jiaguwen）,https://www.zdic.net/hans/氮/jiaguwen,1,氮後1.10.8 合36587 黃組,氮後1.10.8 合36587 黃組,https://img.zdic.net/zy/jiaguwen/43_E8E8.svg,glyphs/0224_氮_0.png
225,沐,深色,ok,—,hans（/沐/jiaguwen）,https://www.zdic.net/hans/沐/jiaguwen,2,沐粹1174 合6578,沐粹1174 合6578 | 沐河639 合28002 何組,https://img.zdic.net/zy/jiaguwen/43_E8EE.svg;https://img.zdic.net/zy/jiaguwen/43_E8EF.svg,glyphs/0225_沐_0.png;glyphs/0225_沐_1.png
226,泅,淡蓝 #7396FF,L1,实证错配·与金文表同图,hans（/泅/jiaguwen）,https://www.zdic.net/hans/泅/jiaguwen,26,泅甲214 合20593 𠂤組,泅甲214 合20593 𠂤組 | 泅甲562 合34176 歷組 | 泅乙192 合20072 𠂤組 | 泅前2.16.5 | 泅前2.16.6 合36494 | 泅前2.17.1 合36822 黃組 | 泅前2.17.2 合36822 黃組 | 泅前4.30.4 合17569 賓組 | 泅前5.30.3 合1824 賓組 | 泅前6.4.2 合23563 出組 | 泅前6.9.2 合19092 賓組 | 泅前6.9.3 合18979 賓組 | 泅林2.3.18 合3330 | 泅簠地19 合36823 | 泅簠征38 合35345 黃組 | 泅掇2.132 合32982 歷組 | 泅粹1282 合17569 賓組 | 泅京津2450 合7899 | 泅京津5553 | 泅存68 合4340 賓組 | 泅珠466 | 泅明藏786 | 泅金544 合41768 黃組 | 泅金597 合39701 | 泅鐵153.3 合2292 | 泅佚923 合16935 賓組,https://img.zdic.net/zy/jiaguwen/41_F20F.svg;https://img.zdic.net/zy/jiaguwen/41_F210.svg;https://img.zdic.net/zy/jiaguwen/41_F211.svg;https://img.zdic.net/zy/jiaguwen/41_F212.svg;https://img.zdic.net/zy/jiaguwen/41_F213.svg;https://img.zdic.net/zy/jiaguwen/41_F214.svg;https://img.zdic.net/zy/jiaguwen/41_F215.svg;https://img.zdic.net/zy/jiaguwen/41_F216.svg;https://img.zdic.net/zy/jiaguwen/41_F217.svg;https://img.zdic.net/zy/jiaguwen/41_F218.svg;https://img.zdic.net/zy/jiaguwen/41_F219.svg;https://img.zdic.net/zy/jiaguwen/41_F21A.svg;https://img.zdic.net/zy/jiaguwen/41_F21B.svg;https://img.zdic.net/zy/jiaguwen/41_F21C.svg;https://img.zdic.net/zy/jiaguwen/41_F21D.svg;https://img.zdic.net/zy/jiaguwen/41_F21E.svg;https://img.zdic.net/zy/jiaguwen/41_F21F.svg;https://img.zdic.net/zy/jiaguwen/41_F220.svg;https://img.zdic.net/zy/jiaguwen/41_F221.svg;https://img.zdic.net/zy/jiaguwen/41_F222.svg;https://img.zdic.net/zy/jiaguwen/41_F223.svg;https://img.zdic.net/zy/jiaguwen/41_F224.svg;https://img.zdic.net/zy/jiaguwen/41_F225.svg;https://img.zdic.net/zy/jiaguwen/41_F226.svg;https://img.zdic.net/zy/jiaguwen/41_F227.svg;https://img.zdic.net/zy/jiaguwen/41_F228.svg,glyphs/0226_泅_0.png;glyphs/0226_泅_1.png;glyphs/0226_泅_2.png;glyphs/0226_泅_3.png;glyphs/0226_泅_4.png;glyphs/0226_泅_5.png;glyphs/0226_泅_6.png;glyphs/0226_泅_7.png;glyphs/0226_泅_8.png;glyphs/0226_泅_9.png;glyphs/0226_泅_10.png;glyphs/0226_泅_11.png;glyphs/0226_泅_12.png;glyphs/0226_泅_13.png;glyphs/0226_泅_14.png;glyphs/0226_泅_15.png;glyphs/0226_泅_16.png;glyphs/0226_泅_17.png;glyphs/0226_泅_18.png;glyphs/0226_泅_19.png;glyphs/0226_泅_20.png;glyphs/0226_泅_21.png;glyphs/0226_泅_22.png;glyphs/0226_泅_23.png;glyphs/0226_泅_24.png;glyphs/0226_泅_25.png
227,注,深色,ok,—,hans（/注/jiaguwen）,https://www.zdic.net/hans/注/jiaguwen,2,注河768 合18544 賓組,注河768 合18544 賓組 | 注河784 合20604 𠂤組,https://img.zdic.net/zy/jiaguwen/42_E618.svg;https://img.zdic.net/zy/jiaguwen/42_E619.svg,glyphs/0227_注_0.png;glyphs/0227_注_1.png
228,泷,深色,ok,—,hans（/泷/jiaguwen）,https://www.zdic.net/hans/泷/jiaguwen,1,泷乙4524 合902 賓組,泷乙4524 合902 賓組,https://img.zdic.net/zy/jiaguwen/45_EF16.svg,glyphs/0228_泷_0.png
229,洒,淡蓝 #7396FF,L2,淡蓝同批·待核,hans（/洒/jiaguwen）,https://www.zdic.net/hans/洒/jiaguwen,5,洒前2.10.3 合36809 黃組,洒前2.10.3 合36809 黃組 | 洒前6.6.7 合8809 賓組 | 洒後1.11.8 | 洒存下983 合36613 | 洒燕109 合36789 黃組,https://img.zdic.net/zy/jiaguwen/43_E8E9.svg;https://img.zdic.net/zy/jiaguwen/43_E8EA.svg;https://img.zdic.net/zy/jiaguwen/43_E8EB.svg;https://img.zdic.net/zy/jiaguwen/43_E8EC.svg;https://img.zdic.net/zy/jiaguwen/43_E8ED.svg,glyphs/0229_洒_0.png;glyphs/0229_洒_1.png;glyphs/0229_洒_2.png;glyphs/0229_洒_3.png;glyphs/0229_洒_4.png
230,淡,淡蓝 #7396FF,L2,淡蓝同批·待核,hans（/淡/jiaguwen）,https://www.zdic.net/hans/淡/jiaguwen,1,淡後1.10.8 合36587 黃組,淡後1.10.8 合36587 黃組,https://img.zdic.net/zy/jiaguwen/43_E8E8.svg,glyphs/0230_淡_0.png
231,滉,蓝块占位,none,原表无字形,hans（/滉/jiaguwen）,https://www.zdic.net/hans/滉/jiaguwen,2,滉前2.5.7 合37514 黃組,滉前2.5.7 合37514 黃組 | 滉前2.6.1 合36589 黃組,https://img.zdic.net/zy/jiaguwen/43_E88D.svg;https://img.zdic.net/zy/jiaguwen/43_E88E.svg,glyphs/0231_滉_0.png;glyphs/0231_滉_1.png
232,滋,淡蓝 #7396FF,L2,淡蓝同批·待核,hans（/滋/jiaguwen）,https://www.zdic.net/hans/滋/jiaguwen,1,滋後2.40.16 合8294 賓組,滋後2.40.16 合8294 賓組,https://img.zdic.net/zy/jiaguwen/43_E861.svg,glyphs/0232_滋_0.png
233,潢,深色,ok,—,hans（/潢/jiaguwen）,https://www.zdic.net/hans/潢/jiaguwen,2,潢前2.5.7 合37514 黃組,潢前2.5.7 合37514 黃組 | 潢前2.6.1 合36589 黃組,https://img.zdic.net/zy/jiaguwen/43_E88D.svg;https://img.zdic.net/zy/jiaguwen/43_E88E.svg,glyphs/0233_潢_0.png;glyphs/0233_潢_1.png
234,澍,淡蓝 #7396FF,L2,淡蓝同批·待核,hans（/澍/jiaguwen）,https://www.zdic.net/hans/澍/jiaguwen,2,澍河768 合18544 賓組,澍河768 合18544 賓組 | 澍河784 合20604 𠂤組,https://img.zdic.net/zy/jiaguwen/42_E618.svg;https://img.zdic.net/zy/jiaguwen/42_E619.svg,glyphs/0234_澍_0.png;glyphs/0234_澍_1.png
235,瀼,深色,ok,—,hans（/瀼/jiaguwen）,https://www.zdic.net/hans/瀼/jiaguwen,6,瀼甲801 合27461,瀼甲801 合27461 | 瀼續1.47.3 合3468 賓組 | 瀼金501 合39716 | 瀼前2.27.6 合37783 | 瀼前2.27.7 合37483 黃組 | 瀼前2.27.6 合37783,https://img.zdic.net/zy/jiaguwen/45_ECAC.svg;https://img.zdic.net/zy/jiaguwen/45_ECAD.svg;https://img.zdic.net/zy/jiaguwen/45_ECAE.svg;https://img.zdic.net/zy/jiaguwen/45_ECAF.svg;https://img.zdic.net/zy/jiaguwen/45_ECB0.svg;https://img.zdic.net/zy/jiaguwen/45_ECB1.svg,glyphs/0235_瀼_0.png;glyphs/0235_瀼_1.png;glyphs/0235_瀼_2.png;glyphs/0235_瀼_3.png;glyphs/0235_瀼_4.png;glyphs/0235_瀼_5.png
236,灞,淡蓝 #7396FF,L1,实证错配·与金文表同图,hans（/灞/jiaguwen）,https://www.zdic.net/hans/灞/jiaguwen,2,灞懷1915 合37848反 黃組,灞懷1915 合37848反 黃組 | 灞屯0873,https://img.zdic.net/zy/jiaguwen/44_E26D.svg;https://img.zdic.net/zy/jiaguwen/44_E26E.svg,glyphs/0236_灞_0.png;glyphs/0236_灞_1.png
237,燮,深色,ok,—,hans（/燮/jiaguwen）,https://www.zdic.net/hans/燮/jiaguwen,2,燮前5.33.4 合26631 出組,燮前5.33.4 合26631 出組 | 燮明1552 合18178 賓組,https://img.zdic.net/zy/jiaguwen/41_EF0C.svg;https://img.zdic.net/zy/jiaguwen/41_EF0D.svg,glyphs/0237_燮_0.png;glyphs/0237_燮_1.png
238,珏,深色,ok,—,hans（/珏/jiaguwen）,https://www.zdic.net/hans/珏/jiaguwen,7,珏鐵127.2 合14588 賓組,珏鐵127.2 合14588 賓組 | 珏後2.20.15 合16093 | 珏後2.27.12 合16092 | 珏後2.43.8 合16090 | 珏鄴3下.42.6 合32486 歷組 | 珏京都775 合16088 賓組 | 珏京都2894 合33201 𠂤歷間,https://img.zdic.net/zy/jiaguwen/41_E233.svg;https://img.zdic.net/zy/jiaguwen/41_E234.svg;https://img.zdic.net/zy/jiaguwen/41_E235.svg;https://img.zdic.net/zy/jiaguwen/41_E236.svg;https://img.zdic.net/zy/jiaguwen/41_E237.svg;https://img.zdic.net/zy/jiaguwen/41_E238.svg;https://img.zdic.net/zy/jiaguwen/41_E239.svg,glyphs/0238_珏_0.png;glyphs/0238_珏_1.png;glyphs/0238_珏_2.png;glyphs/0238_珏_3.png;glyphs/0238_珏_4.png;glyphs/0238_珏_5.png;glyphs/0238_珏_6.png
239,琮,深色,ok,—,hans（/琮/jiaguwen）,https://www.zdic.net/hans/琮/jiaguwen,8,琮前7.31.1 合8093 賓組,琮前7.31.1 合8093 賓組 | 琮前6.57.4 合8102 | 琮後2.4.3 合5505 𠂤組 | 琮後2.28.18 合8094 | 琮甲844 合32805 歷組 | 琮粹367 合32807 歷組 | 琮掇1.324 | 琮庫1567,https://img.zdic.net/zy/jiaguwen/45_F1AF.svg;https://img.zdic.net/zy/jiaguwen/45_F1B0.svg;https://img.zdic.net/zy/jiaguwen/45_F1B1.svg;https://img.zdic.net/zy/jiaguwen/45_F1B2.svg;https://img.zdic.net/zy/jiaguwen/45_F1B3.svg;https://img.zdic.net/zy/jiaguwen/45_F1B4.svg;https://img.zdic.net/zy/jiaguwen/45_F1B5.svg;https://img.zdic.net/zy/jiaguwen/45_F3F9.svg,glyphs/0239_琮_0.png;glyphs/0239_琮_1.png;glyphs/0239_琮_2.png;glyphs/0239_琮_3.png;glyphs/0239_琮_4.png;glyphs/0239_琮_5.png;glyphs/0239_琮_6.png;glyphs/0239_琮_7.png
240,甾,深色,ok,—,hans（/甾/jiaguwen）,https://www.zdic.net/hans/甾/jiaguwen,7,甾前2.38.1 合36512 黃組,甾前2.38.1 合36512 黃組 | 甾前2.38.2 合36514 黃組 | 甾甲3690 合36535 無名黃間 | 甾粹1190 合36512 黃組 | 甾河120 合20951 𠂤組 | 甾河602 合36515 黃組 | 甾陳92 合36181 黃組,https://img.zdic.net/zy/jiaguwen/43_F079.svg;https://img.zdic.net/zy/jiaguwen/43_F07A.svg;https://img.zdic.net/zy/jiaguwen/43_F07B.svg;https://img.zdic.net/zy/jiaguwen/43_F07C.svg;https://img.zdic.net/zy/jiaguwen/43_F07D.svg;https://img.zdic.net/zy/jiaguwen/43_F07E.svg;https://img.zdic.net/zy/jiaguwen/43_F07F.svg,glyphs/0240_甾_0.png;glyphs/0240_甾_1.png;glyphs/0240_甾_2.png;glyphs/0240_甾_3.png;glyphs/0240_甾_4.png;glyphs/0240_甾_5.png;glyphs/0240_甾_6.png
241,界,淡蓝 #7396FF,L1,实证错配·与金文表同图,hans（/界/jiaguwen）,https://www.zdic.net/hans/界/jiaguwen,17,界鐵80.2 合2096,界鐵80.2 合2096 | 界鐵177.1 合2343 | 界拾2.15 合2926 | 界前1.45.6 合12642 賓組 | 界前1.46.3 合2341 賓組 | 界存1008 合2345 | 界甲111 合2344 賓組 | 界乙937 合13625 賓組 | 界乙3468 合10613 賓組 | 界後1.7.13 合17706 賓組 | 界佚575 合8784 | 界佚797 合17974 | 界佚951 合29185 無名組 | 界掇2.278 | 界河581 合19027 賓組 | 界粹257 合6002 賓組 | 界前1.43.4 合2619 賓組,https://img.zdic.net/zy/jiaguwen/41_E3A8.svg;https://img.zdic.net/zy/jiaguwen/41_E3A9.svg;https://img.zdic.net/zy/jiaguwen/41_E3AA.svg;https://img.zdic.net/zy/jiaguwen/41_E3AB.svg;https://img.zdic.net/zy/jiaguwen/41_E3AC.svg;https://img.zdic.net/zy/jiaguwen/41_E3AD.svg;https://img.zdic.net/zy/jiaguwen/41_E3AE.svg;https://img.zdic.net/zy/jiaguwen/41_E3AF.svg;https://img.zdic.net/zy/jiaguwen/41_E3B0.svg;https://img.zdic.net/zy/jiaguwen/41_E3B1.svg;https://img.zdic.net/zy/jiaguwen/41_E3B2.svg;https://img.zdic.net/zy/jiaguwen/41_E3B3.svg;https://img.zdic.net/zy/jiaguwen/41_E3B4.svg;https://img.zdic.net/zy/jiaguwen/41_E3B5.svg;https://img.zdic.net/zy/jiaguwen/41_E3B6.svg;https://img.zdic.net/zy/jiaguwen/41_E3B7.svg;https://img.zdic.net/zy/jiaguwen/41_E3B8.svg,glyphs/0241_界_0.png;glyphs/0241_界_1.png;glyphs/0241_界_2.png;glyphs/0241_界_3.png;glyphs/0241_界_4.png;glyphs/0241_界_5.png;glyphs/0241_界_6.png;glyphs/0241_界_7.png;glyphs/0241_界_8.png;glyphs/0241_界_9.png;glyphs/0241_界_10.png;glyphs/0241_界_11.png;glyphs/0241_界_12.png;glyphs/0241_界_13.png;glyphs/0241_界_14.png;glyphs/0241_界_15.png;glyphs/0241_界_16.png
242,畯,深色,ok,—,hans（/畯/jiaguwen）,https://www.zdic.net/hans/畯/jiaguwen,7,畯前4.28.5 合5606 賓組,畯前4.28.5 合5606 賓組 | 畯前4.28.6 合5609 賓組 | 畯後2.4.7 合3019 賓組 | 畯京津581 合5607 賓組 | 畯京津582 合5608 賓組 | 畯通別2.5.1 合23560 出組 | 畯庫1028,https://img.zdic.net/zy/jiaguwen/43_F336.svg;https://img.zdic.net/zy/jiaguwen/43_F337.svg;https://img.zdic.net/zy/jiaguwen/43_F338.svg;https://img.zdic.net/zy/jiaguwen/43_F339.svg;https://img.zdic.net/zy/jiaguwen/43_F33A.svg;https://img.zdic.net/zy/jiaguwen/43_F33B.svg;https://img.zdic.net/zy/jiaguwen/43_F33C.svg,glyphs/0242_畯_0.png;glyphs/0242_畯_1.png;glyphs/0242_畯_2.png;glyphs/0242_畯_3.png;glyphs/0242_畯_4.png;glyphs/0242_畯_5.png;glyphs/0242_畯_6.png
243,疔,淡蓝 #7396FF,L1,实证错配·与金文表同图,hans（/疔/jiaguwen）,https://www.zdic.net/hans/疔/jiaguwen,28,疔甲134,疔甲134 | 疔甲181 合22371 | 疔甲1509 合30010 何組 | 疔甲3078 合13892 | 疔甲3080 合13641 賓組 | 疔乙738 合709 賓組 | 疔乙2141 合13771 | 疔乙2203 合13645 賓組 | 疔乙6385 合11506 賓組 | 疔乙6430 | 疔乙6849 合18902 | 疔鐵5.3 合13753 賓組 | 疔拾10.5 合13684 | 疔拾10.6 合13705 𠂤賓間 | 疔前4.32.2 合14007 | 疔前5.20.3 合13636 | 疔前5.44.2 | 疔後2.11.8 合13711 賓組 | 疔林1.6.7 | 疔鄴初下.42.19 合13825 | 疔鄴2下.37.16 | 疔粹1268 合34074 歷組 | 疔福26 合13635 賓組 | 疔佚565 合12671 賓組 | 疔佚965 合31681 無名組 | 疔輔仁17 | 疔燕639背 合573 | 疔燕863 合17960,https://img.zdic.net/zy/jiaguwen/42_F36D.svg;https://img.zdic.net/zy/jiaguwen/42_F36E.svg;https://img.zdic.net/zy/jiaguwen/42_F36F.svg;https://img.zdic.net/zy/jiaguwen/42_F370.svg;https://img.zdic.net/zy/jiaguwen/42_F371.svg;https://img.zdic.net/zy/jiaguwen/42_F372.svg;https://img.zdic.net/zy/jiaguwen/42_F373.svg;https://img.zdic.net/zy/jiaguwen/42_F374.svg;https://img.zdic.net/zy/jiaguwen/42_F375.svg;https://img.zdic.net/zy/jiaguwen/42_F376.svg;https://img.zdic.net/zy/jiaguwen/42_F377.svg;https://img.zdic.net/zy/jiaguwen/42_F378.svg;https://img.zdic.net/zy/jiaguwen/42_F379.svg;https://img.zdic.net/zy/jiaguwen/42_F37A.svg;https://img.zdic.net/zy/jiaguwen/42_F37B.svg;https://img.zdic.net/zy/jiaguwen/42_F37C.svg;https://img.zdic.net/zy/jiaguwen/42_F37D.svg;https://img.zdic.net/zy/jiaguwen/42_F37E.svg;https://img.zdic.net/zy/jiaguwen/42_F37F.svg;https://img.zdic.net/zy/jiaguwen/42_F380.svg;https://img.zdic.net/zy/jiaguwen/42_F381.svg;https://img.zdic.net/zy/jiaguwen/42_F382.svg;https://img.zdic.net/zy/jiaguwen/42_F383.svg;https://img.zdic.net/zy/jiaguwen/42_F384.svg;https://img.zdic.net/zy/jiaguwen/42_F385.svg;https://img.zdic.net/zy/jiaguwen/42_F386.svg;https://img.zdic.net/zy/jiaguwen/42_F387.svg;https://img.zdic.net/zy/jiaguwen/42_F388.svg,glyphs/0243_疔_0.png;glyphs/0243_疔_1.png;glyphs/0243_疔_2.png;glyphs/0243_疔_3.png;glyphs/0243_疔_4.png;glyphs/0243_疔_5.png;glyphs/0243_疔_6.png;glyphs/0243_疔_7.png;glyphs/0243_疔_8.png;glyphs/0243_疔_9.png;glyphs/0243_疔_10.png;glyphs/0243_疔_11.png;glyphs/0243_疔_12.png;glyphs/0243_疔_13.png;glyphs/0243_疔_14.png;glyphs/0243_疔_15.png;glyphs/0243_疔_16.png;glyphs/0243_疔_17.png;glyphs/0243_疔_18.png;glyphs/0243_疔_19.png;glyphs/0243_疔_20.png;glyphs/0243_疔_21.png;glyphs/0243_疔_22.png;glyphs/0243_疔_23.png;glyphs/0243_疔_24.png;glyphs/0243_疔_25.png;glyphs/0243_疔_26.png;glyphs/0243_疔_27.png
244,疰,淡蓝 #7396FF,L2,淡蓝同批·待核,hans（/疰/jiaguwen）,https://www.zdic.net/hans/疰/jiaguwen,2,疰河768 合18544 賓組,疰河768 合18544 賓組 | 疰河784 合20604 𠂤組,https://img.zdic.net/zy/jiaguwen/42_E618.svg;https://img.zdic.net/zy/jiaguwen/42_E619.svg,glyphs/0244_疰_0.png;glyphs/0244_疰_1.png
245,痍,深色,ok,—,hans（/痍/jiaguwen）,https://www.zdic.net/hans/痍/jiaguwen,1,痍合17027 合17027 賓組,痍合17027 合17027 賓組,https://img.zdic.net/zy/jiaguwen/44_E2D0.svg,glyphs/0245_痍_0.png
246,痰,淡蓝 #7396FF,L2,淡蓝同批·待核,hans（/痰/jiaguwen）,https://www.zdic.net/hans/痰/jiaguwen,1,痰後1.10.8 合36587 黃組,痰後1.10.8 合36587 黃組,https://img.zdic.net/zy/jiaguwen/43_E8E8.svg,glyphs/0246_痰_0.png
247,瞢,淡蓝 #7396FF,L1,实证错配·与金文表同图,hans（/瞢/jiaguwen）,https://www.zdic.net/hans/瞢/jiaguwen,31,瞢甲690 合32212 歷組,瞢甲690 合32212 歷組 | 瞢乙1428 合22187 午組 | 瞢前6.32.2 合17399 賓組 | 瞢前8.5.3 合21384 子組 | 瞢前8.13.2 合21623 子組 | 瞢後1.6.4 合22145 子組 | 瞢後2.3.18 合17451 | 瞢林2.29.9 合21534 | 瞢簠文60 合12713 賓組 | 瞢簠雜65 合17450 賓組 | 瞢簠雜65 合17450 賓組 | 瞢粹778 合31283 | 瞢燕676 合17471 | 瞢佚916 合12713 賓組 | 瞢庫1213 | 瞢鐵121.3 合17378 | 瞢鐵113.4 合17380 | 瞢鐵117.1 合17264 | 瞢中大145 | 瞢餘1.1 合13475 賓組 | 瞢拾10.7 合17392 | 瞢前4.18.3 合17448 | 瞢前5.14.4 合17387 賓組 | 瞢前7.33.1 合17375 賓組 | 瞢戩34.7 合17264 | 瞢戩34.7 合17264 | 瞢戩39.6 合17440 賓組 | 瞢佚174 合17379 | 瞢佚611 合17473 | 瞢甲25 合16170 | 瞢菁5.2,https://img.zdic.net/zy/jiaguwen/42_F346.svg;https://img.zdic.net/zy/jiaguwen/42_F347.svg;https://img.zdic.net/zy/jiaguwen/42_F348.svg;https://img.zdic.net/zy/jiaguwen/42_F349.svg;https://img.zdic.net/zy/jiaguwen/42_F34A.svg;https://img.zdic.net/zy/jiaguwen/42_F34B.svg;https://img.zdic.net/zy/jiaguwen/42_F34C.svg;https://img.zdic.net/zy/jiaguwen/42_F34D.svg;https://img.zdic.net/zy/jiaguwen/42_F34E.svg;https://img.zdic.net/zy/jiaguwen/42_F34F.svg;https://img.zdic.net/zy/jiaguwen/42_F350.svg;https://img.zdic.net/zy/jiaguwen/42_F351.svg;https://img.zdic.net/zy/jiaguwen/42_F352.svg;https://img.zdic.net/zy/jiaguwen/42_F353.svg;https://img.zdic.net/zy/jiaguwen/42_F354.svg;https://img.zdic.net/zy/jiaguwen/42_F355.svg;https://img.zdic.net/zy/jiaguwen/42_F356.svg;https://img.zdic.net/zy/jiaguwen/42_F357.svg;https://img.zdic.net/zy/jiaguwen/42_F358.svg;https://img.zdic.net/zy/jiaguwen/42_F359.svg;https://img.zdic.net/zy/jiaguwen/42_F35A.svg;https://img.zdic.net/zy/jiaguwen/42_F35B.svg;https://img.zdic.net/zy/jiaguwen/42_F35C.svg;https://img.zdic.net/zy/jiaguwen/42_F35D.svg;https://img.zdic.net/zy/jiaguwen/42_F35E.svg;https://img.zdic.net/zy/jiaguwen/42_F35F.svg;https://img.zdic.net/zy/jiaguwen/42_F360.svg;https://img.zdic.net/zy/jiaguwen/42_F361.svg;https://img.zdic.net/zy/jiaguwen/42_F362.svg;https://img.zdic.net/zy/jiaguwen/42_F363.svg;https://img.zdic.net/zy/jiaguwen/42_F364.svg,glyphs/0247_瞢_0.png;glyphs/0247_瞢_1.png;glyphs/0247_瞢_2.png;glyphs/0247_瞢_3.png;glyphs/0247_瞢_4.png;glyphs/0247_瞢_5.png;glyphs/0247_瞢_6.png;glyphs/0247_瞢_7.png;glyphs/0247_瞢_8.png;glyphs/0247_瞢_9.png;glyphs/0247_瞢_10.png;glyphs/0247_瞢_11.png;glyphs/0247_瞢_12.png;glyphs/0247_瞢_13.png;glyphs/0247_瞢_14.png;glyphs/0247_瞢_15.png;glyphs/0247_瞢_16.png;glyphs/0247_瞢_17.png;glyphs/0247_瞢_18.png;glyphs/0247_瞢_19.png;glyphs/0247_瞢_20.png;glyphs/0247_瞢_21.png;glyphs/0247_瞢_22.png;glyphs/0247_瞢_23.png;glyphs/0247_瞢_24.png;glyphs/0247_瞢_25.png;glyphs/0247_瞢_26.png;glyphs/0247_瞢_27.png;glyphs/0247_瞢_28.png;glyphs/0247_瞢_29.png;glyphs/0247_瞢_30.png
248,磬,深色,ok,—,hans（/磬/jiaguwen）,https://www.zdic.net/hans/磬/jiaguwen,18,磬甲1319 合28073,磬甲1319 合28073 | 磬餘12.1 合8035 | 磬前2.43.6 合8038 賓組 | 磬前2.43.7 合37603 | 磬前2.44.1 合37727 黃組 | 磬前4.10.5 合317 賓組 | 磬前7.42.1 合8613 賓組 | 磬前2.43.5 合37728 黃組 | 磬戩10.1 合8035 | 磬佚719 合18760 | 磬河758 合8037 賓組 | 磬存746 合10500 賓組 | 磬掇1.453 合8032 賓組 | 磬通別2.12.4 合13507 賓組 | 磬京津1578 合18759 | 磬前5.21.5 合38232 黃組 | 磬佚858 合18761 賓組 | 磬無想138,https://img.zdic.net/zy/jiaguwen/43_E202.svg;https://img.zdic.net/zy/jiaguwen/43_E203.svg;https://img.zdic.net/zy/jiaguwen/43_E204.svg;https://img.zdic.net/zy/jiaguwen/43_E205.svg;https://img.zdic.net/zy/jiaguwen/43_E206.svg;https://img.zdic.net/zy/jiaguwen/43_E207.svg;https://img.zdic.net/zy/jiaguwen/43_E208.svg;https://img.zdic.net/zy/jiaguwen/43_E209.svg;https://img.zdic.net/zy/jiaguwen/43_E20A.svg;https://img.zdic.net/zy/jiaguwen/43_E20B.svg;https://img.zdic.net/zy/jiaguwen/43_E20C.svg;https://img.zdic.net/zy/jiaguwen/43_E20D.svg;https://img.zdic.net/zy/jiaguwen/43_E20E.svg;https://img.zdic.net/zy/jiaguwen/43_E20F.svg;https://img.zdic.net/zy/jiaguwen/43_E210.svg;https://img.zdic.net/zy/jiaguwen/43_E1EF.svg;https://img.zdic.net/zy/jiaguwen/43_E1F0.svg;https://img.zdic.net/zy/jiaguwen/43_E1F1.svg,glyphs/0248_磬_0.png;glyphs/0248_磬_1.png;glyphs/0248_磬_2.png;glyphs/0248_磬_3.png;glyphs/0248_磬_4.png;glyphs/0248_磬_5.png;glyphs/0248_磬_6.png;glyphs/0248_磬_7.png;glyphs/0248_磬_8.png;glyphs/0248_磬_9.png;glyphs/0248_磬_10.png;glyphs/0248_磬_11.png;glyphs/0248_磬_12.png;glyphs/0248_磬_13.png;glyphs/0248_磬_14.png;glyphs/0248_磬_15.png;glyphs/0248_磬_16.png;glyphs/0248_磬_17.png
249,礼,淡蓝 #7396FF,L1,实证错配·与金文表同图,hans（/礼/jiaguwen）,https://www.zdic.net/hans/礼/jiaguwen,17,礼甲1933 合31047 無名組,礼甲1933 合31047 無名組 | 礼甲2744 合34612 歷組 | 礼甲3629 合27460 何組 | 礼鐵238.4 合16085 | 礼後2.8.2 合15818 賓組 | 礼前5.5.4 合14625 賓組 | 礼粹232 合32536 歷組 | 礼粹236 合32557 歷組 | 礼粹540 合26914 | 礼粹1323 合18708 | 礼明藏445 | 礼明藏549 | 礼明藏699 | 礼京津4228 合34610 歷組 | 礼京津4968 | 礼佚241 合30725 無名組 | 礼佚241 合30725 無名組,https://img.zdic.net/zy/jiaguwen/42_E569.svg;https://img.zdic.net/zy/jiaguwen/42_E56A.svg;https://img.zdic.net/zy/jiaguwen/42_E56B.svg;https://img.zdic.net/zy/jiaguwen/42_E56C.svg;https://img.zdic.net/zy/jiaguwen/42_E56D.svg;https://img.zdic.net/zy/jiaguwen/42_E56E.svg;https://img.zdic.net/zy/jiaguwen/42_E56F.svg;https://img.zdic.net/zy/jiaguwen/42_E570.svg;https://img.zdic.net/zy/jiaguwen/42_E571.svg;https://img.zdic.net/zy/jiaguwen/42_E572.svg;https://img.zdic.net/zy/jiaguwen/42_E573.svg;https://img.zdic.net/zy/jiaguwen/42_E574.svg;https://img.zdic.net/zy/jiaguwen/42_E575.svg;https://img.zdic.net/zy/jiaguwen/42_E576.svg;https://img.zdic.net/zy/jiaguwen/42_E577.svg;https://img.zdic.net/zy/jiaguwen/42_E578.svg;https://img.zdic.net/zy/jiaguwen/42_E579.svg,glyphs/0249_礼_0.png;glyphs/0249_礼_1.png;glyphs/0249_礼_2.png;glyphs/0249_礼_3.png;glyphs/0249_礼_4.png;glyphs/0249_礼_5.png;glyphs/0249_礼_6.png;glyphs/0249_礼_7.png;glyphs/0249_礼_8.png;glyphs/0249_礼_9.png;glyphs/0249_礼_10.png;glyphs/0249_礼_11.png;glyphs/0249_礼_12.png;glyphs/0249_礼_13.png;glyphs/0249_礼_14.png;glyphs/0249_礼_15.png;glyphs/0249_礼_16.png
250,祟,淡蓝 #7396FF,L2,淡蓝同批·待核,hans（/祟/jiaguwen）,https://www.zdic.net/hans/祟/jiaguwen,7,祟河472 合24252 出組,祟河472 合24252 出組 | 祟珠374 合36249 | 祟京都1269 合23540 | 祟坊間4.91 | 祟林1.18.13 合15662 賓組 | 祟珠383 合25372 | 祟前1.36.3 合23378,https://img.zdic.net/zy/jiaguwen/41_E18A.svg;https://img.zdic.net/zy/jiaguwen/41_E18B.svg;https://img.zdic.net/zy/jiaguwen/41_E18C.svg;https://img.zdic.net/zy/jiaguwen/41_E18D.svg;https://img.zdic.net/zy/jiaguwen/41_E18E.svg;https://img.zdic.net/zy/jiaguwen/41_E18F.svg;https://img.zdic.net/zy/jiaguwen/41_E190.svg,glyphs/0250_祟_0.png;glyphs/0250_祟_1.png;glyphs/0250_祟_2.png;glyphs/0250_祟_3.png;glyphs/0250_祟_4.png;glyphs/0250_祟_5.png;glyphs/0250_祟_6.png
251,禘,深色,ok,—,hans（/禘/jiaguwen）,https://www.zdic.net/hans/禘/jiaguwen,1,禘前4.17.5 合14360 賓組,禘前4.17.5 合14360 賓組,https://img.zdic.net/zy/jiaguwen/41_E146.svg,glyphs/0251_禘_0.png
252,稼,深色,ok,—,hans（/稼/jiaguwen）,https://www.zdic.net/hans/稼/jiaguwen,5,稼餘16.1 合9618,稼餘16.1 合9618 | 稼前4.41.3 合9616 賓組 | 稼師友1.130 | 稼戩44.9 合9616 賓組 | 稼後2.7.2 合9619,https://img.zdic.net/zy/jiaguwen/42_E95F.svg;https://img.zdic.net/zy/jiaguwen/42_E961.svg;https://img.zdic.net/zy/jiaguwen/42_E963.svg;https://img.zdic.net/zy/jiaguwen/42_E966.svg;https://img.zdic.net/zy/jiaguwen/42_E967.svg,glyphs/0252_稼_0.png;glyphs/0252_稼_1.png;glyphs/0252_稼_2.png;glyphs/0252_稼_3.png;glyphs/0252_稼_4.png
253,稿,淡蓝 #7396FF,L1,实证错配·与金文表同图,hans（/稿/jiaguwen）,https://www.zdic.net/hans/稿/jiaguwen,1,稿拾5.13 合28132 無名組,稿拾5.13 合28132 無名組,https://img.zdic.net/zy/jiaguwen/42_EA85.svg,glyphs/0253_稿_0.png
254,索,深色,ok,—,hans（/索/jiaguwen）,https://www.zdic.net/hans/索/jiaguwen,4,索合387反 合387反 賓組,索合387反 合387反 賓組 | 索合15516 合15516 賓組 | 索花125 | 索花159,https://img.zdic.net/zy/jiaguwen/44_E2C9.svg;https://img.zdic.net/zy/jiaguwen/44_E2CA.svg;https://img.zdic.net/zy/jiaguwen/44_E2CB.svg;https://img.zdic.net/zy/jiaguwen/44_E2CC.svg,glyphs/0254_索_0.png;glyphs/0254_索_1.png;glyphs/0254_索_2.png;glyphs/0254_索_3.png
255,置,深色,ok,—,hans（/置/jiaguwen）,https://www.zdic.net/hans/置/jiaguwen,5,置鐵186.2 合15144,置鐵186.2 合15144 | 置餘10.1 合2392 賓組 | 置前5.25.1 合14157 賓組 | 置京津2729 合18246 賓組 | 置燕240 合10527,https://img.zdic.net/zy/jiaguwen/41_E790.svg;https://img.zdic.net/zy/jiaguwen/41_E791.svg;https://img.zdic.net/zy/jiaguwen/41_E792.svg;https://img.zdic.net/zy/jiaguwen/41_E793.svg;https://img.zdic.net/zy/jiaguwen/41_E794.svg,glyphs/0255_置_0.png;glyphs/0255_置_1.png;glyphs/0255_置_2.png;glyphs/0255_置_3.png;glyphs/0255_置_4.png
256,羌,深色,ok,—,hans（/羌/jiaguwen）,https://www.zdic.net/hans/羌/jiaguwen,58,羌甲119 合1815,羌甲119 合1815 | 羌甲2123 合557 賓組 | 羌甲2415 合522 賓組 | 羌乙6672 合11498 賓組 | 羌乙6996 | 羌鐵121.3 合17378 | 羌前4.50.7 合370 | 羌前6.2.2 合386 | 羌前6.1.5 合526 賓組 | 羌前6.30.3 合13572 賓組 | 羌後1.30.14 合178 | 羌後2.12.13 合281 | 羌明藏130 | 羌明藏172 | 羌存603 | 羌存606 合338 | 羌後1.3.16 | 羌佚386 合367 賓組 | 羌甲392 合33314 歷組 | 羌甲443 | 羌甲2326 合20403 | 羌甲2504 合32156 | 羌後1.21.13 合32083 | 羌後1.27.10 合32125 歷組 | 羌後2.13.5 合27979 無名組 | 羌戩1.1 合32120 歷組 | 羌戩23.6 合32102 | 羌佚162 合32081 | 羌佚162 合32081 | 羌佚165 合32130 | 羌佚229 合32138 | 羌粹80 合32142 | 羌明藏477 | 羌京津4125 合32110 | 羌燕111 合35698 | 羌掇2.131 合32090 歷組 | 羌掇2.183 合32092 歷組 | 羌戩25.3 合32135 | 羌京都2324 合32074 | 羌甲2458 合26941 | 羌佚225 合26936 無名組 | 羌佚499 合26942 | 羌存1884 合26926 | 羌餘7.1 合27984 | 羌前1.41.7 合36520 黃組 | 羌前1.42.1 合35657 黃組 | 羌前1.42.2 合35748 黃組 | 羌前2.26.1 合37434 黃組 | 羌前2.35.4 合37434 黃組 | 羌前4.37.1 合6626 | 羌後2.6.7 合26909 無名組 | 羌簠帝148 合35694 | 羌簠帝150 合37838 | 羌粹1195 合27987 無名組 | 羌佚673 合6620 賓組 | 羌前8.8.2 合26950 | 羌林2.14.8 合8603 | 羌燕646 合6634 賓組,https://img.zdic.net/zy/jiaguwen/42_E009.svg;https://img.zdic.net/zy/jiaguwen/42_E00A.svg;https://img.zdic.net/zy/jiaguwen/42_E00B.svg;https://img.zdic.net/zy/jiaguwen/42_E00C.svg;https://img.zdic.net/zy/jiaguwen/42_E00D.svg;https://img.zdic.net/zy/jiaguwen/42_E00E.svg;https://img.zdic.net/zy/jiaguwen/42_E00F.svg;https://img.zdic.net/zy/jiaguwen/42_E010.svg;https://img.zdic.net/zy/jiaguwen/42_E011.svg;https://img.zdic.net/zy/jiaguwen/42_E012.svg;https://img.zdic.net/zy/jiaguwen/42_E013.svg;https://img.zdic.net/zy/jiaguwen/42_E014.svg;https://img.zdic.net/zy/jiaguwen/42_E015.svg;https://img.zdic.net/zy/jiaguwen/42_E016.svg;https://img.zdic.net/zy/jiaguwen/42_E017.svg;https://img.zdic.net/zy/jiaguwen/42_E018.svg;https://img.zdic.net/zy/jiaguwen/42_E019.svg;https://img.zdic.net/zy/jiaguwen/42_E01A.svg;https://img.zdic.net/zy/jiaguwen/42_E01C.svg;https://img.zdic.net/zy/jiaguwen/42_E01D.svg;https://img.zdic.net/zy/jiaguwen/42_E01E.svg;https://img.zdic.net/zy/jiaguwen/42_E01F.svg;https://img.zdic.net/zy/jiaguwen/42_E020.svg;https://img.zdic.net/zy/jiaguwen/42_E021.svg;https://img.zdic.net/zy/jiaguwen/42_E022.svg;https://img.zdic.net/zy/jiaguwen/42_E023.svg;https://img.zdic.net/zy/jiaguwen/42_E024.svg;https://img.zdic.net/zy/jiaguwen/42_E025.svg;https://img.zdic.net/zy/jiaguwen/42_E026.svg;https://img.zdic.net/zy/jiaguwen/42_E027.svg;https://img.zdic.net/zy/jiaguwen/42_E028.svg;https://img.zdic.net/zy/jiaguwen/42_E029.svg;https://img.zdic.net/zy/jiaguwen/42_E02A.svg;https://img.zdic.net/zy/jiaguwen/42_E02B.svg;https://img.zdic.net/zy/jiaguwen/42_E02C.svg;https://img.zdic.net/zy/jiaguwen/42_E02D.svg;https://img.zdic.net/zy/jiaguwen/42_E02E.svg;https://img.zdic.net/zy/jiaguwen/42_E02F.svg;https://img.zdic.net/zy/jiaguwen/42_E030.svg;https://img.zdic.net/zy/jiaguwen/42_E031.svg;https://img.zdic.net/zy/jiaguwen/42_E032.svg;https://img.zdic.net/zy/jiaguwen/42_E033.svg;https://img.zdic.net/zy/jiaguwen/42_E034.svg;https://img.zdic.net/zy/jiaguwen/42_E035.svg;https://img.zdic.net/zy/jiaguwen/42_E036.svg;https://img.zdic.net/zy/jiaguwen/42_E037.svg;https://img.zdic.net/zy/jiaguwen/42_E038.svg;https://img.zdic.net/zy/jiaguwen/42_E039.svg;https://img.zdic.net/zy/jiaguwen/42_E03A.svg;https://img.zdic.net/zy/jiaguwen/42_E03B.svg;https://img.zdic.net/zy/jiaguwen/42_E03C.svg;https://img.zdic.net/zy/jiaguwen/42_E03D.svg;https://img.zdic.net/zy/jiaguwen/42_E03E.svg;https://img.zdic.net/zy/jiaguwen/42_E03F.svg;https://img.zdic.net/zy/jiaguwen/42_E040.svg;https://img.zdic.net/zy/jiaguwen/42_E041.svg;https://img.zdic.net/zy/jiaguwen/42_E042.svg;https://img.zdic.net/zy/jiaguwen/42_E043.svg,glyphs/0256_羌_0.png;glyphs/0256_羌_1.png;glyphs/0256_羌_2.png;glyphs/0256_羌_3.png;glyphs/0256_羌_4.png;glyphs/0256_羌_5.png;glyphs/0256_羌_6.png;glyphs/0256_羌_7.png;glyphs/0256_羌_8.png;glyphs/0256_羌_9.png;glyphs/0256_羌_10.png;glyphs/0256_羌_11.png;glyphs/0256_羌_12.png;glyphs/0256_羌_13.png;glyphs/0256_羌_14.png;glyphs/0256_羌_15.png;glyphs/0256_羌_16.png;glyphs/0256_羌_17.png;glyphs/0256_羌_18.png;glyphs/0256_羌_19.png;glyphs/0256_羌_20.png;glyphs/0256_羌_21.png;glyphs/0256_羌_22.png;glyphs/0256_羌_23.png;glyphs/0256_羌_24.png;glyphs/0256_羌_25.png;glyphs/0256_羌_26.png;glyphs/0256_羌_27.png;glyphs/0256_羌_28.png;glyphs/0256_羌_29.png;glyphs/0256_羌_30.png;glyphs/0256_羌_31.png;glyphs/0256_羌_32.png;glyphs/0256_羌_33.png;glyphs/0256_羌_34.png;glyphs/0256_羌_35.png;glyphs/0256_羌_36.png;glyphs/0256_羌_37.png;glyphs/0256_羌_38.png;glyphs/0256_羌_39.png;glyphs/0256_羌_40.png;glyphs/0256_羌_41.png;glyphs/0256_羌_42.png;glyphs/0256_羌_43.png;glyphs/0256_羌_44.png;glyphs/0256_羌_45.png;glyphs/0256_羌_46.png;glyphs/0256_羌_47.png;glyphs/0256_羌_48.png;glyphs/0256_羌_49.png;glyphs/0256_羌_50.png;glyphs/0256_羌_51.png;glyphs/0256_羌_52.png;glyphs/0256_羌_53.png;glyphs/0256_羌_54.png;glyphs/0256_羌_55.png;glyphs/0256_羌_56.png;glyphs/0256_羌_57.png
257,翌,深色,ok,—,hans（/翌/jiaguwen）,https://www.zdic.net/hans/翌/jiaguwen,69,翌京津4346 合31035 無名組,翌京津4346 合31035 無名組 | 翌京津4365 | 翌京津4423 合29021 | 翌京津4534 合30112 | 翌京津4581 合29378 無名組 | 翌京津4582 合28759 | 翌京津4605 合27776 何組 | 翌京津4967 | 翌京津4969 | 翌京津5291 合37778 黃組 | 翌京津5310 合38212 黃組 | 翌京津5311 合38172 無名黃間 | 翌甲559 合30882 | 翌甲578 合30842 | 翌甲580 合29065 | 翌甲632 合28581 | 翌甲660 合29752 | 翌甲672 合28806 何組 | 翌甲783 合33573 無名組 | 翌甲822 合29757 | 翌甲1233 合28332 何組 | 翌甲1258 | 翌甲1267 合27879 出組 | 翌甲1406 合31237 | 翌甲1498 合29963 | 翌甲1565 合29263 何組 | 翌甲1650 合29324 何組 | 翌甲1885 合28262 | 翌甲1942 合28459 何組 | 翌甲2554 合24417 出組 | 翌甲3586 合29217 | 翌甲3593 合29245 | 翌甲3620 合22383 | 翌甲3652 合27041 | 翌甲3749 合27477 | 翌前1.20.7 合36123 黃組 | 翌前2.2.6 合36416 黃組 | 翌前2.20.5 合28950 無名組 | 翌前2.23.1 合37468 黃組 | 翌前3.17.5 合38116 | 翌前4.4.5 合36125 | 翌前4.27.3 合36421 | 翌前8.9.4 合29243 | 翌後1.12.3 合28923 | 翌後1.14.8 合29234 無名組 | 翌後1.14.9 合28508 無名組 | 翌後1.20.1 合38178 黃組 | 翌林1.13.18 合36315 | 翌後2.2.6 | 翌後2.23.13 合29228 何組 | 翌後2.42.12 合30043 無名組 | 翌菁10.18 合36988 無名黃間 | 翌戩9.17 合28958 | 翌戩10.2 合28968 無名組 | 翌戩13.8 合27726 | 翌戩13.10 | 翌戩36.6 合30205 | 翌戩36.6 合30205 | 翌粹121 合36981 何組 | 翌佚247 合28628 無名組 | 翌佚262 | 翌佚277 合29395 何組 | 翌佚293 合29767 何組 | 翌佚315 合30850 | 翌佚420 合28775 | 翌佚765 | 翌佚901 合28973 | 翌福8 合37386 黃組 | 翌束藏146,https://img.zdic.net/zy/jiaguwen/41_F623.svg;https://img.zdic.net/zy/jiaguwen/41_F624.svg;https://img.zdic.net/zy/jiaguwen/41_F625.svg;https://img.zdic.net/zy/jiaguwen/41_F626.svg;https://img.zdic.net/zy/jiaguwen/41_F627.svg;https://img.zdic.net/zy/jiaguwen/41_F628.svg;https://img.zdic.net/zy/jiaguwen/41_F629.svg;https://img.zdic.net/zy/jiaguwen/41_F62A.svg;https://img.zdic.net/zy/jiaguwen/41_F62B.svg;https://img.zdic.net/zy/jiaguwen/41_F62C.svg;https://img.zdic.net/zy/jiaguwen/41_F62D.svg;https://img.zdic.net/zy/jiaguwen/41_F62E.svg;https://img.zdic.net/zy/jiaguwen/41_F62F.svg;https://img.zdic.net/zy/jiaguwen/41_F630.svg;https://img.zdic.net/zy/jiaguwen/41_F631.svg;https://img.zdic.net/zy/jiaguwen/41_F632.svg;https://img.zdic.net/zy/jiaguwen/41_F633.svg;https://img.zdic.net/zy/jiaguwen/41_F634.svg;https://img.zdic.net/zy/jiaguwen/41_F635.svg;https://img.zdic.net/zy/jiaguwen/41_F636.svg;https://img.zdic.net/zy/jiaguwen/41_F637.svg;https://img.zdic.net/zy/jiaguwen/41_F638.svg;https://img.zdic.net/zy/jiaguwen/41_F639.svg;https://img.zdic.net/zy/jiaguwen/41_F63A.svg;https://img.zdic.net/zy/jiaguwen/41_F63B.svg;https://img.zdic.net/zy/jiaguwen/41_F63C.svg;https://img.zdic.net/zy/jiaguwen/41_F63D.svg;https://img.zdic.net/zy/jiaguwen/41_F63E.svg;https://img.zdic.net/zy/jiaguwen/41_F63F.svg;https://img.zdic.net/zy/jiaguwen/41_F640.svg;https://img.zdic.net/zy/jiaguwen/41_F641.svg;https://img.zdic.net/zy/jiaguwen/41_F642.svg;https://img.zdic.net/zy/jiaguwen/41_F643.svg;https://img.zdic.net/zy/jiaguwen/41_F644.svg;https://img.zdic.net/zy/jiaguwen/41_F645.svg;https://img.zdic.net/zy/jiaguwen/41_F646.svg;https://img.zdic.net/zy/jiaguwen/41_F647.svg;https://img.zdic.net/zy/jiaguwen/41_F648.svg;https://img.zdic.net/zy/jiaguwen/41_F649.svg;https://img.zdic.net/zy/jiaguwen/41_F64A.svg;https://img.zdic.net/zy/jiaguwen/41_F64B.svg;https://img.zdic.net/zy/jiaguwen/41_F64C.svg;https://img.zdic.net/zy/jiaguwen/41_F64D.svg;https://img.zdic.net/zy/jiaguwen/41_F64E.svg;https://img.zdic.net/zy/jiaguwen/41_F64F.svg;https://img.zdic.net/zy/jiaguwen/41_F650.svg;https://img.zdic.net/zy/jiaguwen/41_F651.svg;https://img.zdic.net/zy/jiaguwen/41_F652.svg;https://img.zdic.net/zy/jiaguwen/41_F653.svg;https://img.zdic.net/zy/jiaguwen/41_F654.svg;https://img.zdic.net/zy/jiaguwen/41_F655.svg;https://img.zdic.net/zy/jiaguwen/41_F656.svg;https://img.zdic.net/zy/jiaguwen/41_F657.svg;https://img.zdic.net/zy/jiaguwen/41_F658.svg;https://img.zdic.net/zy/jiaguwen/41_F659.svg;https://img.zdic.net/zy/jiaguwen/41_F65A.svg;https://img.zdic.net/zy/jiaguwen/41_F65B.svg;https://img.zdic.net/zy/jiaguwen/41_F65C.svg;https://img.zdic.net/zy/jiaguwen/41_F65D.svg;https://img.zdic.net/zy/jiaguwen/41_F65E.svg;https://img.zdic.net/zy/jiaguwen/41_F65F.svg;https://img.zdic.net/zy/jiaguwen/41_F660.svg;https://img.zdic.net/zy/jiaguwen/41_F661.svg;https://img.zdic.net/zy/jiaguwen/41_F662.svg;https://img.zdic.net/zy/jiaguwen/41_F663.svg;https://img.zdic.net/zy/jiaguwen/41_F664.svg;https://img.zdic.net/zy/jiaguwen/41_F665.svg;https://img.zdic.net/zy/jiaguwen/41_F666.svg;https://img.zdic.net/zy/jiaguwen/41_F667.svg,glyphs/0257_翌_0.png;glyphs/0257_翌_1.png;glyphs/0257_翌_2.png;glyphs/0257_翌_3.png;glyphs/0257_翌_4.png;glyphs/0257_翌_5.png;glyphs/0257_翌_6.png;glyphs/0257_翌_7.png;glyphs/0257_翌_8.png;glyphs/0257_翌_9.png;glyphs/0257_翌_10.png;glyphs/0257_翌_11.png;glyphs/0257_翌_12.png;glyphs/0257_翌_13.png;glyphs/0257_翌_14.png;glyphs/0257_翌_15.png;glyphs/0257_翌_16.png;glyphs/0257_翌_17.png;glyphs/0257_翌_18.png;glyphs/0257_翌_19.png;glyphs/0257_翌_20.png;glyphs/0257_翌_21.png;glyphs/0257_翌_22.png;glyphs/0257_翌_23.png;glyphs/0257_翌_24.png;glyphs/0257_翌_25.png;glyphs/0257_翌_26.png;glyphs/0257_翌_27.png;glyphs/0257_翌_28.png;glyphs/0257_翌_29.png;glyphs/0257_翌_30.png;glyphs/0257_翌_31.png;glyphs/0257_翌_32.png;glyphs/0257_翌_33.png;glyphs/0257_翌_34.png;glyphs/0257_翌_35.png;glyphs/0257_翌_36.png;glyphs/0257_翌_37.png;glyphs/0257_翌_38.png;glyphs/0257_翌_39.png;glyphs/0257_翌_40.png;glyphs/0257_翌_41.png;glyphs/0257_翌_42.png;glyphs/0257_翌_43.png;glyphs/0257_翌_44.png;glyphs/0257_翌_45.png;glyphs/0257_翌_46.png;glyphs/0257_翌_47.png;glyphs/0257_翌_48.png;glyphs/0257_翌_49.png;glyphs/0257_翌_50.png;glyphs/0257_翌_51.png;glyphs/0257_翌_52.png;glyphs/0257_翌_53.png;glyphs/0257_翌_54.png;glyphs/0257_翌_55.png;glyphs/0257_翌_56.png;glyphs/0257_翌_57.png;glyphs/0257_翌_58.png;glyphs/0257_翌_59.png;glyphs/0257_翌_60.png;glyphs/0257_翌_61.png;glyphs/0257_翌_62.png;glyphs/0257_翌_63.png;glyphs/0257_翌_64.png;glyphs/0257_翌_65.png;glyphs/0257_翌_66.png;glyphs/0257_翌_67.png;glyphs/0257_翌_68.png
258,聆,淡蓝 #7396FF,L1,实证错配·与金文表同图,hans（/聆/jiaguwen）,https://www.zdic.net/hans/聆/jiaguwen,51,聆甲597 合32870 歷組,聆甲597 合32870 歷組 | 聆甲2121 合9560 賓組 | 聆甲2396 合8092 賓組 | 聆乙796 合21629 子組 | 聆乙944 合21629 子組 | 聆乙1157 合14153 賓組 | 聆乙2948 合6480 賓組 | 聆乙3121 合14638 | 聆鐵12.4 合1950 | 聆鐵62.1 合20630 𠂤組 | 聆鐵78.1 合5780 | 聆鐵100.4 合3289 | 聆鐵250.1 合6226 賓組 | 聆前5.4.3 合4829 | 聆前5.32.1 合19507 賓組 | 聆後1.17.1 合6173 | 聆佚22 合7492 | 聆簠帝56 合175 賓組 | 聆續5.2.2 合6812 賓組 | 聆續5.22.4 合19106 賓組 | 聆福22 合19089 賓組 | 聆甲183 合33072 | 聆甲2487 合28363 | 聆後1.31.9 合6524 賓組 | 聆後2.8.6 合3336 賓組 | 聆後2.10.14 合4853 賓組 | 聆後2.26.1 合5747 | 聆後2.34.5 合4090 賓組 | 聆後2.36.6 合32906 歷組 | 聆後2.36.6 合32906 歷組 | 聆後2.36.3 合32833 歷組 | 聆林2.28.1 | 聆佚383 合19957 賓組 | 聆佚234 合21099 𠂤組 | 聆佚234 合21099 𠂤組 | 聆佚234 合21099 𠂤組 | 聆粹196 合32229 歷組 | 聆粹506 合32896 歷組 | 聆鄴3下.39.3 合32834 歷組 | 聆寧滬1.500 合27740 無名組 | 聆寧滬1.502 合32869 | 聆寧滬1.506 合34136 | 聆存1803 合33066 歷組 | 聆甲57 合3370 | 聆前2.3.6 合36832 | 聆前2.36.6 合37734 黃組 | 聆前4.27.2 合36418 黃組 | 聆後1.12.1 合37468 黃組 | 聆燕290 合428 賓組 | 聆寧滬2.138 合36356 黃組 | 聆京都3137 合20069 𠂤組,https://img.zdic.net/zy/jiaguwen/43_E09A.svg;https://img.zdic.net/zy/jiaguwen/43_E09B.svg;https://img.zdic.net/zy/jiaguwen/43_E09C.svg;https://img.zdic.net/zy/jiaguwen/43_E09D.svg;https://img.zdic.net/zy/jiaguwen/43_E09E.svg;https://img.zdic.net/zy/jiaguwen/43_E09F.svg;https://img.zdic.net/zy/jiaguwen/43_E0A0.svg;https://img.zdic.net/zy/jiaguwen/43_E0A1.svg;https://img.zdic.net/zy/jiaguwen/43_E0A2.svg;https://img.zdic.net/zy/jiaguwen/43_E0A3.svg;https://img.zdic.net/zy/jiaguwen/43_E0A4.svg;https://img.zdic.net/zy/jiaguwen/43_E0A5.svg;https://img.zdic.net/zy/jiaguwen/43_E0A6.svg;https://img.zdic.net/zy/jiaguwen/43_E0A7.svg;https://img.zdic.net/zy/jiaguwen/43_E0A8.svg;https://img.zdic.net/zy/jiaguwen/43_E0A9.svg;https://img.zdic.net/zy/jiaguwen/43_E0AA.svg;https://img.zdic.net/zy/jiaguwen/43_E0AB.svg;https://img.zdic.net/zy/jiaguwen/43_E0AC.svg;https://img.zdic.net/zy/jiaguwen/43_E0AD.svg;https://img.zdic.net/zy/jiaguwen/43_E0AE.svg;https://img.zdic.net/zy/jiaguwen/43_E0AF.svg;https://img.zdic.net/zy/jiaguwen/43_E0B0.svg;https://img.zdic.net/zy/jiaguwen/43_E0B1.svg;https://img.zdic.net/zy/jiaguwen/43_E0B2.svg;https://img.zdic.net/zy/jiaguwen/43_E0B3.svg;https://img.zdic.net/zy/jiaguwen/43_E0B4.svg;https://img.zdic.net/zy/jiaguwen/43_E0B5.svg;https://img.zdic.net/zy/jiaguwen/43_E0B6.svg;https://img.zdic.net/zy/jiaguwen/43_E0B7.svg;https://img.zdic.net/zy/jiaguwen/43_E0B8.svg;https://img.zdic.net/zy/jiaguwen/43_E0B9.svg;https://img.zdic.net/zy/jiaguwen/43_E0BA.svg;https://img.zdic.net/zy/jiaguwen/43_E0BB.svg;https://img.zdic.net/zy/jiaguwen/43_E0BC.svg;https://img.zdic.net/zy/jiaguwen/43_E0BD.svg;https://img.zdic.net/zy/jiaguwen/43_E0BE.svg;https://img.zdic.net/zy/jiaguwen/43_E0BF.svg;https://img.zdic.net/zy/jiaguwen/43_E0C0.svg;https://img.zdic.net/zy/jiaguwen/43_E0C1.svg;https://img.zdic.net/zy/jiaguwen/43_E0C2.svg;https://img.zdic.net/zy/jiaguwen/43_E0C3.svg;https://img.zdic.net/zy/jiaguwen/43_E0C4.svg;https://img.zdic.net/zy/jiaguwen/43_E0C5.svg;https://img.zdic.net/zy/jiaguwen/43_E0C6.svg;https://img.zdic.net/zy/jiaguwen/43_E0C7.svg;https://img.zdic.net/zy/jiaguwen/43_E0C8.svg;https://img.zdic.net/zy/jiaguwen/43_E0C9.svg;https://img.zdic.net/zy/jiaguwen/43_E0CA.svg;https://img.zdic.net/zy/jiaguwen/43_E0CB.svg;https://img.zdic.net/zy/jiaguwen/43_E0CC.svg,glyphs/0258_聆_0.png;glyphs/0258_聆_1.png;glyphs/0258_聆_2.png;glyphs/0258_聆_3.png;glyphs/0258_聆_4.png;glyphs/0258_聆_5.png;glyphs/0258_聆_6.png;glyphs/0258_聆_7.png;glyphs/0258_聆_8.png;glyphs/0258_聆_9.png;glyphs/0258_聆_10.png;glyphs/0258_聆_11.png;glyphs/0258_聆_12.png;glyphs/0258_聆_13.png;glyphs/0258_聆_14.png;glyphs/0258_聆_15.png;glyphs/0258_聆_16.png;glyphs/0258_聆_17.png;glyphs/0258_聆_18.png;glyphs/0258_聆_19.png;glyphs/0258_聆_20.png;glyphs/0258_聆_21.png;glyphs/0258_聆_22.png;glyphs/0258_聆_23.png;glyphs/0258_聆_24.png;glyphs/0258_聆_25.png;glyphs/0258_聆_26.png;glyphs/0258_聆_27.png;glyphs/0258_聆_28.png;glyphs/0258_聆_29.png;glyphs/0258_聆_30.png;glyphs/0258_聆_31.png;glyphs/0258_聆_32.png;glyphs/0258_聆_33.png;glyphs/0258_聆_34.png;glyphs/0258_聆_35.png;glyphs/0258_聆_36.png;glyphs/0258_聆_37.png;glyphs/0258_聆_38.png;glyphs/0258_聆_39.png;glyphs/0258_聆_40.png;glyphs/0258_聆_41.png;glyphs/0258_聆_42.png;glyphs/0258_聆_43.png;glyphs/0258_聆_44.png;glyphs/0258_聆_45.png;glyphs/0258_聆_46.png;glyphs/0258_聆_47.png;glyphs/0258_聆_48.png;glyphs/0258_聆_49.png;glyphs/0258_聆_50.png
259,肇,深色,ok,—,hans（/肇/jiaguwen）,https://www.zdic.net/hans/肇/jiaguwen,13,肇合21623 合21623 子組,肇合21623 合21623 子組 | 肇花037 | 肇花037 | 肇花037 | 肇花063 | 肇花063 | 肇花178 | 肇花178 | 肇花180 | 肇花195 | 肇花198 | 肇花198 | 肇花203,https://img.zdic.net/zy/jiaguwen/44_E294.svg;https://img.zdic.net/zy/jiaguwen/44_E295.svg;https://img.zdic.net/zy/jiaguwen/44_E296.svg;https://img.zdic.net/zy/jiaguwen/44_E297.svg;https://img.zdic.net/zy/jiaguwen/44_E298.svg;https://img.zdic.net/zy/jiaguwen/44_E299.svg;https://img.zdic.net/zy/jiaguwen/44_E29A.svg;https://img.zdic.net/zy/jiaguwen/44_E29B.svg;https://img.zdic.net/zy/jiaguwen/44_E29C.svg;https://img.zdic.net/zy/jiaguwen/44_E29D.svg;https://img.zdic.net/zy/jiaguwen/44_E29E.svg;https://img.zdic.net/zy/jiaguwen/44_E29F.svg;https://img.zdic.net/zy/jiaguwen/44_E2A0.svg,glyphs/0259_肇_0.png;glyphs/0259_肇_1.png;glyphs/0259_肇_2.png;glyphs/0259_肇_3.png;glyphs/0259_肇_4.png;glyphs/0259_肇_5.png;glyphs/0259_肇_6.png;glyphs/0259_肇_7.png;glyphs/0259_肇_8.png;glyphs/0259_肇_9.png;glyphs/0259_肇_10.png;glyphs/0259_肇_11.png;glyphs/0259_肇_12.png
260,艰,深色,ok,—,hans（/艰/jiaguwen）,https://www.zdic.net/hans/艰/jiaguwen,32,艰鐵115.3 合24147 出組,艰鐵115.3 合24147 出組 | 艰鐵182.3 合24146 出組 | 艰鐵272.2 合3006 賓組 | 艰乙6404 合685 賓組 | 艰庫1213 | 艰甲2123 合557 賓組 | 艰甲2239 合7100 | 艰鐵113.3 合4845 | 艰鐵178.1 合7093 | 艰餘3.1 合7145 賓組 | 艰前3.24.4 合10168 賓組 | 艰前7.2.4 合199 賓組 | 艰前7.18.3 合7153 賓組 | 艰前7.31.3 合1075 賓組 | 艰前7.40.2 合1075 賓組 | 艰菁1.1 合6057 賓組 | 艰菁6.1 合137 賓組 | 艰林1.22.10 合7201 | 艰佚386背 合367 賓組 | 艰佚519 合63 賓組 | 艰續4.32.4 合7155 | 艰簠人110 合7102 賓組 | 艰明2366 合7144 賓組 | 艰京津1184 合7172 | 艰京津1186 | 艰掇1.210 合17098 | 艰粹1130 合4518 賓組 | 艰粹1137 合4041 | 艰燕386 合7097 賓組 | 艰寧滬2.29 合583 賓組 | 艰庫554 | 艰京都934B,https://img.zdic.net/zy/jiaguwen/42_F4C7.svg;https://img.zdic.net/zy/jiaguwen/42_F4C8.svg;https://img.zdic.net/zy/jiaguwen/42_F4C9.svg;https://img.zdic.net/zy/jiaguwen/42_F4CA.svg;https://img.zdic.net/zy/jiaguwen/42_F4CB.svg;https://img.zdic.net/zy/jiaguwen/42_F4CC.svg;https://img.zdic.net/zy/jiaguwen/42_F4CD.svg;https://img.zdic.net/zy/jiaguwen/42_F4CE.svg;https://img.zdic.net/zy/jiaguwen/42_F4CF.svg;https://img.zdic.net/zy/jiaguwen/42_F4D0.svg;https://img.zdic.net/zy/jiaguwen/42_F4D1.svg;https://img.zdic.net/zy/jiaguwen/42_F4D2.svg;https://img.zdic.net/zy/jiaguwen/42_F4D3.svg;https://img.zdic.net/zy/jiaguwen/42_F4D4.svg;https://img.zdic.net/zy/jiaguwen/42_F4D5.svg;https://img.zdic.net/zy/jiaguwen/42_F4D6.svg;https://img.zdic.net/zy/jiaguwen/42_F4D7.svg;https://img.zdic.net/zy/jiaguwen/42_F4D8.svg;https://img.zdic.net/zy/jiaguwen/42_F4D9.svg;https://img.zdic.net/zy/jiaguwen/42_F4DA.svg;https://img.zdic.net/zy/jiaguwen/42_F4DB.svg;https://img.zdic.net/zy/jiaguwen/42_F4DC.svg;https://img.zdic.net/zy/jiaguwen/42_F4DD.svg;https://img.zdic.net/zy/jiaguwen/42_F4DE.svg;https://img.zdic.net/zy/jiaguwen/42_F4DF.svg;https://img.zdic.net/zy/jiaguwen/42_F4E0.svg;https://img.zdic.net/zy/jiaguwen/42_F4E1.svg;https://img.zdic.net/zy/jiaguwen/42_F4E2.svg;https://img.zdic.net/zy/jiaguwen/42_F4E3.svg;https://img.zdic.net/zy/jiaguwen/42_F4E4.svg;https://img.zdic.net/zy/jiaguwen/42_F4E5.svg;https://img.zdic.net/zy/jiaguwen/42_F4E6.svg,glyphs/0260_艰_0.png;glyphs/0260_艰_1.png;glyphs/0260_艰_2.png;glyphs/0260_艰_3.png;glyphs/0260_艰_4.png;glyphs/0260_艰_5.png;glyphs/0260_艰_6.png;glyphs/0260_艰_7.png;glyphs/0260_艰_8.png;glyphs/0260_艰_9.png;glyphs/0260_艰_10.png;glyphs/0260_艰_11.png;glyphs/0260_艰_12.png;glyphs/0260_艰_13.png;glyphs/0260_艰_14.png;glyphs/0260_艰_15.png;glyphs/0260_艰_16.png;glyphs/0260_艰_17.png;glyphs/0260_艰_18.png;glyphs/0260_艰_19.png;glyphs/0260_艰_20.png;glyphs/0260_艰_21.png;glyphs/0260_艰_22.png;glyphs/0260_艰_23.png;glyphs/0260_艰_24.png;glyphs/0260_艰_25.png;glyphs/0260_艰_26.png;glyphs/0260_艰_27.png;glyphs/0260_艰_28.png;glyphs/0260_艰_29.png;glyphs/0260_艰_30.png;glyphs/0260_艰_31.png
261,荷,淡蓝 #7396FF,L1,实证错配·与金文表同图,hans（/荷/jiaguwen）,https://www.zdic.net/hans/荷/jiaguwen,49,荷甲2389 合27238,荷甲2389 合27238 | 荷甲2407 合27220 何組 | 荷甲2464 合26953 何組 | 荷甲2465 合30564 何組 | 荷甲2476 合30775 何組 | 荷甲2481 合31359 | 荷甲2490 合27138 何組 | 荷甲2502 合27321 何組 | 荷甲2513 合31330 | 荷甲2524 合31546 | 荷甲2556 | 荷甲2582 合29726 | 荷甲2593 合31056 何組 | 荷甲2604 合30401 何組 | 荷甲2612 合31346 | 荷甲2657 合31318 | 荷拾10.12 合21307 | 荷前3.26.3 合28440 | 荷前4.41.4 合29363 何組 | 荷前6.44.2 合27853 | 荷後1.8.11 合27081 何組 | 荷後2.16.18 合30115 | 荷林1.20.9 合31540 | 荷林1.30.12 合31304 | 荷前4.33.6 合18805 賓組 | 荷前6.56.4 | 荷林2.8.4 合4954 賓組 | 荷前5.28.1 合3449 賓組 | 荷佚282 合31365 何組 | 荷佚284 合31325 | 荷佚284 合31325 | 荷燕394 合28443 | 荷燕795 合30755 | 荷京津4712 | 荷京津4820 | 荷乙9073 合20577 𠂤組 | 荷坊間4.177 | 荷坊間4.410 | 荷明藏433 | 荷前1.47.3 合27150 何組 | 荷京津2208 | 荷京都1741 合31534 | 荷乙2659 合273 賓組 | 荷乙3795 合274 賓組 | 荷乙6883 合275 賓組 | 荷京津1663 合13763 | 荷前6.10.7 合18972 | 荷後2.22.3 合30926 | 荷乙1221 合17933,https://img.zdic.net/zy/jiaguwen/42_E3DD.svg;https://img.zdic.net/zy/jiaguwen/42_E3DE.svg;https://img.zdic.net/zy/jiaguwen/42_E3DF.svg;https://img.zdic.net/zy/jiaguwen/42_E3E0.svg;https://img.zdic.net/zy/jiaguwen/42_E3E1.svg;https://img.zdic.net/zy/jiaguwen/42_E3E2.svg;https://img.zdic.net/zy/jiaguwen/42_E3E3.svg;https://img.zdic.net/zy/jiaguwen/42_E3E4.svg;https://img.zdic.net/zy/jiaguwen/42_E3E5.svg;https://img.zdic.net/zy/jiaguwen/42_E3E6.svg;https://img.zdic.net/zy/jiaguwen/42_E3E7.svg;https://img.zdic.net/zy/jiaguwen/42_E3E8.svg;https://img.zdic.net/zy/jiaguwen/42_E3E9.svg;https://img.zdic.net/zy/jiaguwen/42_E3EA.svg;https://img.zdic.net/zy/jiaguwen/42_E3EB.svg;https://img.zdic.net/zy/jiaguwen/42_E3EC.svg;https://img.zdic.net/zy/jiaguwen/42_E3ED.svg;https://img.zdic.net/zy/jiaguwen/42_E3EE.svg;https://img.zdic.net/zy/jiaguwen/42_E3EF.svg;https://img.zdic.net/zy/jiaguwen/42_E3F0.svg;https://img.zdic.net/zy/jiaguwen/42_E3F1.svg;https://img.zdic.net/zy/jiaguwen/42_E3F2.svg;https://img.zdic.net/zy/jiaguwen/42_E3F3.svg;https://img.zdic.net/zy/jiaguwen/42_E3F4.svg;https://img.zdic.net/zy/jiaguwen/42_E3F5.svg;https://img.zdic.net/zy/jiaguwen/42_E3F6.svg;https://img.zdic.net/zy/jiaguwen/42_E3F7.svg;https://img.zdic.net/zy/jiaguwen/42_E3F8.svg;https://img.zdic.net/zy/jiaguwen/42_E3F9.svg;https://img.zdic.net/zy/jiaguwen/42_E3FA.svg;https://img.zdic.net/zy/jiaguwen/42_E3FB.svg;https://img.zdic.net/zy/jiaguwen/42_E3FC.svg;https://img.zdic.net/zy/jiaguwen/42_E3FD.svg;https://img.zdic.net/zy/jiaguwen/42_E3FE.svg;https://img.zdic.net/zy/jiaguwen/42_E3FF.svg;https://img.zdic.net/zy/jiaguwen/42_E400.svg;https://img.zdic.net/zy/jiaguwen/42_E401.svg;https://img.zdic.net/zy/jiaguwen/42_E402.svg;https://img.zdic.net/zy/jiaguwen/42_E403.svg;https://img.zdic.net/zy/jiaguwen/42_E404.svg;https://img.zdic.net/zy/jiaguwen/42_E405.svg;https://img.zdic.net/zy/jiaguwen/42_E406.svg;https://img.zdic.net/zy/jiaguwen/42_E407.svg;https://img.zdic.net/zy/jiaguwen/42_E408.svg;https://img.zdic.net/zy/jiaguwen/42_E409.svg;https://img.zdic.net/zy/jiaguwen/42_E40A.svg;https://img.zdic.net/zy/jiaguwen/42_E40B.svg;https://img.zdic.net/zy/jiaguwen/42_E40C.svg;https://img.zdic.net/zy/jiaguwen/42_E40D.svg,glyphs/0261_荷_0.png;glyphs/0261_荷_1.png;glyphs/0261_荷_2.png;glyphs/0261_荷_3.png;glyphs/0261_荷_4.png;glyphs/0261_荷_5.png;glyphs/0261_荷_6.png;glyphs/0261_荷_7.png;glyphs/0261_荷_8.png;glyphs/0261_荷_9.png;glyphs/0261_荷_10.png;glyphs/0261_荷_11.png;glyphs/0261_荷_12.png;glyphs/0261_荷_13.png;glyphs/0261_荷_14.png;glyphs/0261_荷_15.png;glyphs/0261_荷_16.png;glyphs/0261_荷_17.png;glyphs/0261_荷_18.png;glyphs/0261_荷_19.png;glyphs/0261_荷_20.png;glyphs/0261_荷_21.png;glyphs/0261_荷_22.png;glyphs/0261_荷_23.png;glyphs/0261_荷_24.png;glyphs/0261_荷_25.png;glyphs/0261_荷_26.png;glyphs/0261_荷_27.png;glyphs/0261_荷_28.png;glyphs/0261_荷_29.png;glyphs/0261_荷_30.png;glyphs/0261_荷_31.png;glyphs/0261_荷_32.png;glyphs/0261_荷_33.png;glyphs/0261_荷_34.png;glyphs/0261_荷_35.png;glyphs/0261_荷_36.png;glyphs/0261_荷_37.png;glyphs/0261_荷_38.png;glyphs/0261_荷_39.png;glyphs/0261_荷_40.png;glyphs/0261_荷_41.png;glyphs/0261_荷_42.png;glyphs/0261_荷_43.png;glyphs/0261_荷_44.png;glyphs/0261_荷_45.png;glyphs/0261_荷_46.png;glyphs/0261_荷_47.png;glyphs/0261_荷_48.png
262,莽,深色,ok,—,hans（/莽/jiaguwen）,https://www.zdic.net/hans/莽/jiaguwen,1,莽存下495 合18409 賓組,莽存下495 合18409 賓組,https://img.zdic.net/zy/jiaguwen/42_EB74.svg,glyphs/0262_莽_0.png
263,薛,深色,ok,—,hans（/薛/jiaguwen）,https://www.zdic.net/hans/薛/jiaguwen,12,薛鐵113.4 合17380,薛鐵113.4 合17380 | 薛拾9.11 合5297 賓組 | 薛前6.4.1 合10131 賓組 | 薛前6.10.3 合8362 賓組 | 薛林1.25.16 合12892 | 薛林1.25.19 合17347 | 薛佚344 合17464 賓組 | 薛掇2.473 合17412 賓組 | 薛誠337 合14049 賓組 | 薛粹487 合31071 | 薛佚455 合3984 | 薛通別2.12.4 合13507 賓組,https://img.zdic.net/zy/jiaguwen/43_F744.svg;https://img.zdic.net/zy/jiaguwen/43_F745.svg;https://img.zdic.net/zy/jiaguwen/43_F746.svg;https://img.zdic.net/zy/jiaguwen/43_F747.svg;https://img.zdic.net/zy/jiaguwen/43_F748.svg;https://img.zdic.net/zy/jiaguwen/43_F749.svg;https://img.zdic.net/zy/jiaguwen/43_F74A.svg;https://img.zdic.net/zy/jiaguwen/43_F74B.svg;https://img.zdic.net/zy/jiaguwen/43_F74C.svg;https://img.zdic.net/zy/jiaguwen/43_F74D.svg;https://img.zdic.net/zy/jiaguwen/43_F74E.svg;https://img.zdic.net/zy/jiaguwen/43_F74F.svg,glyphs/0263_薛_0.png;glyphs/0263_薛_1.png;glyphs/0263_薛_2.png;glyphs/0263_薛_3.png;glyphs/0263_薛_4.png;glyphs/0263_薛_5.png;glyphs/0263_薛_6.png;glyphs/0263_薛_7.png;glyphs/0263_薛_8.png;glyphs/0263_薛_9.png;glyphs/0263_薛_10.png;glyphs/0263_薛_11.png
264,藨,蓝块占位,none,原表无字形,hans（/藨/jiaguwen）,https://www.zdic.net/hans/藨/jiaguwen,4,藨前4.1.7 合11473 𠂤賓間,藨前4.1.7 合11473 𠂤賓間 | 藨前6.53.2 合11252 𠂤賓間 | 藨後2.19.10 合8313 賓組 | 藨乙409 合20017 𠂤組,https://img.zdic.net/zy/jiaguwen/45_E9CC.svg;https://img.zdic.net/zy/jiaguwen/45_E9CD.svg;https://img.zdic.net/zy/jiaguwen/45_E9CE.svg;https://img.zdic.net/zy/jiaguwen/45_E9CF.svg,glyphs/0264_藨_0.png;glyphs/0264_藨_1.png;glyphs/0264_藨_2.png;glyphs/0264_藨_3.png
265,虤,深色,ok,—,hans（/虤/jiaguwen）,https://www.zdic.net/hans/虤/jiaguwen,5,虤後2.3.8 合33130 歷組,虤後2.3.8 合33130 歷組 | 虤存下517 合40019 | 虤七P92 合40020 | 虤師友1.89 | 虤京都2329 合33131 歷組,https://img.zdic.net/zy/jiaguwen/42_E5DD.svg;https://img.zdic.net/zy/jiaguwen/42_E5DE.svg;https://img.zdic.net/zy/jiaguwen/42_E5DF.svg;https://img.zdic.net/zy/jiaguwen/42_E5E0.svg;https://img.zdic.net/zy/jiaguwen/42_E5E1.svg,glyphs/0265_虤_0.png;glyphs/0265_虤_1.png;glyphs/0265_虤_2.png;glyphs/0265_虤_3.png;glyphs/0265_虤_4.png
266,虺,深色,ok,—,hans（/虺/jiaguwen）,https://www.zdic.net/hans/虺/jiaguwen,12,虺燕631 合27703 何組,虺燕631 合27703 何組 | 虺乙8718 合22296 子組 | 虺坊間4.217 | 虺鐵46.2 | 虺鐵178.3 合8805 | 虺後2.8.18 合19622 賓組 | 虺戩2.10 合22768 | 虺前1.16.6 合23110 | 虺前2.24.8 | 虺拾13.9 | 虺乙1123 合21964 | 虺京都1249,https://img.zdic.net/zy/jiaguwen/43_F15C.svg;https://img.zdic.net/zy/jiaguwen/43_F15D.svg;https://img.zdic.net/zy/jiaguwen/43_F15E.svg;https://img.zdic.net/zy/jiaguwen/43_F15F.svg;https://img.zdic.net/zy/jiaguwen/43_F160.svg;https://img.zdic.net/zy/jiaguwen/43_F161.svg;https://img.zdic.net/zy/jiaguwen/43_F162.svg;https://img.zdic.net/zy/jiaguwen/43_F163.svg;https://img.zdic.net/zy/jiaguwen/43_F164.svg;https://img.zdic.net/zy/jiaguwen/43_F165.svg;https://img.zdic.net/zy/jiaguwen/43_F166.svg;https://img.zdic.net/zy/jiaguwen/43_F167.svg,glyphs/0266_虺_0.png;glyphs/0266_虺_1.png;glyphs/0266_虺_2.png;glyphs/0266_虺_3.png;glyphs/0266_虺_4.png;glyphs/0266_虺_5.png;glyphs/0266_虺_6.png;glyphs/0266_虺_7.png;glyphs/0266_虺_8.png;glyphs/0266_虺_9.png;glyphs/0266_虺_10.png;glyphs/0266_虺_11.png
267,街,淡蓝 #7396FF,L2,淡蓝同批·待核,hans（/街/jiaguwen）,https://www.zdic.net/hans/街/jiaguwen,1,街粹1322 合4908 賓組,街粹1322 合4908 賓組,https://img.zdic.net/zy/jiaguwen/45_E3CE.svg,glyphs/0267_街_0.png
268,观,深色,ok,—,hans（/观/jiaguwen）,https://www.zdic.net/hans/观/jiaguwen,1,观甲1850 合27115 何組,观甲1850 合27115 何組,https://img.zdic.net/zy/jiaguwen/43_E002.svg,glyphs/0268_观_0.png
269,貔,深色,ok,—,hans（/貔/jiaguwen）,https://www.zdic.net/hans/貔/jiaguwen,1,貔合28319 合28319 無名組,貔合28319 合28319 無名組,https://img.zdic.net/zy/jiaguwen/44_E276.svg,glyphs/0269_貔_0.png
270,责,深色,ok,—,hans（/责/jiaguwen）,https://www.zdic.net/hans/责/jiaguwen,6,责乙39 合21327,责乙39 合21327 | 责乙105 合21306 𠂤組 | 责乙124 合21306 𠂤組 | 责乙1545 合21892 子組 | 责乙8895 合22214 子組 | 责乙8897 合22226 子組,https://img.zdic.net/zy/jiaguwen/42_ED0D.svg;https://img.zdic.net/zy/jiaguwen/42_ED0E.svg;https://img.zdic.net/zy/jiaguwen/42_ED0F.svg;https://img.zdic.net/zy/jiaguwen/42_ED10.svg;https://img.zdic.net/zy/jiaguwen/42_ED11.svg;https://img.zdic.net/zy/jiaguwen/42_ED12.svg,glyphs/0270_责_0.png;glyphs/0270_责_1.png;glyphs/0270_责_2.png;glyphs/0270_责_3.png;glyphs/0270_责_4.png;glyphs/0270_责_5.png
271,败,深色,ok,—,hans（/败/jiaguwen）,https://www.zdic.net/hans/败/jiaguwen,3,败乙7705 合2274 賓組,败乙7705 合2274 賓組 | 败乙7705 合2274 賓組 | 败前3.27.5 合17318 賓組,https://img.zdic.net/zy/jiaguwen/41_F229.svg;https://img.zdic.net/zy/jiaguwen/41_F22A.svg;https://img.zdic.net/zy/jiaguwen/41_F22B.svg,glyphs/0271_败_0.png;glyphs/0271_败_1.png;glyphs/0271_败_2.png
272,辖,深色,ok,—,hans（/辖/jiaguwen）,https://www.zdic.net/hans/辖/jiaguwen,51,辖甲1654 合16994 賓組,辖甲1654 合16994 賓組 | 辖乙1236 合12844 | 辖乙1353 合13771 | 辖乙6849 合18902 | 辖鐵6.3 合5370 賓組 | 辖鐵66.1 合12657 賓組 | 辖鐵103.1 合2164 賓組 | 辖鐵262.2 合2244 | 辖前1.47.3 合27150 何組 | 辖前3.1.2 合9758 𠂤賓間 | 辖前7.9.4 合15334 | 辖燕609 合14718 | 辖佚514 合17597 | 辖佚866 合2225 | 辖京津1151 合1740 | 辖京津1162 合3273 | 辖鄴初下.40.4 合18080 | 辖無想226 | 辖明藏492 | 辖乙8896 合22246 子組 | 辖甲181 合22371 | 辖甲359 合34419 | 辖甲398 合32500 | 辖存下610 合22858 | 辖後1.22.5 合31981 歷組 | 辖後1.22.5 合31981 歷組 | 辖後1.2.10 合26025 | 辖後1.20.12 合37837 | 辖後2.38.6 合32881 | 辖林1.21.5 合23243 | 辖林1.21.7 合22648 出組 | 辖戩5.5 合23016 | 辖燕273 合1737 | 辖佚11 合20592 𠂤組 | 辖存1801 合34418 | 辖寧滬1.480 合32625 歷組 | 辖無想228 | 辖明藏495 | 辖粹61 合34235 歷組 | 辖粹171 合22766 | 辖粹201 合22798 出組 | 辖粹229 合32556 | 辖金201 合41655 | 辖金201 合41655 | 辖粹11 合33337 歷組 | 辖前2.9.7 合36490 | 辖前2.28.1 合37779 | 辖後1.20.7 合37844 黃組 | 辖通別2.1A | 辖甲3659 合36507 黃組 | 辖乙8816 合22258 子組,https://img.zdic.net/zy/jiaguwen/43_F19A.svg;https://img.zdic.net/zy/jiaguwen/43_F19B.svg;https://img.zdic.net/zy/jiaguwen/43_F19C.svg;https://img.zdic.net/zy/jiaguwen/43_F19D.svg;https://img.zdic.net/zy/jiaguwen/43_F19E.svg;https://img.zdic.net/zy/jiaguwen/43_F19F.svg;https://img.zdic.net/zy/jiaguwen/43_F1A0.svg;https://img.zdic.net/zy/jiaguwen/43_F1A1.svg;https://img.zdic.net/zy/jiaguwen/43_F1A2.svg;https://img.zdic.net/zy/jiaguwen/43_F1A3.svg;https://img.zdic.net/zy/jiaguwen/43_F1A4.svg;https://img.zdic.net/zy/jiaguwen/43_F1A5.svg;https://img.zdic.net/zy/jiaguwen/43_F1A6.svg;https://img.zdic.net/zy/jiaguwen/43_F1A7.svg;https://img.zdic.net/zy/jiaguwen/43_F1A8.svg;https://img.zdic.net/zy/jiaguwen/43_F1A9.svg;https://img.zdic.net/zy/jiaguwen/43_F1AA.svg;https://img.zdic.net/zy/jiaguwen/43_F1AB.svg;https://img.zdic.net/zy/jiaguwen/43_F1AC.svg;https://img.zdic.net/zy/jiaguwen/43_F1AD.svg;https://img.zdic.net/zy/jiaguwen/43_F1AE.svg;https://img.zdic.net/zy/jiaguwen/43_F1AF.svg;https://img.zdic.net/zy/jiaguwen/43_F1B0.svg;https://img.zdic.net/zy/jiaguwen/43_F1B1.svg;https://img.zdic.net/zy/jiaguwen/43_F1B2.svg;https://img.zdic.net/zy/jiaguwen/43_F1B3.svg;https://img.zdic.net/zy/jiaguwen/43_F1B4.svg;https://img.zdic.net/zy/jiaguwen/43_F1B5.svg;https://img.zdic.net/zy/jiaguwen/43_F1B6.svg;https://img.zdic.net/zy/jiaguwen/43_F1B7.svg;https://img.zdic.net/zy/jiaguwen/43_F1B8.svg;https://img.zdic.net/zy/jiaguwen/43_F1B9.svg;https://img.zdic.net/zy/jiaguwen/43_F1BA.svg;https://img.zdic.net/zy/jiaguwen/43_F1BB.svg;https://img.zdic.net/zy/jiaguwen/43_F1BC.svg;https://img.zdic.net/zy/jiaguwen/43_F1BD.svg;https://img.zdic.net/zy/jiaguwen/43_F1BE.svg;https://img.zdic.net/zy/jiaguwen/43_F1BF.svg;https://img.zdic.net/zy/jiaguwen/43_F1C0.svg;https://img.zdic.net/zy/jiaguwen/43_F1C1.svg;https://img.zdic.net/zy/jiaguwen/43_F1C2.svg;https://img.zdic.net/zy/jiaguwen/43_F1C3.svg;https://img.zdic.net/zy/jiaguwen/43_F1C4.svg;https://img.zdic.net/zy/jiaguwen/43_F1C5.svg;https://img.zdic.net/zy/jiaguwen/43_F1C6.svg;https://img.zdic.net/zy/jiaguwen/43_F1C7.svg;https://img.zdic.net/zy/jiaguwen/43_F1D3.svg;https://img.zdic.net/zy/jiaguwen/43_F1D4.svg;https://img.zdic.net/zy/jiaguwen/43_F1D5.svg;https://img.zdic.net/zy/jiaguwen/43_F1D6.svg;https://img.zdic.net/zy/jiaguwen/43_F1D7.svg,glyphs/0272_辖_0.png;glyphs/0272_辖_1.png;glyphs/0272_辖_2.png;glyphs/0272_辖_3.png;glyphs/0272_辖_4.png;glyphs/0272_辖_5.png;glyphs/0272_辖_6.png;glyphs/0272_辖_7.png;glyphs/0272_辖_8.png;glyphs/0272_辖_9.png;glyphs/0272_辖_10.png;glyphs/0272_辖_11.png;glyphs/0272_辖_12.png;glyphs/0272_辖_13.png;glyphs/0272_辖_14.png;glyphs/0272_辖_15.png;glyphs/0272_辖_16.png;glyphs/0272_辖_17.png;glyphs/0272_辖_18.png;glyphs/0272_辖_19.png;glyphs/0272_辖_20.png;glyphs/0272_辖_21.png;glyphs/0272_辖_22.png;glyphs/0272_辖_23.png;glyphs/0272_辖_24.png;glyphs/0272_辖_25.png;glyphs/0272_辖_26.png;glyphs/0272_辖_27.png;glyphs/0272_辖_28.png;glyphs/0272_辖_29.png;glyphs/0272_辖_30.png;glyphs/0272_辖_31.png;glyphs/0272_辖_32.png;glyphs/0272_辖_33.png;glyphs/0272_辖_34.png;glyphs/0272_辖_35.png;glyphs/0272_辖_36.png;glyphs/0272_辖_37.png;glyphs/0272_辖_38.png;glyphs/0272_辖_39.png;glyphs/0272_辖_40.png;glyphs/0272_辖_41.png;glyphs/0272_辖_42.png;glyphs/0272_辖_43.png;glyphs/0272_辖_44.png;glyphs/0272_辖_45.png;glyphs/0272_辖_46.png;glyphs/0272_辖_47.png;glyphs/0272_辖_48.png;glyphs/0272_辖_49.png;glyphs/0272_辖_50.png
273,辟,深色,ok,—,hans（/辟/jiaguwen）,https://www.zdic.net/hans/辟/jiaguwen,14,辟甲1046 合8108 賓組,辟甲1046 合8108 賓組 | 辟甲3238 合18005 | 辟甲1490 合27009 何組 | 辟甲1564 合31911 無名組 | 辟前2.23.1 合37468 黃組 | 辟前4.7.5 合20820 | 辟前4.15.7 合21085 𠂤組 | 辟後1.12.1 合37468 黃組 | 辟菁9.13 合36630 黃組 | 辟戩37.12 合27604 無名組 | 辟佚611 合17473 | 辟乙6768 合438 賓組 | 辟京津4144 合27937 何組 | 辟簠人79 合7566,https://img.zdic.net/zy/jiaguwen/43_E131.svg;https://img.zdic.net/zy/jiaguwen/43_E132.svg;https://img.zdic.net/zy/jiaguwen/43_E133.svg;https://img.zdic.net/zy/jiaguwen/43_E134.svg;https://img.zdic.net/zy/jiaguwen/43_E135.svg;https://img.zdic.net/zy/jiaguwen/43_E136.svg;https://img.zdic.net/zy/jiaguwen/43_E137.svg;https://img.zdic.net/zy/jiaguwen/43_E138.svg;https://img.zdic.net/zy/jiaguwen/43_E139.svg;https://img.zdic.net/zy/jiaguwen/43_E13A.svg;https://img.zdic.net/zy/jiaguwen/43_E13B.svg;https://img.zdic.net/zy/jiaguwen/43_E13C.svg;https://img.zdic.net/zy/jiaguwen/43_E13D.svg;https://img.zdic.net/zy/jiaguwen/43_E13E.svg,glyphs/0273_辟_0.png;glyphs/0273_辟_1.png;glyphs/0273_辟_2.png;glyphs/0273_辟_3.png;glyphs/0273_辟_4.png;glyphs/0273_辟_5.png;glyphs/0273_辟_6.png;glyphs/0273_辟_7.png;glyphs/0273_辟_8.png;glyphs/0273_辟_9.png;glyphs/0273_辟_10.png;glyphs/0273_辟_11.png;glyphs/0273_辟_12.png;glyphs/0273_辟_13.png
274,逆,深色,ok,—,hans（/逆/jiaguwen）,https://www.zdic.net/hans/逆/jiaguwen,39,逆甲8963,逆甲8963 | 逆甲2011 合31485 | 逆甲2491 合26907 何組 | 逆前4.24.1 合6198 賓組 | 逆後1.16.12 合6220 | 逆後1.17.3 合6203 | 逆後2.12.1 合7576 | 逆後2.12.2 合20064 | 逆林1.29.10 合4921 賓組 | 逆戩11.13 合6202 | 逆續1.36.5 合6204 | 逆續3.6.6 合6202 | 逆續3.42.6 合185 賓組 | 逆珠180 合6205 賓組 | 逆珠612 合21084 | 逆掇2.114 合2320 | 逆佚766 合4920 賓組 | 逆燕71 合6197 賓組 | 逆燕73 合7577 | 逆京津1284 合32155 歷組 | 逆明藏730 | 逆簠人56 合185 賓組 | 逆師友2.99 | 逆金508 合39856 | 逆京都108B 合15006 | 逆甲1046 合8108 賓組 | 逆掇1.212 合5327 𠂤組 | 逆前5.26.4 合12341 | 逆後2.11.16 合17099 | 逆佚725 合4990 賓組 | 逆鐵20.2 | 逆乙2747 合8851 | 逆乙4865反 合270反 賓組 | 逆乙8762 合22510 子組 | 逆京津3045 合20553 | 逆存658 合7054 | 逆佚481 合19245 | 逆鄴3下.44.10 合32185 歷組 | 逆師友1.188,https://img.zdic.net/zy/jiaguwen/41_E876.svg;https://img.zdic.net/zy/jiaguwen/41_E877.svg;https://img.zdic.net/zy/jiaguwen/41_E878.svg;https://img.zdic.net/zy/jiaguwen/41_E879.svg;https://img.zdic.net/zy/jiaguwen/41_E87A.svg;https://img.zdic.net/zy/jiaguwen/41_E87B.svg;https://img.zdic.net/zy/jiaguwen/41_E87C.svg;https://img.zdic.net/zy/jiaguwen/41_E87D.svg;https://img.zdic.net/zy/jiaguwen/41_E87E.svg;https://img.zdic.net/zy/jiaguwen/41_E87F.svg;https://img.zdic.net/zy/jiaguwen/41_E880.svg;https://img.zdic.net/zy/jiaguwen/41_E881.svg;https://img.zdic.net/zy/jiaguwen/41_E882.svg;https://img.zdic.net/zy/jiaguwen/41_E883.svg;https://img.zdic.net/zy/jiaguwen/41_E884.svg;https://img.zdic.net/zy/jiaguwen/41_E885.svg;https://img.zdic.net/zy/jiaguwen/41_E886.svg;https://img.zdic.net/zy/jiaguwen/41_E887.svg;https://img.zdic.net/zy/jiaguwen/41_E888.svg;https://img.zdic.net/zy/jiaguwen/41_E889.svg;https://img.zdic.net/zy/jiaguwen/41_E88A.svg;https://img.zdic.net/zy/jiaguwen/41_E88B.svg;https://img.zdic.net/zy/jiaguwen/41_E88C.svg;https://img.zdic.net/zy/jiaguwen/41_E88D.svg;https://img.zdic.net/zy/jiaguwen/41_E88E.svg;https://img.zdic.net/zy/jiaguwen/41_E88F.svg;https://img.zdic.net/zy/jiaguwen/41_E890.svg;https://img.zdic.net/zy/jiaguwen/41_E891.svg;https://img.zdic.net/zy/jiaguwen/41_E892.svg;https://img.zdic.net/zy/jiaguwen/41_E893.svg;https://img.zdic.net/zy/jiaguwen/41_E894.svg;https://img.zdic.net/zy/jiaguwen/41_E895.svg;https://img.zdic.net/zy/jiaguwen/41_E896.svg;https://img.zdic.net/zy/jiaguwen/41_E897.svg;https://img.zdic.net/zy/jiaguwen/41_E898.svg;https://img.zdic.net/zy/jiaguwen/41_E899.svg;https://img.zdic.net/zy/jiaguwen/41_E89A.svg;https://img.zdic.net/zy/jiaguwen/41_E89B.svg;https://img.zdic.net/zy/jiaguwen/41_E89C.svg,glyphs/0274_逆_0.png;glyphs/0274_逆_1.png;glyphs/0274_逆_2.png;glyphs/0274_逆_3.png;glyphs/0274_逆_4.png;glyphs/0274_逆_5.png;glyphs/0274_逆_6.png;glyphs/0274_逆_7.png;glyphs/0274_逆_8.png;glyphs/0274_逆_9.png;glyphs/0274_逆_10.png;glyphs/0274_逆_11.png;glyphs/0274_逆_12.png;glyphs/0274_逆_13.png;glyphs/0274_逆_14.png;glyphs/0274_逆_15.png;glyphs/0274_逆_16.png;glyphs/0274_逆_17.png;glyphs/0274_逆_18.png;glyphs/0274_逆_19.png;glyphs/0274_逆_20.png;glyphs/0274_逆_21.png;glyphs/0274_逆_22.png;glyphs/0274_逆_23.png;glyphs/0274_逆_24.png;glyphs/0274_逆_25.png;glyphs/0274_逆_26.png;glyphs/0274_逆_27.png;glyphs/0274_逆_28.png;glyphs/0274_逆_29.png;glyphs/0274_逆_30.png;glyphs/0274_逆_31.png;glyphs/0274_逆_32.png;glyphs/0274_逆_33.png;glyphs/0274_逆_34.png;glyphs/0274_逆_35.png;glyphs/0274_逆_36.png;glyphs/0274_逆_37.png;glyphs/0274_逆_38.png
275,逢,深色,ok,—,hans（/逢/jiaguwen）,https://www.zdic.net/hans/逢/jiaguwen,4,逢後1.10.4 合36904 黃組,逢後1.10.4 合36904 黃組 | 逢後1.11.11 合36738 | 逢菁9.4 合36916 黃組 | 逢續3.31.9 合36914 黃組,https://img.zdic.net/zy/jiaguwen/41_E9BB.svg;https://img.zdic.net/zy/jiaguwen/41_E9BC.svg;https://img.zdic.net/zy/jiaguwen/41_E9BD.svg;https://img.zdic.net/zy/jiaguwen/41_E9BE.svg,glyphs/0275_逢_0.png;glyphs/0275_逢_1.png;glyphs/0275_逢_2.png;glyphs/0275_逢_3.png
276,遣,深色,ok,—,hans（/遣/jiaguwen）,https://www.zdic.net/hans/遣/jiaguwen,12,遣甲1540 合31937 何組,遣甲1540 合31937 何組 | 遣甲2288 合21228 | 遣續4.34.8 合5315 賓組 | 遣粹1219 合35301 歷組 | 遣珠470 合7594 賓組 | 遣後2.3.10 合31935 無名組 | 遣後2.12.4 合18104 | 遣乙980 合5447 賓組 | 遣金690 合41507 | 遣簠人88 合4387 賓組 | 遣簠文84 合36528 黃組 | 遣乙2882 合5447 賓組,https://img.zdic.net/zy/jiaguwen/41_E8D6.svg;https://img.zdic.net/zy/jiaguwen/41_E8D7.svg;https://img.zdic.net/zy/jiaguwen/41_E8D8.svg;https://img.zdic.net/zy/jiaguwen/41_E8D9.svg;https://img.zdic.net/zy/jiaguwen/41_E8DA.svg;https://img.zdic.net/zy/jiaguwen/41_E8DB.svg;https://img.zdic.net/zy/jiaguwen/41_E8DC.svg;https://img.zdic.net/zy/jiaguwen/41_E8DD.svg;https://img.zdic.net/zy/jiaguwen/41_E8DE.svg;https://img.zdic.net/zy/jiaguwen/41_E8DF.svg;https://img.zdic.net/zy/jiaguwen/41_E8E0.svg;https://img.zdic.net/zy/jiaguwen/41_E8E1.svg,glyphs/0276_遣_0.png;glyphs/0276_遣_1.png;glyphs/0276_遣_2.png;glyphs/0276_遣_3.png;glyphs/0276_遣_4.png;glyphs/0276_遣_5.png;glyphs/0276_遣_6.png;glyphs/0276_遣_7.png;glyphs/0276_遣_8.png;glyphs/0276_遣_9.png;glyphs/0276_遣_10.png;glyphs/0276_遣_11.png
277,邦,淡蓝 #7396FF,L2,淡蓝同批·待核,hans（/邦/jiaguwen）,https://www.zdic.net/hans/邦/jiaguwen,6,邦前4.17.3 合846 賓組,邦前4.17.3 合846 賓組 | 邦菁9.13 合36630 黃組 | 邦乙6978 合9526 | 邦簠歲24 合595 賓組 | 邦簠歲17 合10104 賓組 | 邦簠歲18 合847 賓組,https://img.zdic.net/zy/jiaguwen/42_ED3B.svg;https://img.zdic.net/zy/jiaguwen/42_ED3C.svg;https://img.zdic.net/zy/jiaguwen/42_ED3D.svg;https://img.zdic.net/zy/jiaguwen/42_ED3E.svg;https://img.zdic.net/zy/jiaguwen/42_ED3F.svg;https://img.zdic.net/zy/jiaguwen/42_ED40.svg,glyphs/0277_邦_0.png;glyphs/0277_邦_1.png;glyphs/0277_邦_2.png;glyphs/0277_邦_3.png;glyphs/0277_邦_4.png;glyphs/0277_邦_5.png
278,邱,深色,ok,—,hans（/邱/jiaguwen）,https://www.zdic.net/hans/邱/jiaguwen,12,邱乙4320 合8381 賓組,邱乙4320 合8381 賓組 | 邱乙4518 合9774 賓組 | 邱乙6684 合8591 賓組 | 邱鐵202.4 合8388 | 邱前1.24.3 合780 賓組 | 邱前5.8.2 | 邱前5.9.1 合4734 賓組 | 邱前6.35.5 合4824 賓組 | 邱後2.15.13 合18066 賓組 | 邱佚733 合5602 賓組 | 邱珠993 合8390 | 邱明藏395,https://img.zdic.net/zy/jiaguwen/42_F627.svg;https://img.zdic.net/zy/jiaguwen/42_F628.svg;https://img.zdic.net/zy/jiaguwen/42_F629.svg;https://img.zdic.net/zy/jiaguwen/42_F62A.svg;https://img.zdic.net/zy/jiaguwen/42_F62B.svg;https://img.zdic.net/zy/jiaguwen/42_F62C.svg;https://img.zdic.net/zy/jiaguwen/42_F62D.svg;https://img.zdic.net/zy/jiaguwen/42_F62E.svg;https://img.zdic.net/zy/jiaguwen/42_F62F.svg;https://img.zdic.net/zy/jiaguwen/42_F630.svg;https://img.zdic.net/zy/jiaguwen/42_F631.svg;https://img.zdic.net/zy/jiaguwen/42_F632.svg,glyphs/0278_邱_0.png;glyphs/0278_邱_1.png;glyphs/0278_邱_2.png;glyphs/0278_邱_3.png;glyphs/0278_邱_4.png;glyphs/0278_邱_5.png;glyphs/0278_邱_6.png;glyphs/0278_邱_7.png;glyphs/0278_邱_8.png;glyphs/0278_邱_9.png;glyphs/0278_邱_10.png;glyphs/0278_邱_11.png
279,鄙,深色,ok,—,hans（/鄙/jiaguwen）,https://www.zdic.net/hans/鄙/jiaguwen,17,鄙甲3401 合6938,鄙甲3401 合6938 | 鄙乙368 合20726 𠂤組 | 鄙乙629 合309 賓組 | 鄙乙839 合15883 賓組 | 鄙粹1164 合33074 𠂤歷間 | 鄙鐵145.2 合10861 𠂤賓間 | 鄙佚532 | 鄙前7.12.1 合6939 賓組 | 鄙乙7673反 合9810反 賓組 | 鄙鐵68.4 合7875 賓組 | 鄙菁1.1 合6057 賓組 | 鄙菁2.1 合6057 賓組 | 鄙佚61 合6060 賓組 | 鄙續5.7.9 合11003 賓組 | 鄙掇2.132 合32982 歷組 | 鄙金728 合41754 子組 | 鄙珠186 合6058 賓組,https://img.zdic.net/zy/jiaguwen/42_E945.svg;https://img.zdic.net/zy/jiaguwen/42_E946.svg;https://img.zdic.net/zy/jiaguwen/42_E947.svg;https://img.zdic.net/zy/jiaguwen/42_E948.svg;https://img.zdic.net/zy/jiaguwen/42_E949.svg;https://img.zdic.net/zy/jiaguwen/42_E94A.svg;https://img.zdic.net/zy/jiaguwen/42_E94B.svg;https://img.zdic.net/zy/jiaguwen/42_E94C.svg;https://img.zdic.net/zy/jiaguwen/42_E94D.svg;https://img.zdic.net/zy/jiaguwen/42_E94E.svg;https://img.zdic.net/zy/jiaguwen/42_E94F.svg;https://img.zdic.net/zy/jiaguwen/42_E950.svg;https://img.zdic.net/zy/jiaguwen/42_E951.svg;https://img.zdic.net/zy/jiaguwen/42_E952.svg;https://img.zdic.net/zy/jiaguwen/42_E953.svg;https://img.zdic.net/zy/jiaguwen/42_E954.svg;https://img.zdic.net/zy/jiaguwen/42_E955.svg,glyphs/0279_鄙_0.png;glyphs/0279_鄙_1.png;glyphs/0279_鄙_2.png;glyphs/0279_鄙_3.png;glyphs/0279_鄙_4.png;glyphs/0279_鄙_5.png;glyphs/0279_鄙_6.png;glyphs/0279_鄙_7.png;glyphs/0279_鄙_8.png;glyphs/0279_鄙_9.png;glyphs/0279_鄙_10.png;glyphs/0279_鄙_11.png;glyphs/0279_鄙_12.png;glyphs/0279_鄙_13.png;glyphs/0279_鄙_14.png;glyphs/0279_鄙_15.png;glyphs/0279_鄙_16.png
280,配,深色,ok,—,hans（/配/jiaguwen）,https://www.zdic.net/hans/配/jiaguwen,15,配金553,配金553 | 配存2244 合31841 無名組 | 配京都 | 配合補6625 | 配英1866 | 配英1864 | 配合5007 合5007 賓組 | 配合14238 合14238 賓組 | 配合補6233 | 配合補6236 | 配花5 | 配花5 | 配花220 | 配花379 | 配花441,https://img.zdic.net/zy/jiaguwen/44_E15C.svg;https://img.zdic.net/zy/jiaguwen/44_E15D.svg;https://img.zdic.net/zy/jiaguwen/44_E15E.svg;https://img.zdic.net/zy/jiaguwen/44_E2D7.svg;https://img.zdic.net/zy/jiaguwen/44_E2D8.svg;https://img.zdic.net/zy/jiaguwen/44_E2D9.svg;https://img.zdic.net/zy/jiaguwen/44_E2DA.svg;https://img.zdic.net/zy/jiaguwen/44_E2DB.svg;https://img.zdic.net/zy/jiaguwen/44_E2DC.svg;https://img.zdic.net/zy/jiaguwen/44_E2DD.svg;https://img.zdic.net/zy/jiaguwen/44_E2DE.svg;https://img.zdic.net/zy/jiaguwen/44_E2DF.svg;https://img.zdic.net/zy/jiaguwen/44_E2E0.svg;https://img.zdic.net/zy/jiaguwen/44_E2E1.svg;https://img.zdic.net/zy/jiaguwen/44_E2E2.svg,glyphs/0280_配_0.png;glyphs/0280_配_1.png;glyphs/0280_配_2.png;glyphs/0280_配_3.png;glyphs/0280_配_4.png;glyphs/0280_配_5.png;glyphs/0280_配_6.png;glyphs/0280_配_7.png;glyphs/0280_配_8.png;glyphs/0280_配_9.png;glyphs/0280_配_10.png;glyphs/0280_配_11.png;glyphs/0280_配_12.png;glyphs/0280_配_13.png;glyphs/0280_配_14.png
281,酒,深色,ok,—,hans（/酒/jiaguwen）,https://www.zdic.net/hans/酒/jiaguwen,2,酒甲2121 合9560 賓組,酒甲2121 合9560 賓組 | 酒京都1932 合28231 無名組,https://img.zdic.net/zy/jiaguwen/44_E15A.svg;https://img.zdic.net/zy/jiaguwen/44_E15B.svg,glyphs/0281_酒_0.png;glyphs/0281_酒_1.png
282,释,深色,ok,—,hans（/释/jiaguwen）,https://www.zdic.net/hans/释/jiaguwen,2,释前6.61.2 合5923 賓組,释前6.61.2 合5923 賓組 | 释柏38 合5922 賓組,https://img.zdic.net/zy/jiaguwen/41_ED50.svg;https://img.zdic.net/zy/jiaguwen/41_ED51.svg,glyphs/0282_释_0.png;glyphs/0282_释_1.png
283,钺,深色,ok,—,hans（/钺/jiaguwen）,https://www.zdic.net/hans/钺/jiaguwen,17,钺乙4692 合22043 午組,钺乙4692 合22043 午組 | 钺前2.16.2 合35913 黃組 | 钺前4.37.4 合7688 賓組 | 钺甲3181 | 钺後1.31.7 合6278 | 钺林2.13.4 合7701 賓組 | 钺戩26.10 合5534 | 钺佚16 合4279 | 钺佚26 合7691 賓組 | 钺鄴初下.33.5 合4722 賓組 | 钺鐵32.2 合6378 | 钺存611 合8615 | 钺京津1299 合7686 | 钺京津1301 合4286 | 钺京津1303 合446 | 钺粹1120 合6375 | 钺陳92 合36181 黃組,https://img.zdic.net/zy/jiaguwen/43_EF8B.svg;https://img.zdic.net/zy/jiaguwen/43_EF8C.svg;https://img.zdic.net/zy/jiaguwen/43_EF8D.svg;https://img.zdic.net/zy/jiaguwen/43_EF8E.svg;https://img.zdic.net/zy/jiaguwen/43_EF8F.svg;https://img.zdic.net/zy/jiaguwen/43_EF90.svg;https://img.zdic.net/zy/jiaguwen/43_EF91.svg;https://img.zdic.net/zy/jiaguwen/43_EF92.svg;https://img.zdic.net/zy/jiaguwen/43_EF93.svg;https://img.zdic.net/zy/jiaguwen/43_EF94.svg;https://img.zdic.net/zy/jiaguwen/43_EF95.svg;https://img.zdic.net/zy/jiaguwen/43_EF96.svg;https://img.zdic.net/zy/jiaguwen/43_EF97.svg;https://img.zdic.net/zy/jiaguwen/43_EF98.svg;https://img.zdic.net/zy/jiaguwen/43_EF99.svg;https://img.zdic.net/zy/jiaguwen/43_EF9A.svg;https://img.zdic.net/zy/jiaguwen/43_EF9B.svg,glyphs/0283_钺_0.png;glyphs/0283_钺_1.png;glyphs/0283_钺_2.png;glyphs/0283_钺_3.png;glyphs/0283_钺_4.png;glyphs/0283_钺_5.png;glyphs/0283_钺_6.png;glyphs/0283_钺_7.png;glyphs/0283_钺_8.png;glyphs/0283_钺_9.png;glyphs/0283_钺_10.png;glyphs/0283_钺_11.png;glyphs/0283_钺_12.png;glyphs/0283_钺_13.png;glyphs/0283_钺_14.png;glyphs/0283_钺_15.png;glyphs/0283_钺_16.png
284,镬,深色,ok,—,hans（/镬/jiaguwen）,https://www.zdic.net/hans/镬/jiaguwen,10,镬乙2762 合5477 賓組,镬乙2762 合5477 賓組 | 镬乙2818 合5477 賓組 | 镬乙8165 合946 賓組 | 镬寧滬3.63 合15944 賓組 | 镬珠293 合4833 | 镬前6.45.7 合15945 賓組 | 镬前6.45.8 合15946 賓組 | 镬後2.14.10 合7841 賓組 | 镬後2.31.11 合15947 | 镬粹1224 合33218 歷組,https://img.zdic.net/zy/jiaguwen/43_F3AA.svg;https://img.zdic.net/zy/jiaguwen/43_F3AB.svg;https://img.zdic.net/zy/jiaguwen/43_F3AC.svg;https://img.zdic.net/zy/jiaguwen/43_F3AD.svg;https://img.zdic.net/zy/jiaguwen/43_F3AE.svg;https://img.zdic.net/zy/jiaguwen/43_F3AF.svg;https://img.zdic.net/zy/jiaguwen/43_F3B0.svg;https://img.zdic.net/zy/jiaguwen/43_F3B1.svg;https://img.zdic.net/zy/jiaguwen/43_F3B2.svg;https://img.zdic.net/zy/jiaguwen/43_F3B3.svg,glyphs/0284_镬_0.png;glyphs/0284_镬_1.png;glyphs/0284_镬_2.png;glyphs/0284_镬_3.png;glyphs/0284_镬_4.png;glyphs/0284_镬_5.png;glyphs/0284_镬_6.png;glyphs/0284_镬_7.png;glyphs/0284_镬_8.png;glyphs/0284_镬_9.png
285,问,淡蓝 #7396FF,L1,实证错配·与金文表同图,hans（/问/jiaguwen）,https://www.zdic.net/hans/问/jiaguwen,2,问後2.9.10 合16419,问後2.9.10 合16419 | 问明813 合21490 𠂤組,https://img.zdic.net/zy/jiaguwen/41_E568.svg;https://img.zdic.net/zy/jiaguwen/41_E569.svg,glyphs/0285_问_0.png;glyphs/0285_问_1.png
286,阳,深色,ok,—,hans（/阳/jiaguwen）,https://www.zdic.net/hans/阳/jiaguwen,1,阳前5.42.5 合14855,阳前5.42.5 合14855,https://img.zdic.net/zy/jiaguwen/43_F4A9.svg,glyphs/0286_阳_0.png
287,阴,深色,ok,—,hans（/阴/jiaguwen）,https://www.zdic.net/hans/阴/jiaguwen,11,阴乙18 合21013 𠂤組,阴乙18 合21013 𠂤組 | 阴乙84 | 阴乙95 合20770 𠂤組 | 阴乙194 合20769 𠂤組 | 阴乙307 合19780 | 阴乙350 合20771 | 阴乙445 合20988 𠂤組 | 阴乙449 合20990 𠂤組 | 阴京津2922 合19781 𠂤組 | 阴京津2923 合20995 | 阴京都3099 合20966 𠂤組,https://img.zdic.net/zy/jiaguwen/41_F77A.svg;https://img.zdic.net/zy/jiaguwen/41_F77B.svg;https://img.zdic.net/zy/jiaguwen/41_F77C.svg;https://img.zdic.net/zy/jiaguwen/41_F77D.svg;https://img.zdic.net/zy/jiaguwen/41_F77E.svg;https://img.zdic.net/zy/jiaguwen/41_F77F.svg;https://img.zdic.net/zy/jiaguwen/41_F780.svg;https://img.zdic.net/zy/jiaguwen/41_F781.svg;https://img.zdic.net/zy/jiaguwen/41_F782.svg;https://img.zdic.net/zy/jiaguwen/41_F783.svg;https://img.zdic.net/zy/jiaguwen/41_F784.svg,glyphs/0287_阴_0.png;glyphs/0287_阴_1.png;glyphs/0287_阴_2.png;glyphs/0287_阴_3.png;glyphs/0287_阴_4.png;glyphs/0287_阴_5.png;glyphs/0287_阴_6.png;glyphs/0287_阴_7.png;glyphs/0287_阴_8.png;glyphs/0287_阴_9.png;glyphs/0287_阴_10.png
288,雱,蓝块占位,none,原表无字形,hans（/雱/jiaguwen）,https://www.zdic.net/hans/雱/jiaguwen,8,雱甲2464 合26953 何組,雱甲2464 合26953 何組 | 雱河631 合6666 賓組 | 雱拾5.10 合33198 𠂤歷間 | 雱前2.3.2 合36945 黃組 | 雱後2.37.2 合6665 賓組 | 雱誠355 合8627 賓組 | 雱林1.17.15 合8623 | 雱庫1596 合40605,https://img.zdic.net/zy/jiaguwen/41_E089.svg;https://img.zdic.net/zy/jiaguwen/41_E08A.svg;https://img.zdic.net/zy/jiaguwen/41_E08B.svg;https://img.zdic.net/zy/jiaguwen/41_E08C.svg;https://img.zdic.net/zy/jiaguwen/41_E08D.svg;https://img.zdic.net/zy/jiaguwen/41_E08E.svg;https://img.zdic.net/zy/jiaguwen/41_E08F.svg;https://img.zdic.net/zy/jiaguwen/41_E090.svg,glyphs/0288_雱_0.png;glyphs/0288_雱_1.png;glyphs/0288_雱_2.png;glyphs/0288_雱_3.png;glyphs/0288_雱_4.png;glyphs/0288_雱_5.png;glyphs/0288_雱_6.png;glyphs/0288_雱_7.png
289,霍,深色,ok,—,hans（/霍/jiaguwen）,https://www.zdic.net/hans/霍/jiaguwen,9,霍前2.15.7 合36783 黃組,霍前2.15.7 合36783 黃組 | 霍前5.35.5 合36782 黃組 | 霍菁10.5 合36784 黃組 | 霍簠帝146 合35887 黃組 | 霍簠地9 合36779 黃組 | 霍珠493 合36781 黃組 | 霍佚559 合36780 黃組 | 霍乙7746 合10989 賓組 | 霍存1458 合22056 午組,https://img.zdic.net/zy/jiaguwen/42_E05E.svg;https://img.zdic.net/zy/jiaguwen/42_E05F.svg;https://img.zdic.net/zy/jiaguwen/42_E060.svg;https://img.zdic.net/zy/jiaguwen/42_E061.svg;https://img.zdic.net/zy/jiaguwen/42_E062.svg;https://img.zdic.net/zy/jiaguwen/42_E063.svg;https://img.zdic.net/zy/jiaguwen/42_E064.svg;https://img.zdic.net/zy/jiaguwen/42_E065.svg;https://img.zdic.net/zy/jiaguwen/42_E066.svg,glyphs/0289_霍_0.png;glyphs/0289_霍_1.png;glyphs/0289_霍_2.png;glyphs/0289_霍_3.png;glyphs/0289_霍_4.png;glyphs/0289_霍_5.png;glyphs/0289_霍_6.png;glyphs/0289_霍_7.png;glyphs/0289_霍_8.png
290,龢,深色,ok,—,hans（/龢/jiaguwen）,https://www.zdic.net/hans/龢/jiaguwen,3,龢前2.45.2 合1240 賓組,龢前2.45.2 合1240 賓組 | 龢寧滬1.73 合30693 無名組 | 龢京津4832,https://img.zdic.net/zy/jiaguwen/41_EB56.svg;https://img.zdic.net/zy/jiaguwen/41_EB57.svg;https://img.zdic.net/zy/jiaguwen/41_EB58.svg,glyphs/0290_龢_0.png;glyphs/0290_龢_1.png;glyphs/0290_龢_2.png
291,交,淡蓝 #7396FF,L2,淡蓝同批·待核,hans（/交/jiaguwen）,https://www.zdic.net/hans/交/jiaguwen,6,交甲806 合32509 歷組,交甲806 合32509 歷組 | 交甲806 合32509 歷組 | 交甲806 合32509 歷組 | 交甲961 合20799 | 交簠雜127 合15667 賓組 | 交掇2.66,https://img.zdic.net/zy/jiaguwen/43_E6D0.svg;https://img.zdic.net/zy/jiaguwen/43_E6D1.svg;https://img.zdic.net/zy/jiaguwen/43_E6D2.svg;https://img.zdic.net/zy/jiaguwen/43_E6D4.svg;https://img.zdic.net/zy/jiaguwen/43_E6D5.svg;https://img.zdic.net/zy/jiaguwen/43_E6D6.svg,glyphs/0291_交_0.png;glyphs/0291_交_1.png;glyphs/0291_交_2.png;glyphs/0291_交_3.png;glyphs/0291_交_4.png;glyphs/0291_交_5.png
292,仑,深色,ok,—,hans（/仑/jiaguwen）,https://www.zdic.net/hans/仑/jiaguwen,1,仑存477 合18690 賓組,仑存477 合18690 賓組,https://img.zdic.net/zy/jiaguwen/45_E3E2.svg,glyphs/0292_仑_0.png
293,仔,淡蓝 #7396FF,L2,淡蓝同批·待核,hans（/仔/jiaguwen）,https://www.zdic.net/hans/仔/jiaguwen,57,仔菁6.1 合137 賓組,仔菁6.1 合137 賓組 | 仔鐵108.1 合911 | 仔鐵122.1 | 仔佚137 合28060 無名組 | 仔佚383背 合19957 賓組 | 仔燕2 合13399 賓組 | 仔前4.13.1 合3753 賓組 | 仔後2.19.3 合6960 𠂤賓間 | 仔甲144 合15536 賓組 | 仔甲2911 合2763 賓組 | 仔鄴初下.38.9 合25678 出組 | 仔鄴3下.35.10 合33898 歷組 | 仔鄴3下.36.6 合32077 無名組 | 仔鄴3下.38.3 合33468 無名組 | 仔前3.7.5 合38034 黃組 | 仔前1.38.4 合1249 賓組 | 仔後1.7.5 合32732 | 仔戩15.6 合33841 | 仔戩17.2 合33886 歷組 | 仔戩39.14 合30640 何組 | 仔佚230 合33845 | 仔佚233 合32418 歷組 | 仔戩2.7 合19820 𠂤組 | 仔前8.1.5 合21577 子組 | 仔後2.5.14 合19847 𠂤組 | 仔後2.10.10 合30771 何組 | 仔後2.24.5 合2758 | 仔佚233 合32418 歷組 | 仔佚911 合19820 𠂤組 | 仔佚300 合20794 𠂤組 | 仔甲2299 合35265 | 仔甲2908 合19946 𠂤組 | 仔鄴初下.33.4 合22765 | 仔乙9084 合20463 𠂤組 | 仔甲622 合33208 賓組 | 仔甲204 合22375 子組 | 仔甲1607 合31655 何組 | 仔甲2418 合22507 子組 | 仔甲2907 合19946 𠂤組 | 仔乙222 合20831 𠂤組 | 仔鐵256.1 合38765 | 仔前1.5.4 合35546 | 仔前3.4.1 合38012 | 仔前3.7.2 合37994 | 仔前3.7.3 合38012 | 仔前3.10.2 | 仔林1.15.6 合38025 黃組 | 仔林1.17.8 | 仔林1.16.2 合38035 黃組 | 仔佚59 合35261 賓組 | 仔燕261 合35977 | 仔甲1861 | 仔鄴初下.41.11 合28511 何組 | 仔存2711 | 仔存2740 | 仔乙413 合20351 𠂤組 | 仔京都2270,https://img.zdic.net/zy/jiaguwen/43_F77B.svg;https://img.zdic.net/zy/jiaguwen/43_F77C.svg;https://img.zdic.net/zy/jiaguwen/43_F77D.svg;https://img.zdic.net/zy/jiaguwen/43_F77E.svg;https://img.zdic.net/zy/jiaguwen/43_F77F.svg;https://img.zdic.net/zy/jiaguwen/43_F780.svg;https://img.zdic.net/zy/jiaguwen/43_F781.svg;https://img.zdic.net/zy/jiaguwen/43_F782.svg;https://img.zdic.net/zy/jiaguwen/43_F783.svg;https://img.zdic.net/zy/jiaguwen/43_F784.svg;https://img.zdic.net/zy/jiaguwen/43_F785.svg;https://img.zdic.net/zy/jiaguwen/43_F786.svg;https://img.zdic.net/zy/jiaguwen/43_F787.svg;https://img.zdic.net/zy/jiaguwen/43_F788.svg;https://img.zdic.net/zy/jiaguwen/43_F789.svg;https://img.zdic.net/zy/jiaguwen/43_F78A.svg;https://img.zdic.net/zy/jiaguwen/43_F78B.svg;https://img.zdic.net/zy/jiaguwen/43_F78C.svg;https://img.zdic.net/zy/jiaguwen/43_F78D.svg;https://img.zdic.net/zy/jiaguwen/43_F78E.svg;https://img.zdic.net/zy/jiaguwen/43_F78F.svg;https://img.zdic.net/zy/jiaguwen/43_F790.svg;https://img.zdic.net/zy/jiaguwen/43_F791.svg;https://img.zdic.net/zy/jiaguwen/43_F792.svg;https://img.zdic.net/zy/jiaguwen/43_F793.svg;https://img.zdic.net/zy/jiaguwen/43_F794.svg;https://img.zdic.net/zy/jiaguwen/43_F795.svg;https://img.zdic.net/zy/jiaguwen/43_F796.svg;https://img.zdic.net/zy/jiaguwen/43_F797.svg;https://img.zdic.net/zy/jiaguwen/43_F798.svg;https://img.zdic.net/zy/jiaguwen/43_F799.svg;https://img.zdic.net/zy/jiaguwen/43_F79A.svg;https://img.zdic.net/zy/jiaguwen/43_F79B.svg;https://img.zdic.net/zy/jiaguwen/43_F79C.svg;https://img.zdic.net/zy/jiaguwen/43_F79D.svg;https://img.zdic.net/zy/jiaguwen/43_F79E.svg;https://img.zdic.net/zy/jiaguwen/43_F79F.svg;https://img.zdic.net/zy/jiaguwen/43_F7A0.svg;https://img.zdic.net/zy/jiaguwen/43_F7A1.svg;https://img.zdic.net/zy/jiaguwen/43_F7A2.svg;https://img.zdic.net/zy/jiaguwen/43_F7A3.svg;https://img.zdic.net/zy/jiaguwen/43_F7A4.svg;https://img.zdic.net/zy/jiaguwen/43_F7A5.svg;https://img.zdic.net/zy/jiaguwen/43_F7A6.svg;https://img.zdic.net/zy/jiaguwen/43_F7A7.svg;https://img.zdic.net/zy/jiaguwen/43_F7A8.svg;https://img.zdic.net/zy/jiaguwen/43_F7A9.svg;https://img.zdic.net/zy/jiaguwen/43_F7AA.svg;https://img.zdic.net/zy/jiaguwen/43_F7AB.svg;https://img.zdic.net/zy/jiaguwen/43_F7AC.svg;https://img.zdic.net/zy/jiaguwen/43_F7AD.svg;https://img.zdic.net/zy/jiaguwen/43_F7AE.svg;https://img.zdic.net/zy/jiaguwen/43_F7AF.svg;https://img.zdic.net/zy/jiaguwen/43_F7B0.svg;https://img.zdic.net/zy/jiaguwen/43_F7B1.svg;https://img.zdic.net/zy/jiaguwen/43_F7B2.svg;https://img.zdic.net/zy/jiaguwen/43_F7B3.svg,glyphs/0293_仔_0.png;glyphs/0293_仔_1.png;glyphs/0293_仔_2.png;glyphs/0293_仔_3.png;glyphs/0293_仔_4.png;glyphs/0293_仔_5.png;glyphs/0293_仔_6.png;glyphs/0293_仔_7.png;glyphs/0293_仔_8.png;glyphs/0293_仔_9.png;glyphs/0293_仔_10.png;glyphs/0293_仔_11.png;glyphs/0293_仔_12.png;glyphs/0293_仔_13.png;glyphs/0293_仔_14.png;glyphs/0293_仔_15.png;glyphs/0293_仔_16.png;glyphs/0293_仔_17.png;glyphs/0293_仔_18.png;glyphs/0293_仔_19.png;glyphs/0293_仔_20.png;glyphs/0293_仔_21.png;glyphs/0293_仔_22.png;glyphs/0293_仔_23.png;glyphs/0293_仔_24.png;glyphs/0293_仔_25.png;glyphs/0293_仔_26.png;glyphs/0293_仔_27.png;glyphs/0293_仔_28.png;glyphs/0293_仔_29.png;glyphs/0293_仔_30.png;glyphs/0293_仔_31.png;glyphs/0293_仔_32.png;glyphs/0293_仔_33.png;glyphs/0293_仔_34.png;glyphs/0293_仔_35.png;glyphs/0293_仔_36.png;glyphs/0293_仔_37.png;glyphs/0293_仔_38.png;glyphs/0293_仔_39.png;glyphs/0293_仔_40.png;glyphs/0293_仔_41.png;glyphs/0293_仔_42.png;glyphs/0293_仔_43.png;glyphs/0293_仔_44.png;glyphs/0293_仔_45.png;glyphs/0293_仔_46.png;glyphs/0293_仔_47.png;glyphs/0293_仔_48.png;glyphs/0293_仔_49.png;glyphs/0293_仔_50.png;glyphs/0293_仔_51.png;glyphs/0293_仔_52.png;glyphs/0293_仔_53.png;glyphs/0293_仔_54.png;glyphs/0293_仔_55.png;glyphs/0293_仔_56.png
294,份,淡蓝 #7396FF,L1,实证错配·与金文表同图,hans（/份/jiaguwen）,https://www.zdic.net/hans/份/jiaguwen,4,份鐵38.4 合19632 賓組,份鐵38.4 合19632 賓組 | 份前5.45.7 合11398 賓組 | 份續6.25.9 | 份中大43,https://img.zdic.net/zy/jiaguwen/41_E3A3.svg;https://img.zdic.net/zy/jiaguwen/41_E3A4.svg;https://img.zdic.net/zy/jiaguwen/41_E3A5.svg;https://img.zdic.net/zy/jiaguwen/41_E3A6.svg,glyphs/0294_份_0.png;glyphs/0294_份_1.png;glyphs/0294_份_2.png;glyphs/0294_份_3.png
295,佃,淡蓝 #7396FF,L2,淡蓝同批·待核,hans（/佃/jiaguwen）,https://www.zdic.net/hans/佃/jiaguwen,20,佃粹1222 合33213 歷組,佃粹1222 合33213 歷組 | 佃粹1223 合33211 歷組 | 佃粹1224 合33218 歷組 | 佃粹1544 合33212 歷組 | 佃粹1545B 合32992 歷組 | 佃拾6.1 合8140 | 佃拾6.7 合24155 出組 | 佃鐵85.1 合13312 賓組 | 佃前2.12.3 合37639 | 佃前4.5.6 合37464 黃組 | 佃前6.11.1 合10559 賓組 | 佃後1.14.2 合29251 | 佃後1.21.5 合32217 歷組 | 佃菁1.1 合6057 賓組 | 佃鄴3下.44.6 合32026 歷組 | 佃甲673 合29354 無名組 | 佃甲1052 | 佃乙603 合9608 賓組 | 佃乙1155 合9472 賓組 | 佃中大33,https://img.zdic.net/zy/jiaguwen/43_F30E.svg;https://img.zdic.net/zy/jiaguwen/43_F30F.svg;https://img.zdic.net/zy/jiaguwen/43_F310.svg;https://img.zdic.net/zy/jiaguwen/43_F311.svg;https://img.zdic.net/zy/jiaguwen/43_F312.svg;https://img.zdic.net/zy/jiaguwen/43_F313.svg;https://img.zdic.net/zy/jiaguwen/43_F314.svg;https://img.zdic.net/zy/jiaguwen/43_F315.svg;https://img.zdic.net/zy/jiaguwen/43_F316.svg;https://img.zdic.net/zy/jiaguwen/43_F317.svg;https://img.zdic.net/zy/jiaguwen/43_F318.svg;https://img.zdic.net/zy/jiaguwen/43_F319.svg;https://img.zdic.net/zy/jiaguwen/43_F31A.svg;https://img.zdic.net/zy/jiaguwen/43_F31B.svg;https://img.zdic.net/zy/jiaguwen/43_F31C.svg;https://img.zdic.net/zy/jiaguwen/43_F31D.svg;https://img.zdic.net/zy/jiaguwen/43_F31E.svg;https://img.zdic.net/zy/jiaguwen/43_F31F.svg;https://img.zdic.net/zy/jiaguwen/43_F320.svg;https://img.zdic.net/zy/jiaguwen/43_F321.svg,glyphs/0295_佃_0.png;glyphs/0295_佃_1.png;glyphs/0295_佃_2.png;glyphs/0295_佃_3.png;glyphs/0295_佃_4.png;glyphs/0295_佃_5.png;glyphs/0295_佃_6.png;glyphs/0295_佃_7.png;glyphs/0295_佃_8.png;glyphs/0295_佃_9.png;glyphs/0295_佃_10.png;glyphs/0295_佃_11.png;glyphs/0295_佃_12.png;glyphs/0295_佃_13.png;glyphs/0295_佃_14.png;glyphs/0295_佃_15.png;glyphs/0295_佃_16.png;glyphs/0295_佃_17.png;glyphs/0295_佃_18.png;glyphs/0295_佃_19.png
296,侃,深色,ok,—,hans（/侃/jiaguwen）,https://www.zdic.net/hans/侃/jiaguwen,15,侃甲522 合28038 無名組,侃甲522 合28038 無名組 | 侃甲2608 合29382 | 侃粹1153 合26888 | 侃佚5 合26888 | 侃甲1267 合27879 出組 | 侃京都1984 | 侃京都2049 合29273 何組 | 侃京都2110 合28726 | 侃京都2129 合26883 | 侃佚951 合29185 無名組 | 侃佚951 合29185 無名組 | 侃明藏539 | 侃明藏632 | 侃甲836 合29314 | 侃佚995 合37439 黃組,https://img.zdic.net/zy/jiaguwen/41_E700.svg;https://img.zdic.net/zy/jiaguwen/41_E701.svg;https://img.zdic.net/zy/jiaguwen/41_E702.svg;https://img.zdic.net/zy/jiaguwen/41_E703.svg;https://img.zdic.net/zy/jiaguwen/41_E704.svg;https://img.zdic.net/zy/jiaguwen/41_E705.svg;https://img.zdic.net/zy/jiaguwen/41_E706.svg;https://img.zdic.net/zy/jiaguwen/41_E707.svg;https://img.zdic.net/zy/jiaguwen/41_E708.svg;https://img.zdic.net/zy/jiaguwen/41_E709.svg;https://img.zdic.net/zy/jiaguwen/41_E70A.svg;https://img.zdic.net/zy/jiaguwen/41_E70B.svg;https://img.zdic.net/zy/jiaguwen/41_E70C.svg;https://img.zdic.net/zy/jiaguwen/41_E70D.svg;https://img.zdic.net/zy/jiaguwen/41_E70E.svg,glyphs/0296_侃_0.png;glyphs/0296_侃_1.png;glyphs/0296_侃_2.png;glyphs/0296_侃_3.png;glyphs/0296_侃_4.png;glyphs/0296_侃_5.png;glyphs/0296_侃_6.png;glyphs/0296_侃_7.png;glyphs/0296_侃_8.png;glyphs/0296_侃_9.png;glyphs/0296_侃_10.png;glyphs/0296_侃_11.png;glyphs/0296_侃_12.png;glyphs/0296_侃_13.png;glyphs/0296_侃_14.png
297,侮,淡蓝 #7396FF,L2,淡蓝同批·待核,hans（/侮/jiaguwen）,https://www.zdic.net/hans/侮/jiaguwen,1,侮粹1318 合35321 歷組,侮粹1318 合35321 歷組,https://img.zdic.net/zy/jiaguwen/42_F51A.svg,glyphs/0297_侮_0.png
298,冠,深色,ok,—,hans（/冠/jiaguwen）,https://www.zdic.net/hans/冠/jiaguwen,2,冠乙5329 合10976 賓組,冠乙5329 合10976 賓組 | 冠乙5303 合6947 賓組,https://img.zdic.net/zy/jiaguwen/45_EC7A.svg;https://img.zdic.net/zy/jiaguwen/45_EC7B.svg,glyphs/0298_冠_0.png;glyphs/0298_冠_1.png
299,剥,深色,ok,—,hans（/剥/jiaguwen）,https://www.zdic.net/hans/剥/jiaguwen,1,剥甲3153 合22376 子組,剥甲3153 合22376 子組,https://img.zdic.net/zy/jiaguwen/42_E265.svg,glyphs/0299_剥_0.png
300,劳,深色,ok,—,hans（/劳/jiaguwen）,https://www.zdic.net/hans/劳/jiaguwen,6,劳前6.34.4 合24316,劳前6.34.4 合24316 | 劳後2.25.5 合24317 出組 | 劳後2.25.11 合24302 | 劳粹1209 合24309 | 劳河230 合24293 | 劳京津3643 合24286 出組,https://img.zdic.net/zy/jiaguwen/45_EC2B.svg;https://img.zdic.net/zy/jiaguwen/45_EC2C.svg;https://img.zdic.net/zy/jiaguwen/45_EC2D.svg;https://img.zdic.net/zy/jiaguwen/45_EC2E.svg;https://img.zdic.net/zy/jiaguwen/45_EC2F.svg;https://img.zdic.net/zy/jiaguwen/45_EC30.svg,glyphs/0300_劳_0.png;glyphs/0300_劳_1.png;glyphs/0300_劳_2.png;glyphs/0300_劳_3.png;glyphs/0300_劳_4.png;glyphs/0300_劳_5.png
301,卢,深色,ok,—,hans（/卢/jiaguwen）,https://www.zdic.net/hans/卢/jiaguwen,10,卢粹109 合32350 歷組,卢粹109 合32350 歷組 | 卢甲886 合34681 𠂤歷間 | 卢甲1626 合29303 | 卢林2.22.5 合21642 | 卢鄴3下.36.9 合28095 無名組 | 卢京津4769 合27880 出組 | 卢庫986 合21032 | 卢鄴3下.41.9 合34680 歷組 | 卢甲3652 合27041 | 卢存1949 合28016 無名組,https://img.zdic.net/zy/jiaguwen/42_E5FD.svg;https://img.zdic.net/zy/jiaguwen/42_E5FE.svg;https://img.zdic.net/zy/jiaguwen/42_E5FF.svg;https://img.zdic.net/zy/jiaguwen/42_E600.svg;https://img.zdic.net/zy/jiaguwen/42_E601.svg;https://img.zdic.net/zy/jiaguwen/42_E602.svg;https://img.zdic.net/zy/jiaguwen/42_E603.svg;https://img.zdic.net/zy/jiaguwen/42_E604.svg;https://img.zdic.net/zy/jiaguwen/42_E605.svg;https://img.zdic.net/zy/jiaguwen/42_E606.svg,glyphs/0301_卢_0.png;glyphs/0301_卢_1.png;glyphs/0301_卢_2.png;glyphs/0301_卢_3.png;glyphs/0301_卢_4.png;glyphs/0301_卢_5.png;glyphs/0301_卢_6.png;glyphs/0301_卢_7.png;glyphs/0301_卢_8.png;glyphs/0301_卢_9.png
302,历,深色,ok,—,hans（/历/jiaguwen）,https://www.zdic.net/hans/历/jiaguwen,16,历甲544 合32826,历甲544 合32826 | 历甲556 合32816 | 历前1.33.1 合10682 賓組 | 历後2.11.3 合32819 | 历後2.11.4 合34599 歷組 | 历後2.11.5 合32825 | 历後2.11.6 合32824 | 历戩40.3 合32818 | 历京津4387 合32815 歷組 | 历京津4709 合32823 | 历京津4710 合32825 | 历存2202 合32822 | 历坊間2.200 | 历寧滬1.446 合32821 | 历寧滬1.446 合32821 | 历京都264 合10425 賓組,https://img.zdic.net/zy/jiaguwen/41_E75B.svg;https://img.zdic.net/zy/jiaguwen/41_E75C.svg;https://img.zdic.net/zy/jiaguwen/41_E75D.svg;https://img.zdic.net/zy/jiaguwen/41_E75E.svg;https://img.zdic.net/zy/jiaguwen/41_E75F.svg;https://img.zdic.net/zy/jiaguwen/41_E760.svg;https://img.zdic.net/zy/jiaguwen/41_E761.svg;https://img.zdic.net/zy/jiaguwen/41_E762.svg;https://img.zdic.net/zy/jiaguwen/41_E763.svg;https://img.zdic.net/zy/jiaguwen/41_E764.svg;https://img.zdic.net/zy/jiaguwen/41_E765.svg;https://img.zdic.net/zy/jiaguwen/41_E766.svg;https://img.zdic.net/zy/jiaguwen/41_E767.svg;https://img.zdic.net/zy/jiaguwen/41_E768.svg;https://img.zdic.net/zy/jiaguwen/41_E769.svg;https://img.zdic.net/zy/jiaguwen/41_E76A.svg,glyphs/0302_历_0.png;glyphs/0302_历_1.png;glyphs/0302_历_2.png;glyphs/0302_历_3.png;glyphs/0302_历_4.png;glyphs/0302_历_5.png;glyphs/0302_历_6.png;glyphs/0302_历_7.png;glyphs/0302_历_8.png;glyphs/0302_历_9.png;glyphs/0302_历_10.png;glyphs/0302_历_11.png;glyphs/0302_历_12.png;glyphs/0302_历_13.png;glyphs/0302_历_14.png;glyphs/0302_历_15.png
303,吏,深色,ok,—,hans（/吏/jiaguwen）,https://www.zdic.net/hans/吏/jiaguwen,22,吏甲40 合16599,吏甲40 合16599 | 吏甲2121 合9560 賓組 | 吏甲2846 合16710 | 吏鐵250.1 合6226 賓組 | 吏前5.23.3 合4109 | 吏乙7764 合6771 賓組 | 吏師友2.28 | 吏林2.11.16 合24 賓組 | 吏戩36.12 合5514 賓組 | 吏京都215 合16823 | 吏甲68 合5557 賓組 | 吏乙7179 合22015 | 吏輔仁28 | 吏福36 合7322 | 吏佚41 | 吏京津2220 合4722 賓組 | 吏戩26.9 合5537 | 吏乙2766 合5489 | 吏河622 合24116 出組 | 吏鐵123.3 合5469 | 吏佚870 合1291 賓組 | 吏京都923 合5482,https://img.zdic.net/zy/jiaguwen/41_E04D.svg;https://img.zdic.net/zy/jiaguwen/41_E04E.svg;https://img.zdic.net/zy/jiaguwen/41_E04F.svg;https://img.zdic.net/zy/jiaguwen/41_E050.svg;https://img.zdic.net/zy/jiaguwen/41_E051.svg;https://img.zdic.net/zy/jiaguwen/41_E052.svg;https://img.zdic.net/zy/jiaguwen/41_E053.svg;https://img.zdic.net/zy/jiaguwen/41_E054.svg;https://img.zdic.net/zy/jiaguwen/41_E055.svg;https://img.zdic.net/zy/jiaguwen/41_E056.svg;https://img.zdic.net/zy/jiaguwen/41_E057.svg;https://img.zdic.net/zy/jiaguwen/41_E058.svg;https://img.zdic.net/zy/jiaguwen/41_E059.svg;https://img.zdic.net/zy/jiaguwen/41_E05A.svg;https://img.zdic.net/zy/jiaguwen/41_E05B.svg;https://img.zdic.net/zy/jiaguwen/41_E05C.svg;https://img.zdic.net/zy/jiaguwen/41_E05D.svg;https://img.zdic.net/zy/jiaguwen/41_E05E.svg;https://img.zdic.net/zy/jiaguwen/41_E05F.svg;https://img.zdic.net/zy/jiaguwen/41_E060.svg;https://img.zdic.net/zy/jiaguwen/41_E061.svg;https://img.zdic.net/zy/jiaguwen/41_E062.svg,glyphs/0303_吏_0.png;glyphs/0303_吏_1.png;glyphs/0303_吏_2.png;glyphs/0303_吏_3.png;glyphs/0303_吏_4.png;glyphs/0303_吏_5.png;glyphs/0303_吏_6.png;glyphs/0303_吏_7.png;glyphs/0303_吏_8.png;glyphs/0303_吏_9.png;glyphs/0303_吏_10.png;glyphs/0303_吏_11.png;glyphs/0303_吏_12.png;glyphs/0303_吏_13.png;glyphs/0303_吏_14.png;glyphs/0303_吏_15.png;glyphs/0303_吏_16.png;glyphs/0303_吏_17.png;glyphs/0303_吏_18.png;glyphs/0303_吏_19.png;glyphs/0303_吏_20.png;glyphs/0303_吏_21.png
304,呈,淡蓝 #7396FF,L2,淡蓝同批·待核,hans（/呈/jiaguwen）,https://www.zdic.net/hans/呈/jiaguwen,4,呈粹417 合30463 無名黃間,呈粹417 合30463 無名黃間 | 呈京津4461 合29350 | 呈坊間1.33 | 呈摭續121 合28799 無名組,https://img.zdic.net/zy/jiaguwen/43_E606.svg;https://img.zdic.net/zy/jiaguwen/43_E607.svg;https://img.zdic.net/zy/jiaguwen/43_E608.svg;https://img.zdic.net/zy/jiaguwen/43_E609.svg,glyphs/0304_呈_0.png;glyphs/0304_呈_1.png;glyphs/0304_呈_2.png;glyphs/0304_呈_3.png
305,喙,淡蓝 #7396FF,L2,淡蓝同批·待核,hans（/喙/jiaguwen）,https://www.zdic.net/hans/喙/jiaguwen,14,喙乙4518 合9774 賓組,喙乙4518 合9774 賓組 | 喙乙4733 合14395 賓組 | 喙乙8712 合22322 子組 | 喙乙8893 合22323 子組 | 喙乙8898 合22324 子組 | 喙乙8946 合22322 子組 | 喙續4.18.8 合12484 賓組 | 喙前5.46.3 合8211 | 喙前5.47.3 合14504 | 喙菁11.6 合21435 𠂤歷間 | 喙佚359 合14650 賓組 | 喙續2.26.11 合22434 子組 | 喙佚359 合14650 賓組 | 喙陳53 合14650 賓組,https://img.zdic.net/zy/jiaguwen/41_E51D.svg;https://img.zdic.net/zy/jiaguwen/41_E51E.svg;https://img.zdic.net/zy/jiaguwen/41_E51F.svg;https://img.zdic.net/zy/jiaguwen/41_E520.svg;https://img.zdic.net/zy/jiaguwen/41_E521.svg;https://img.zdic.net/zy/jiaguwen/41_E522.svg;https://img.zdic.net/zy/jiaguwen/41_E523.svg;https://img.zdic.net/zy/jiaguwen/41_E524.svg;https://img.zdic.net/zy/jiaguwen/41_E525.svg;https://img.zdic.net/zy/jiaguwen/41_E526.svg;https://img.zdic.net/zy/jiaguwen/41_E527.svg;https://img.zdic.net/zy/jiaguwen/41_E528.svg;https://img.zdic.net/zy/jiaguwen/41_E529.svg;https://img.zdic.net/zy/jiaguwen/41_E52A.svg,glyphs/0305_喙_0.png;glyphs/0305_喙_1.png;glyphs/0305_喙_2.png;glyphs/0305_喙_3.png;glyphs/0305_喙_4.png;glyphs/0305_喙_5.png;glyphs/0305_喙_6.png;glyphs/0305_喙_7.png;glyphs/0305_喙_8.png;glyphs/0305_喙_9.png;glyphs/0305_喙_10.png;glyphs/0305_喙_11.png;glyphs/0305_喙_12.png;glyphs/0305_喙_13.png
306,坐,深色,ok,—,hans（/坐/jiaguwen）,https://www.zdic.net/hans/坐/jiaguwen,11,坐甲1053,坐甲1053 | 坐乙1170 合1779 賓組 | 坐乙2525 合1779 賓組 | 坐乙3472 合975 賓組 | 坐乙3989 合16998 賓組 | 坐後2.2.4 合21361 𠂤組 | 坐京津2532 合11262 | 坐存785 合8131 | 坐摭15 合5357 賓組 | 坐庫239 合40613 | 坐佚538 合8131,https://img.zdic.net/zy/jiaguwen/42_EF67.svg;https://img.zdic.net/zy/jiaguwen/42_EF69.svg;https://img.zdic.net/zy/jiaguwen/42_EF6A.svg;https://img.zdic.net/zy/jiaguwen/42_EF6B.svg;https://img.zdic.net/zy/jiaguwen/42_EF6C.svg;https://img.zdic.net/zy/jiaguwen/42_EF6F.svg;https://img.zdic.net/zy/jiaguwen/42_EF70.svg;https://img.zdic.net/zy/jiaguwen/42_EF74.svg;https://img.zdic.net/zy/jiaguwen/42_EF75.svg;https://img.zdic.net/zy/jiaguwen/42_EF76.svg;https://img.zdic.net/zy/jiaguwen/42_EF77.svg,glyphs/0306_坐_0.png;glyphs/0306_坐_1.png;glyphs/0306_坐_2.png;glyphs/0306_坐_3.png;glyphs/0306_坐_4.png;glyphs/0306_坐_5.png;glyphs/0306_坐_6.png;glyphs/0306_坐_7.png;glyphs/0306_坐_8.png;glyphs/0306_坐_9.png;glyphs/0306_坐_10.png
307,坠,淡蓝 #7396FF,L2,淡蓝同批·待核,hans（/坠/jiaguwen）,https://www.zdic.net/hans/坠/jiaguwen,6,坠前5.21.1 合17310,坠前5.21.1 合17310 | 坠金124 合41027 | 坠粹1580 合18789 | 坠明藏146 | 坠菁3.1 合10405 賓組 | 坠甲347 合18752 賓組,https://img.zdic.net/zy/jiaguwen/43_F4C2.svg;https://img.zdic.net/zy/jiaguwen/43_F4C3.svg;https://img.zdic.net/zy/jiaguwen/43_F4C4.svg;https://img.zdic.net/zy/jiaguwen/43_F4C5.svg;https://img.zdic.net/zy/jiaguwen/43_F4C6.svg;https://img.zdic.net/zy/jiaguwen/43_F4C7.svg,glyphs/0307_坠_0.png;glyphs/0307_坠_1.png;glyphs/0307_坠_2.png;glyphs/0307_坠_3.png;glyphs/0307_坠_4.png;glyphs/0307_坠_5.png
308,埃,淡蓝 #7396FF,L2,淡蓝同批·待核,hans（/埃/jiaguwen）,https://www.zdic.net/hans/埃/jiaguwen,45,埃乙5403 合7352 賓組,埃乙5403 合7352 賓組 | 埃乙8751 合10513 𠂤賓間 | 埃前2.31.5 合37378 黃組 | 埃前7.24.1 合5843 | 埃掇2.168 合26886 | 埃鄴3下.44.5 合26897 無名組 | 埃粹1153 合26888 | 埃京津2600 合8874 賓組 | 埃京津4400 合26882 何組 | 埃京津4401 合26890 | 埃京津4911 合28138 無名組 | 埃存下805 合26886 | 埃寧滬1.511 合26891 | 埃通別2.4.12 | 埃輔仁106 | 埃佚5 合26888 | 埃佚922 合26884 | 埃佚922 合26884 | 埃佚990 合10921 賓組 | 埃前2.11.6 合37455 黃組 | 埃前2.30.1 合37367 黃組 | 埃前2.30.4 合37399 | 埃前2.34.6 合37486 | 埃前4.44.1 合37412 | 埃後1.14.10 合37478 | 埃後2.6.4 合18335 賓組 | 埃掇2.203 合37368 黃組 | 埃掇2.216 合37364 | 埃續3.17.3 合37510 | 埃續3.18.1 合37365 | 埃坊間1.100 | 埃存2370 合37364 | 埃庫1536 合41801 | 埃明99 合24446 出組 | 埃陳86 合37500 黃組 | 埃京都50 合2423 | 埃甲2562 合35344 | 埃前2.8.5 合36346 何組 | 埃前2.18.2 合35346 黃組 | 埃前5.6.1 合35347 黃組 | 埃林1.24.16 合35348 | 埃京都2129 合26883 | 埃京都2146 合27996 無名組 | 埃鄴3下.38.2 合26879 無名組 | 埃鄴3下.39.10 合26880 無名組,https://img.zdic.net/zy/jiaguwen/41_F712.svg;https://img.zdic.net/zy/jiaguwen/41_F713.svg;https://img.zdic.net/zy/jiaguwen/41_F714.svg;https://img.zdic.net/zy/jiaguwen/41_F715.svg;https://img.zdic.net/zy/jiaguwen/41_F716.svg;https://img.zdic.net/zy/jiaguwen/41_F717.svg;https://img.zdic.net/zy/jiaguwen/41_F718.svg;https://img.zdic.net/zy/jiaguwen/41_F719.svg;https://img.zdic.net/zy/jiaguwen/41_F71A.svg;https://img.zdic.net/zy/jiaguwen/41_F71B.svg;https://img.zdic.net/zy/jiaguwen/41_F71C.svg;https://img.zdic.net/zy/jiaguwen/41_F71D.svg;https://img.zdic.net/zy/jiaguwen/41_F71E.svg;https://img.zdic.net/zy/jiaguwen/41_F71F.svg;https://img.zdic.net/zy/jiaguwen/41_F720.svg;https://img.zdic.net/zy/jiaguwen/41_F721.svg;https://img.zdic.net/zy/jiaguwen/41_F722.svg;https://img.zdic.net/zy/jiaguwen/41_F723.svg;https://img.zdic.net/zy/jiaguwen/41_F724.svg;https://img.zdic.net/zy/jiaguwen/41_F725.svg;https://img.zdic.net/zy/jiaguwen/41_F726.svg;https://img.zdic.net/zy/jiaguwen/41_F727.svg;https://img.zdic.net/zy/jiaguwen/41_F728.svg;https://img.zdic.net/zy/jiaguwen/41_F729.svg;https://img.zdic.net/zy/jiaguwen/41_F72A.svg;https://img.zdic.net/zy/jiaguwen/41_F72B.svg;https://img.zdic.net/zy/jiaguwen/41_F72C.svg;https://img.zdic.net/zy/jiaguwen/41_F72D.svg;https://img.zdic.net/zy/jiaguwen/41_F72E.svg;https://img.zdic.net/zy/jiaguwen/41_F72F.svg;https://img.zdic.net/zy/jiaguwen/41_F730.svg;https://img.zdic.net/zy/jiaguwen/41_F731.svg;https://img.zdic.net/zy/jiaguwen/41_F732.svg;https://img.zdic.net/zy/jiaguwen/41_F733.svg;https://img.zdic.net/zy/jiaguwen/41_F734.svg;https://img.zdic.net/zy/jiaguwen/41_F735.svg;https://img.zdic.net/zy/jiaguwen/41_F736.svg;https://img.zdic.net/zy/jiaguwen/41_F737.svg;https://img.zdic.net/zy/jiaguwen/41_F738.svg;https://img.zdic.net/zy/jiaguwen/41_F739.svg;https://img.zdic.net/zy/jiaguwen/41_F73A.svg;https://img.zdic.net/zy/jiaguwen/41_F73B.svg;https://img.zdic.net/zy/jiaguwen/41_F73C.svg;https://img.zdic.net/zy/jiaguwen/41_F73D.svg;https://img.zdic.net/zy/jiaguwen/41_F73E.svg,glyphs/0308_埃_0.png;glyphs/0308_埃_1.png;glyphs/0308_埃_2.png;glyphs/0308_埃_3.png;glyphs/0308_埃_4.png;glyphs/0308_埃_5.png;glyphs/0308_埃_6.png;glyphs/0308_埃_7.png;glyphs/0308_埃_8.png;glyphs/0308_埃_9.png;glyphs/0308_埃_10.png;glyphs/0308_埃_11.png;glyphs/0308_埃_12.png;glyphs/0308_埃_13.png;glyphs/0308_埃_14.png;glyphs/0308_埃_15.png;glyphs/0308_埃_16.png;glyphs/0308_埃_17.png;glyphs/0308_埃_18.png;glyphs/0308_埃_19.png;glyphs/0308_埃_20.png;glyphs/0308_埃_21.png;glyphs/0308_埃_22.png;glyphs/0308_埃_23.png;glyphs/0308_埃_24.png;glyphs/0308_埃_25.png;glyphs/0308_埃_26.png;glyphs/0308_埃_27.png;glyphs/0308_埃_28.png;glyphs/0308_埃_29.png;glyphs/0308_埃_30.png;glyphs/0308_埃_31.png;glyphs/0308_埃_32.png;glyphs/0308_埃_33.png;glyphs/0308_埃_34.png;glyphs/0308_埃_35.png;glyphs/0308_埃_36.png;glyphs/0308_埃_37.png;glyphs/0308_埃_38.png;glyphs/0308_埃_39.png;glyphs/0308_埃_40.png;glyphs/0308_埃_41.png;glyphs/0308_埃_42.png;glyphs/0308_埃_43.png;glyphs/0308_埃_44.png
309,奔,深色,ok,—,hans（/奔/jiaguwen）,https://www.zdic.net/hans/奔/jiaguwen,7,奔乙25 合19875 𠂤組,奔乙25 合19875 𠂤組 | 奔掇2.130 合26993 無名組 | 奔佚96 合34677 | 奔佚543 合302 賓組 | 奔拾12.17 合13764 𠂤賓間 | 奔後1.28.3 合301 賓組 | 奔後2.20.16 合20190 𠂤組,https://img.zdic.net/zy/jiaguwen/42_EE37.svg;https://img.zdic.net/zy/jiaguwen/42_EE38.svg;https://img.zdic.net/zy/jiaguwen/42_EE39.svg;https://img.zdic.net/zy/jiaguwen/42_EE3A.svg;https://img.zdic.net/zy/jiaguwen/42_EE3B.svg;https://img.zdic.net/zy/jiaguwen/42_EE3C.svg;https://img.zdic.net/zy/jiaguwen/42_EE3D.svg,glyphs/0309_奔_0.png;glyphs/0309_奔_1.png;glyphs/0309_奔_2.png;glyphs/0309_奔_3.png;glyphs/0309_奔_4.png;glyphs/0309_奔_5.png;glyphs/0309_奔_6.png
310,妻,深色,ok,—,hans（/妻/jiaguwen）,https://www.zdic.net/hans/妻/jiaguwen,7,妻乙5162 合22049 午組,妻乙5162 合22049 午組 | 妻前5.17.5 合10145 | 妻後2.23.9 合693 賓組 | 妻續1.39.3 合331 賓組 | 妻菁2.1 合6057 賓組 | 妻乙1916 合938 賓組 | 妻鄴初下.31.7 合17382 賓組,https://img.zdic.net/zy/jiaguwen/41_F1DC.svg;https://img.zdic.net/zy/jiaguwen/41_F1DE.svg;https://img.zdic.net/zy/jiaguwen/41_F1E0.svg;https://img.zdic.net/zy/jiaguwen/41_F1E1.svg;https://img.zdic.net/zy/jiaguwen/41_F1E2.svg;https://img.zdic.net/zy/jiaguwen/41_F1E3.svg;https://img.zdic.net/zy/jiaguwen/43_EDE5.svg,glyphs/0310_妻_0.png;glyphs/0310_妻_1.png;glyphs/0310_妻_2.png;glyphs/0310_妻_3.png;glyphs/0310_妻_4.png;glyphs/0310_妻_5.png;glyphs/0310_妻_6.png
311,娀,蓝块占位,none,原表无字形,hans（/娀/jiaguwen）,https://www.zdic.net/hans/娀/jiaguwen,1,娀前2.11.3 合38244 黃組,娀前2.11.3 合38244 黃組,https://img.zdic.net/zy/jiaguwen/43_ED12.svg,glyphs/0311_娀_0.png
312,娠,深色,ok,—,hans（/娠/jiaguwen）,https://www.zdic.net/hans/娠/jiaguwen,1,娠合14070 合14070 賓組,娠合14070 合14070 賓組,https://img.zdic.net/zy/jiaguwen/44_E257.svg,glyphs/0312_娠_0.png
313,娥,深色,ok,—,hans（/娥/jiaguwen）,https://www.zdic.net/hans/娥/jiaguwen,15,娥鐵98.4 合14779,娥鐵98.4 合14779 | 娥鐵264.1 合14780 | 娥甲2123 合557 賓組 | 娥乙1379 合14787 賓組 | 娥乙1379 合14787 賓組 | 娥乙2762 合5477 賓組 | 娥林1.21.14 合10129 | 娥戩17.16 合12657 賓組 | 娥續3.48.3 合14782 | 娥掇1.380 合10128 賓組 | 娥坊間2.16 | 娥京津1161 | 娥乙8896 合22246 子組 | 娥京都115 合732 | 娥京都1542 合16973,https://img.zdic.net/zy/jiaguwen/43_ED13.svg;https://img.zdic.net/zy/jiaguwen/43_ED14.svg;https://img.zdic.net/zy/jiaguwen/43_ED15.svg;https://img.zdic.net/zy/jiaguwen/43_ED16.svg;https://img.zdic.net/zy/jiaguwen/43_ED17.svg;https://img.zdic.net/zy/jiaguwen/43_ED18.svg;https://img.zdic.net/zy/jiaguwen/43_ED19.svg;https://img.zdic.net/zy/jiaguwen/43_ED1A.svg;https://img.zdic.net/zy/jiaguwen/43_ED1B.svg;https://img.zdic.net/zy/jiaguwen/43_ED1C.svg;https://img.zdic.net/zy/jiaguwen/43_ED1D.svg;https://img.zdic.net/zy/jiaguwen/43_ED1E.svg;https://img.zdic.net/zy/jiaguwen/43_ED1F.svg;https://img.zdic.net/zy/jiaguwen/43_ED20.svg;https://img.zdic.net/zy/jiaguwen/43_ED21.svg,glyphs/0313_娥_0.png;glyphs/0313_娥_1.png;glyphs/0313_娥_2.png;glyphs/0313_娥_3.png;glyphs/0313_娥_4.png;glyphs/0313_娥_5.png;glyphs/0313_娥_6.png;glyphs/0313_娥_7.png;glyphs/0313_娥_8.png;glyphs/0313_娥_9.png;glyphs/0313_娥_10.png;glyphs/0313_娥_11.png;glyphs/0313_娥_12.png;glyphs/0313_娥_13.png;glyphs/0313_娥_14.png
314,婢,深色,ok,—,hans（/婢/jiaguwen）,https://www.zdic.net/hans/婢/jiaguwen,2,婢寧滬1.231 合26956 無名組,婢寧滬1.231 合26956 無名組 | 婢京津5080 合35361 黃組,https://img.zdic.net/zy/jiaguwen/43_ED10.svg;https://img.zdic.net/zy/jiaguwen/43_ED11.svg,glyphs/0314_婢_0.png;glyphs/0314_婢_1.png
315,嫔,淡蓝 #7396FF,L2,淡蓝同批·待核,hans（/嫔/jiaguwen）,https://www.zdic.net/hans/嫔/jiaguwen,21,嫔鐵261.1 合2639 賓組,嫔鐵261.1 合2639 賓組 | 嫔拾10.16 合18062 賓組 | 嫔前7.20.2 合14369 | 嫔前7.27.4 合2638 賓組 | 嫔前7.27.4 合2638 賓組 | 嫔前7.30.3 合1540 賓組 | 嫔菁3.1 合10405 賓組 | 嫔佚411 | 嫔佚604 合33071 𠂤歷間 | 嫔乙6327 合15164 | 嫔乙6690 合22094 午組 | 嫔乙7520 合1248 賓組 | 嫔乙7521反 合1248反 賓組 | 嫔乙8256 合15163 | 嫔鄴初下.46.18 合15160 | 嫔京津154 合18590 | 嫔掇1.296 合15174 賓組 | 嫔乙3108 合634 賓組 | 嫔乙3109反 合634反 賓組 | 嫔乙4151 合10049 賓組 | 嫔乙9072 合20278 𠂤組,https://img.zdic.net/zy/jiaguwen/43_ED91.svg;https://img.zdic.net/zy/jiaguwen/43_ED92.svg;https://img.zdic.net/zy/jiaguwen/43_ED93.svg;https://img.zdic.net/zy/jiaguwen/43_ED94.svg;https://img.zdic.net/zy/jiaguwen/43_ED95.svg;https://img.zdic.net/zy/jiaguwen/43_ED96.svg;https://img.zdic.net/zy/jiaguwen/43_ED97.svg;https://img.zdic.net/zy/jiaguwen/43_ED98.svg;https://img.zdic.net/zy/jiaguwen/43_ED99.svg;https://img.zdic.net/zy/jiaguwen/43_ED9A.svg;https://img.zdic.net/zy/jiaguwen/43_ED9B.svg;https://img.zdic.net/zy/jiaguwen/43_ED9C.svg;https://img.zdic.net/zy/jiaguwen/43_ED9D.svg;https://img.zdic.net/zy/jiaguwen/43_ED9E.svg;https://img.zdic.net/zy/jiaguwen/43_ED9F.svg;https://img.zdic.net/zy/jiaguwen/43_EDA0.svg;https://img.zdic.net/zy/jiaguwen/43_EDA1.svg;https://img.zdic.net/zy/jiaguwen/43_EDA2.svg;https://img.zdic.net/zy/jiaguwen/43_EDA3.svg;https://img.zdic.net/zy/jiaguwen/43_EDA4.svg;https://img.zdic.net/zy/jiaguwen/43_EDA5.svg,glyphs/0315_嫔_0.png;glyphs/0315_嫔_1.png;glyphs/0315_嫔_2.png;glyphs/0315_嫔_3.png;glyphs/0315_嫔_4.png;glyphs/0315_嫔_5.png;glyphs/0315_嫔_6.png;glyphs/0315_嫔_7.png;glyphs/0315_嫔_8.png;glyphs/0315_嫔_9.png;glyphs/0315_嫔_10.png;glyphs/0315_嫔_11.png;glyphs/0315_嫔_12.png;glyphs/0315_嫔_13.png;glyphs/0315_嫔_14.png;glyphs/0315_嫔_15.png;glyphs/0315_嫔_16.png;glyphs/0315_嫔_17.png;glyphs/0315_嫔_18.png;glyphs/0315_嫔_19.png;glyphs/0315_嫔_20.png
316,孰,深色,ok,—,hans（/孰/jiaguwen）,https://www.zdic.net/hans/孰/jiaguwen,3,孰京津2676 合17936 賓組,孰京津2676 合17936 賓組 | 孰合30284 合30284 無名組 | 孰合30285 合30285 無名組,https://img.zdic.net/zy/jiaguwen/41_EE64.svg;https://img.zdic.net/zy/jiaguwen/44_E28A.svg;https://img.zdic.net/zy/jiaguwen/44_E28B.svg,glyphs/0316_孰_0.png;glyphs/0316_孰_1.png;glyphs/0316_孰_2.png
317,孽,深色,ok,—,hans（/孽/jiaguwen）,https://www.zdic.net/hans/孽/jiaguwen,12,孽鐵2.4 合17388,孽鐵2.4 合17388 | 孽前6.67.7 合17354 | 孽前7.28.1 合23711 出組 | 孽林1.26.2 合7544 賓組 | 孽林1.26.3 合17342 | 孽前5.21.4 合7406 | 孽乙1710 合7407 | 孽寧滬3.217 合41286 | 孽乙5253 合6827 賓組 | 孽乙7016 合248 賓組 | 孽乙2139 合248 賓組 | 孽京都51A,https://img.zdic.net/zy/jiaguwen/45_E3FE.svg;https://img.zdic.net/zy/jiaguwen/45_E3FF.svg;https://img.zdic.net/zy/jiaguwen/45_E400.svg;https://img.zdic.net/zy/jiaguwen/45_E401.svg;https://img.zdic.net/zy/jiaguwen/45_E402.svg;https://img.zdic.net/zy/jiaguwen/45_E403.svg;https://img.zdic.net/zy/jiaguwen/45_E404.svg;https://img.zdic.net/zy/jiaguwen/45_E405.svg;https://img.zdic.net/zy/jiaguwen/45_E406.svg;https://img.zdic.net/zy/jiaguwen/45_E407.svg;https://img.zdic.net/zy/jiaguwen/45_E408.svg;https://img.zdic.net/zy/jiaguwen/45_E409.svg,glyphs/0317_孽_0.png;glyphs/0317_孽_1.png;glyphs/0317_孽_2.png;glyphs/0317_孽_3.png;glyphs/0317_孽_4.png;glyphs/0317_孽_5.png;glyphs/0317_孽_6.png;glyphs/0317_孽_7.png;glyphs/0317_孽_8.png;glyphs/0317_孽_9.png;glyphs/0317_孽_10.png;glyphs/0317_孽_11.png
318,宙,淡蓝 #7396FF,L2,淡蓝同批·待核,hans（/宙/jiaguwen）,https://www.zdic.net/hans/宙/jiaguwen,1,宙乙763 合21966 子組,宙乙763 合21966 子組,https://img.zdic.net/zy/jiaguwen/42_F259.svg,glyphs/0318_宙_0.png
319,市,深色,ok,—,hans（/市/jiaguwen）,https://www.zdic.net/hans/市/jiaguwen,9,市佚104 合28751 無名組,市佚104 合28751 無名組 | 市後1.19.6 合27641 無名組 | 市甲1343 合27202 何組 | 市乙111 合20476 𠂤組 | 市存2225 合31120 無名組 | 市摭續193 合30131 何組 | 市珠679 合29015 無名組 | 市寧滬1.107 合28754 無名組 | 市京津4329 合30646 無名組,https://img.zdic.net/zy/jiaguwen/45_ECF7.svg;https://img.zdic.net/zy/jiaguwen/45_ECF8.svg;https://img.zdic.net/zy/jiaguwen/45_ECF9.svg;https://img.zdic.net/zy/jiaguwen/45_ECFA.svg;https://img.zdic.net/zy/jiaguwen/45_ECFB.svg;https://img.zdic.net/zy/jiaguwen/45_ECFC.svg;https://img.zdic.net/zy/jiaguwen/45_ECFD.svg;https://img.zdic.net/zy/jiaguwen/45_ECFE.svg;https://img.zdic.net/zy/jiaguwen/45_ECFF.svg,glyphs/0319_市_0.png;glyphs/0319_市_1.png;glyphs/0319_市_2.png;glyphs/0319_市_3.png;glyphs/0319_市_4.png;glyphs/0319_市_5.png;glyphs/0319_市_6.png;glyphs/0319_市_7.png;glyphs/0319_市_8.png
320,帅,深色,ok,—,hans（/帅/jiaguwen）,https://www.zdic.net/hans/帅/jiaguwen,4,帅前7.21.4 合7074 賓組,帅前7.21.4 合7074 賓組 | 帅乙3328 合8947 賓組 | 帅無想241 | 帅佚577 合21374 子組,https://img.zdic.net/zy/jiaguwen/45_E751.svg;https://img.zdic.net/zy/jiaguwen/45_E752.svg;https://img.zdic.net/zy/jiaguwen/45_E753.svg;https://img.zdic.net/zy/jiaguwen/45_E754.svg,glyphs/0320_帅_0.png;glyphs/0320_帅_1.png;glyphs/0320_帅_2.png;glyphs/0320_帅_3.png
321,师,深色,ok,—,hans（/师/jiaguwen）,https://www.zdic.net/hans/师/jiaguwen,1,师鐵4.3 合5817,师鐵4.3 合5817,https://img.zdic.net/zy/jiaguwen/42_EBFC.svg,glyphs/0321_师_0.png
322,庆,深色,ok,—,hans（/庆/jiaguwen）,https://www.zdic.net/hans/庆/jiaguwen,2,庆後1.11.2 合24474 出組,庆後1.11.2 合24474 出組 | 庆後1.11.2 合24474 出組,https://img.zdic.net/zy/jiaguwen/45_E9E7.svg;https://img.zdic.net/zy/jiaguwen/45_E9E8.svg,glyphs/0322_庆_0.png;glyphs/0322_庆_1.png
323,座,淡蓝 #7396FF,L2,淡蓝同批·待核,hans（/座/jiaguwen）,https://www.zdic.net/hans/座/jiaguwen,11,座甲1053,座甲1053 | 座乙1170 合1779 賓組 | 座乙2525 合1779 賓組 | 座乙3472 合975 賓組 | 座乙3989 合16998 賓組 | 座後2.2.4 合21361 𠂤組 | 座京津2532 合11262 | 座存785 合8131 | 座摭15 合5357 賓組 | 座庫239 合40613 | 座佚538 合8131,https://img.zdic.net/zy/jiaguwen/42_EF67.svg;https://img.zdic.net/zy/jiaguwen/42_EF69.svg;https://img.zdic.net/zy/jiaguwen/42_EF6A.svg;https://img.zdic.net/zy/jiaguwen/42_EF6B.svg;https://img.zdic.net/zy/jiaguwen/42_EF6C.svg;https://img.zdic.net/zy/jiaguwen/42_EF6F.svg;https://img.zdic.net/zy/jiaguwen/42_EF70.svg;https://img.zdic.net/zy/jiaguwen/42_EF74.svg;https://img.zdic.net/zy/jiaguwen/42_EF75.svg;https://img.zdic.net/zy/jiaguwen/42_EF76.svg;https://img.zdic.net/zy/jiaguwen/42_EF77.svg,glyphs/0323_座_0.png;glyphs/0323_座_1.png;glyphs/0323_座_2.png;glyphs/0323_座_3.png;glyphs/0323_座_4.png;glyphs/0323_座_5.png;glyphs/0323_座_6.png;glyphs/0323_座_7.png;glyphs/0323_座_8.png;glyphs/0323_座_9.png;glyphs/0323_座_10.png
324,康,深色,ok,—,hans（/康/jiaguwen）,https://www.zdic.net/hans/康/jiaguwen,12,康乙817 合21794 子組,康乙817 合21794 子組 | 康前1.10.3 合36080 | 康前1.12.8 合35986 | 康前1.37.1 合36281 | 康後1.20.5 合35803 黃組 | 康後1.20.13 合35411 黃組 | 康林1.11.11 合36006 | 康鄴初下.40.7 合35965 黃組 | 康粹345 合35953 | 康京津5051 合35989 | 康京津5052 合36017 | 康輔仁61,https://img.zdic.net/zy/jiaguwen/42_F0E3.svg;https://img.zdic.net/zy/jiaguwen/42_F0E4.svg;https://img.zdic.net/zy/jiaguwen/42_F0E5.svg;https://img.zdic.net/zy/jiaguwen/42_F0E6.svg;https://img.zdic.net/zy/jiaguwen/42_F0E7.svg;https://img.zdic.net/zy/jiaguwen/42_F0E8.svg;https://img.zdic.net/zy/jiaguwen/42_F0E9.svg;https://img.zdic.net/zy/jiaguwen/42_F0EA.svg;https://img.zdic.net/zy/jiaguwen/42_F0EB.svg;https://img.zdic.net/zy/jiaguwen/42_F0EC.svg;https://img.zdic.net/zy/jiaguwen/42_F0ED.svg;https://img.zdic.net/zy/jiaguwen/42_F0EE.svg,glyphs/0324_康_0.png;glyphs/0324_康_1.png;glyphs/0324_康_2.png;glyphs/0324_康_3.png;glyphs/0324_康_4.png;glyphs/0324_康_5.png;glyphs/0324_康_6.png;glyphs/0324_康_7.png;glyphs/0324_康_8.png;glyphs/0324_康_9.png;glyphs/0324_康_10.png;glyphs/0324_康_11.png
325,延,深色,ok,—,hans（/延/jiaguwen）,https://www.zdic.net/hans/延/jiaguwen,35,延甲193 合22336 子組,延甲193 合22336 子組 | 延甲528 合34477 歷組 | 延甲1516 合28228 何組 | 延甲2125 合24161 | 延甲2349 合22387 | 延甲2472 合30164 何組 | 延甲2479 合10776 | 延乙16 合20960 𠂤組 | 延乙44 合20757 𠂤組 | 延乙9092 合19813 𠂤組 | 延河152 合23689 出組 | 延河254 合14838 | 延鐵103.4 合15505 | 延鐵176.2 | 延拾1.1 合21075 | 延前1.49.5 合14692 賓組 | 延前2.28.3 合37382 黃組 | 延前4.43.3 合21014 | 延前5.4.6 合4059 賓組 | 延前6.22.5 合12780 賓組 | 延前6.64.5 合24860 | 延後1.11.15 合36741 | 延後2.6.8 合34441 | 延林1.7.21 合19338 | 延戩39.8 合30158 無名組 | 延佚229 合32138 | 延佚276 合20397 賓組 | 延佚535 合34057 歷組 | 延佚535 合34057 歷組 | 延佚971 合36426 黃組 | 延燕53 合4630 | 延寧滬1.59 合33826 | 延掇1.419 合27367 無名組 | 延明藏35 | 延乙3287 合9735 賓組,https://img.zdic.net/zy/jiaguwen/41_EA5C.svg;https://img.zdic.net/zy/jiaguwen/41_EA5D.svg;https://img.zdic.net/zy/jiaguwen/41_EA5E.svg;https://img.zdic.net/zy/jiaguwen/41_EA5F.svg;https://img.zdic.net/zy/jiaguwen/41_EA60.svg;https://img.zdic.net/zy/jiaguwen/41_EA61.svg;https://img.zdic.net/zy/jiaguwen/41_EA62.svg;https://img.zdic.net/zy/jiaguwen/41_EA63.svg;https://img.zdic.net/zy/jiaguwen/41_EA64.svg;https://img.zdic.net/zy/jiaguwen/41_EA65.svg;https://img.zdic.net/zy/jiaguwen/41_EA66.svg;https://img.zdic.net/zy/jiaguwen/41_EA67.svg;https://img.zdic.net/zy/jiaguwen/41_EA68.svg;https://img.zdic.net/zy/jiaguwen/41_EA69.svg;https://img.zdic.net/zy/jiaguwen/41_EA6A.svg;https://img.zdic.net/zy/jiaguwen/41_EA6B.svg;https://img.zdic.net/zy/jiaguwen/41_EA6C.svg;https://img.zdic.net/zy/jiaguwen/41_EA6D.svg;https://img.zdic.net/zy/jiaguwen/41_EA6E.svg;https://img.zdic.net/zy/jiaguwen/41_EA6F.svg;https://img.zdic.net/zy/jiaguwen/41_EA70.svg;https://img.zdic.net/zy/jiaguwen/41_EA71.svg;https://img.zdic.net/zy/jiaguwen/41_EA72.svg;https://img.zdic.net/zy/jiaguwen/41_EA73.svg;https://img.zdic.net/zy/jiaguwen/41_EA74.svg;https://img.zdic.net/zy/jiaguwen/41_EA75.svg;https://img.zdic.net/zy/jiaguwen/41_EA76.svg;https://img.zdic.net/zy/jiaguwen/41_EA77.svg;https://img.zdic.net/zy/jiaguwen/41_EA78.svg;https://img.zdic.net/zy/jiaguwen/41_EA79.svg;https://img.zdic.net/zy/jiaguwen/41_EA7A.svg;https://img.zdic.net/zy/jiaguwen/41_EA7B.svg;https://img.zdic.net/zy/jiaguwen/41_EA7C.svg;https://img.zdic.net/zy/jiaguwen/41_EA7D.svg;https://img.zdic.net/zy/jiaguwen/41_EA7E.svg,glyphs/0325_延_0.png;glyphs/0325_延_1.png;glyphs/0325_延_2.png;glyphs/0325_延_3.png;glyphs/0325_延_4.png;glyphs/0325_延_5.png;glyphs/0325_延_6.png;glyphs/0325_延_7.png;glyphs/0325_延_8.png;glyphs/0325_延_9.png;glyphs/0325_延_10.png;glyphs/0325_延_11.png;glyphs/0325_延_12.png;glyphs/0325_延_13.png;glyphs/0325_延_14.png;glyphs/0325_延_15.png;glyphs/0325_延_16.png;glyphs/0325_延_17.png;glyphs/0325_延_18.png;glyphs/0325_延_19.png;glyphs/0325_延_20.png;glyphs/0325_延_21.png;glyphs/0325_延_22.png;glyphs/0325_延_23.png;glyphs/0325_延_24.png;glyphs/0325_延_25.png;glyphs/0325_延_26.png;glyphs/0325_延_27.png;glyphs/0325_延_28.png;glyphs/0325_延_29.png;glyphs/0325_延_30.png;glyphs/0325_延_31.png;glyphs/0325_延_32.png;glyphs/0325_延_33.png;glyphs/0325_延_34.png
326,弄,淡蓝 #7396FF,L2,淡蓝同批·待核,hans（/弄/jiaguwen）,https://www.zdic.net/hans/弄/jiaguwen,2,弄乙1800 合18189 賓組,弄乙1800 合18189 賓組 | 弄乙1800 合18189 賓組,https://img.zdic.net/zy/jiaguwen/41_ECFC.svg;https://img.zdic.net/zy/jiaguwen/41_ECFD.svg,glyphs/0326_弄_0.png;glyphs/0326_弄_1.png
327,引,深色,ok,—,hans（/引/jiaguwen）,https://www.zdic.net/hans/引/jiaguwen,9,引鐵159.1 合16329,引鐵159.1 合16329 | 引前2.22.2 合36734 | 引前5.8.5 | 引前5.15.1 合5382 賓組 | 引前5.15.2 合23699 出組 | 引後1.18.7 合36516 | 引存下229 合3099 賓組 | 引乙8809 合22300 | 引寧滬2.106 合30981 無名組,https://img.zdic.net/zy/jiaguwen/43_F093.svg;https://img.zdic.net/zy/jiaguwen/43_F094.svg;https://img.zdic.net/zy/jiaguwen/43_F095.svg;https://img.zdic.net/zy/jiaguwen/43_F096.svg;https://img.zdic.net/zy/jiaguwen/43_F097.svg;https://img.zdic.net/zy/jiaguwen/43_F098.svg;https://img.zdic.net/zy/jiaguwen/43_F099.svg;https://img.zdic.net/zy/jiaguwen/43_F09A.svg;https://img.zdic.net/zy/jiaguwen/43_F09B.svg,glyphs/0327_引_0.png;glyphs/0327_引_1.png;glyphs/0327_引_2.png;glyphs/0327_引_3.png;glyphs/0327_引_4.png;glyphs/0327_引_5.png;glyphs/0327_引_6.png;glyphs/0327_引_7.png;glyphs/0327_引_8.png
328,弟,深色,ok,—,hans（/弟/jiaguwen）,https://www.zdic.net/hans/弟/jiaguwen,7,弟乙484 合21722 子組,弟乙484 合21722 子組 | 弟乙8722 合22135 子組 | 弟乙8818 | 弟燕128 合9817 賓組 | 弟金361 合41331 | 弟庫453 | 弟庫1506,https://img.zdic.net/zy/jiaguwen/42_EA30.svg;https://img.zdic.net/zy/jiaguwen/42_EA31.svg;https://img.zdic.net/zy/jiaguwen/42_EA32.svg;https://img.zdic.net/zy/jiaguwen/42_EA33.svg;https://img.zdic.net/zy/jiaguwen/42_EA34.svg;https://img.zdic.net/zy/jiaguwen/42_EA35.svg;https://img.zdic.net/zy/jiaguwen/42_EA36.svg,glyphs/0328_弟_0.png;glyphs/0328_弟_1.png;glyphs/0328_弟_2.png;glyphs/0328_弟_3.png;glyphs/0328_弟_4.png;glyphs/0328_弟_5.png;glyphs/0328_弟_6.png
329,必,深色,ok,—,hans（/必/jiaguwen）,https://www.zdic.net/hans/必/jiaguwen,6,必乙3069 合14034 賓組,必乙3069 合14034 賓組 | 必明353 合19713 賓組 | 必前4.34.1 合25937 出組 | 必京都1271 合23064 出組 | 必後2.6.1 合23602 出組 | 必林2.19.17 合4242 賓組,https://img.zdic.net/zy/jiaguwen/45_EB82.svg;https://img.zdic.net/zy/jiaguwen/45_EB83.svg;https://img.zdic.net/zy/jiaguwen/45_EB84.svg;https://img.zdic.net/zy/jiaguwen/45_EB85.svg;https://img.zdic.net/zy/jiaguwen/42_F666.svg;https://img.zdic.net/zy/jiaguwen/42_F667.svg,glyphs/0329_必_0.png;glyphs/0329_必_1.png;glyphs/0329_必_2.png;glyphs/0329_必_3.png;glyphs/0329_必_4.png;glyphs/0329_必_5.png
330,敏,深色,ok,—,hans（/敏/jiaguwen）,https://www.zdic.net/hans/敏/jiaguwen,3,敏乙8873 合21057,敏乙8873 合21057 | 敏前5.17.4 合532 賓組 | 敏後2.20.15 合16093,https://img.zdic.net/zy/jiaguwen/41_F1DB.svg;https://img.zdic.net/zy/jiaguwen/41_F1DD.svg;https://img.zdic.net/zy/jiaguwen/41_F1DF.svg,glyphs/0330_敏_0.png;glyphs/0330_敏_1.png;glyphs/0330_敏_2.png
331,昕,深色,ok,—,hans（/昕/jiaguwen）,https://www.zdic.net/hans/昕/jiaguwen,1,昕京津3261 合22987 出組,昕京津3261 合22987 出組,https://img.zdic.net/zy/jiaguwen/42_EDCE.svg,glyphs/0331_昕_0.png
332,晦,淡蓝 #7396FF,L2,淡蓝同批·待核,hans（/晦/jiaguwen）,https://www.zdic.net/hans/晦/jiaguwen,1,晦甲573 合29155,晦甲573 合29155,https://img.zdic.net/zy/jiaguwen/42_EDA7.svg,glyphs/0332_晦_0.png
333,晶,深色,ok,—,hans（/晶/jiaguwen）,https://www.zdic.net/hans/晶/jiaguwen,3,晶佚506 合11505 賓組,晶佚506 合11505 賓組 | 晶後2.9.1 合11503 賓組 | 晶甲675 合31182 無名組,https://img.zdic.net/zy/jiaguwen/42_EE8E.svg;https://img.zdic.net/zy/jiaguwen/42_EE8F.svg;https://img.zdic.net/zy/jiaguwen/42_EE90.svg,glyphs/0333_晶_0.png;glyphs/0333_晶_1.png;glyphs/0333_晶_2.png
334,暿,蓝块占位,none,原表无字形,hans（/暿/jiaguwen）,https://www.zdic.net/hans/暿/jiaguwen,8,暿前5.8.5,暿前5.8.5 | 暿後2.41.7 合18739 賓組 | 暿粹232 合32536 歷組 | 暿粹539 合31017 無名組 | 暿簠雜127 合15667 賓組 | 暿寧滬1.315 合30693 無名組 | 暿存398 合15668 賓組 | 暿京都2286 合34468 歷組,https://img.zdic.net/zy/jiaguwen/43_E579.svg;https://img.zdic.net/zy/jiaguwen/43_E57A.svg;https://img.zdic.net/zy/jiaguwen/43_E57B.svg;https://img.zdic.net/zy/jiaguwen/43_E57C.svg;https://img.zdic.net/zy/jiaguwen/43_E57D.svg;https://img.zdic.net/zy/jiaguwen/43_E57E.svg;https://img.zdic.net/zy/jiaguwen/43_E57F.svg;https://img.zdic.net/zy/jiaguwen/43_E580.svg,glyphs/0334_暿_0.png;glyphs/0334_暿_1.png;glyphs/0334_暿_2.png;glyphs/0334_暿_3.png;glyphs/0334_暿_4.png;glyphs/0334_暿_5.png;glyphs/0334_暿_6.png;glyphs/0334_暿_7.png
335,曼,深色,ok,—,hans（/曼/jiaguwen）,https://www.zdic.net/hans/曼/jiaguwen,17,曼拾8.5 合9337,曼拾8.5 合9337 | 曼前2.28.1 合37779 | 曼前5.2.3 合1333 賓組 | 曼後1.9.3 合33102 歷組 | 曼菁11.19 合21595 | 曼林1.21.1 合584 賓組 | 曼林1.22.9 合8113 𠂤組 | 曼河119 合12859 賓組 | 曼河225 合24261 出組 | 曼粹1573 合4531 賓組 | 曼前5.27.1 合493 賓組 | 曼前6.18.1 合5476 賓組 | 曼前7.3.2 合22 賓組 | 曼前7.26.1 合13414 𠂤賓間 | 曼乙7357 合17390 賓組 | 曼寧滬3.152 合40010 | 曼京都434 合5490,https://img.zdic.net/zy/jiaguwen/43_EC4B.svg;https://img.zdic.net/zy/jiaguwen/43_EC4C.svg;https://img.zdic.net/zy/jiaguwen/43_EC4D.svg;https://img.zdic.net/zy/jiaguwen/43_EC4E.svg;https://img.zdic.net/zy/jiaguwen/43_EC4F.svg;https://img.zdic.net/zy/jiaguwen/43_EC50.svg;https://img.zdic.net/zy/jiaguwen/43_EC51.svg;https://img.zdic.net/zy/jiaguwen/43_EC52.svg;https://img.zdic.net/zy/jiaguwen/43_EC53.svg;https://img.zdic.net/zy/jiaguwen/43_EC54.svg;https://img.zdic.net/zy/jiaguwen/43_EC55.svg;https://img.zdic.net/zy/jiaguwen/43_EC56.svg;https://img.zdic.net/zy/jiaguwen/43_EC57.svg;https://img.zdic.net/zy/jiaguwen/43_EC58.svg;https://img.zdic.net/zy/jiaguwen/43_EC59.svg;https://img.zdic.net/zy/jiaguwen/43_EC5A.svg;https://img.zdic.net/zy/jiaguwen/43_EC5B.svg,glyphs/0335_曼_0.png;glyphs/0335_曼_1.png;glyphs/0335_曼_2.png;glyphs/0335_曼_3.png;glyphs/0335_曼_4.png;glyphs/0335_曼_5.png;glyphs/0335_曼_6.png;glyphs/0335_曼_7.png;glyphs/0335_曼_8.png;glyphs/0335_曼_9.png;glyphs/0335_曼_10.png;glyphs/0335_曼_11.png;glyphs/0335_曼_12.png;glyphs/0335_曼_13.png;glyphs/0335_曼_14.png;glyphs/0335_曼_15.png;glyphs/0335_曼_16.png
336,替,深色,ok,—,hans（/替/jiaguwen）,https://www.zdic.net/hans/替/jiaguwen,1,替零45 合32892 歷組,替零45 合32892 歷組,https://img.zdic.net/zy/jiaguwen/43_E7BA.svg,glyphs/0336_替_0.png
337,杜,深色,ok,—,hans（/杜/jiaguwen）,https://www.zdic.net/hans/杜/jiaguwen,1,杜七P67 合40749,杜七P67 合40749,https://img.zdic.net/zy/jiaguwen/42_EA7B.svg,glyphs/0337_杜_0.png
338,杳,深色,ok,—,hans（/杳/jiaguwen）,https://www.zdic.net/hans/杳/jiaguwen,12,杳後2.39.16 合30692 無名組,杳後2.39.16 合30692 無名組 | 杳甲427 合27796 何組 | 杳甲571 合32742 歷組 | 杳甲850 合34625 | 杳甲3629 合27460 何組 | 杳前4.16.3 合34622 | 杳寧滬2.106 合30981 無名組 | 杳戩42.6 合30940 | 杳戩44.12 合34623 | 杳粹472 合30692 無名組 | 杳鄴3下.44.9 合32645 | 杳佚563 合30304,https://img.zdic.net/zy/jiaguwen/42_EA86.svg;https://img.zdic.net/zy/jiaguwen/42_EA87.svg;https://img.zdic.net/zy/jiaguwen/42_EA88.svg;https://img.zdic.net/zy/jiaguwen/42_EA89.svg;https://img.zdic.net/zy/jiaguwen/42_EA8A.svg;https://img.zdic.net/zy/jiaguwen/42_EA8B.svg;https://img.zdic.net/zy/jiaguwen/42_EA8C.svg;https://img.zdic.net/zy/jiaguwen/42_EA8D.svg;https://img.zdic.net/zy/jiaguwen/42_EA8E.svg;https://img.zdic.net/zy/jiaguwen/42_EA8F.svg;https://img.zdic.net/zy/jiaguwen/42_EA90.svg;https://img.zdic.net/zy/jiaguwen/42_EA91.svg,glyphs/0338_杳_0.png;glyphs/0338_杳_1.png;glyphs/0338_杳_2.png;glyphs/0338_杳_3.png;glyphs/0338_杳_4.png;glyphs/0338_杳_5.png;glyphs/0338_杳_6.png;glyphs/0338_杳_7.png;glyphs/0338_杳_8.png;glyphs/0338_杳_9.png;glyphs/0338_杳_10.png;glyphs/0338_杳_11.png
339,枚,深色,ok,—,hans（/枚/jiaguwen）,https://www.zdic.net/hans/枚/jiaguwen,1,枚粹1060 合33690 歷組,枚粹1060 合33690 歷組,https://img.zdic.net/zy/jiaguwen/42_EA83.svg,glyphs/0339_枚_0.png
340,枣,深色,ok,—,hans（/枣/jiaguwen）,https://www.zdic.net/hans/枣/jiaguwen,2,枣續6.23.10 合17444 賓組,枣續6.23.10 合17444 賓組 | 枣明105 合17445 賓組,https://img.zdic.net/zy/jiaguwen/45_EA1A.svg;https://img.zdic.net/zy/jiaguwen/45_EA1B.svg,glyphs/0340_枣_0.png;glyphs/0340_枣_1.png
341,柄,淡蓝 #7396FF,L2,淡蓝同批·待核,hans（/柄/jiaguwen）,https://www.zdic.net/hans/柄/jiaguwen,2,柄乙7160 合585 賓組,柄乙7160 合585 賓組 | 柄乙7377 合585 賓組,https://img.zdic.net/zy/jiaguwen/42_EAA5.svg;https://img.zdic.net/zy/jiaguwen/42_EAA6.svg,glyphs/0341_柄_0.png;glyphs/0341_柄_1.png
342,柳,深色,ok,—,hans（/柳/jiaguwen）,https://www.zdic.net/hans/柳/jiaguwen,2,柳簠游109 合37458 黃組,柳簠游109 合37458 黃組 | 柳簠地5 合36914 黃組,https://img.zdic.net/zy/jiaguwen/42_EB1F.svg;https://img.zdic.net/zy/jiaguwen/42_EB20.svg,glyphs/0342_柳_0.png;glyphs/0342_柳_1.png
343,殊,深色,ok,—,hans（/殊/jiaguwen）,https://www.zdic.net/hans/殊/jiaguwen,5,殊合10406反 合10406反 賓組,殊合10406反 合10406反 賓組 | 殊合17055正 合17055正 賓組 | 殊合17056 合17056 賓組 | 殊合17057 合17057 賓組 | 殊合17058正 合17058正 賓組,https://img.zdic.net/zy/jiaguwen/44_E2BF.svg;https://img.zdic.net/zy/jiaguwen/44_E2C0.svg;https://img.zdic.net/zy/jiaguwen/44_E2C1.svg;https://img.zdic.net/zy/jiaguwen/44_E2C2.svg;https://img.zdic.net/zy/jiaguwen/44_E2C3.svg,glyphs/0343_殊_0.png;glyphs/0343_殊_1.png;glyphs/0343_殊_2.png;glyphs/0343_殊_3.png;glyphs/0343_殊_4.png
344,沁,深色,ok,—,hans（/沁/jiaguwen）,https://www.zdic.net/hans/沁/jiaguwen,2,沁甲275,沁甲275 | 沁京都3166 合2815 賓組,https://img.zdic.net/zy/jiaguwen/43_E859.svg;https://img.zdic.net/zy/jiaguwen/43_E85A.svg,glyphs/0344_沁_0.png;glyphs/0344_沁_1.png
345,泞,深色,ok,—,hans（/泞/jiaguwen）,https://www.zdic.net/hans/泞/jiaguwen,6,泞後2.24.1 合32277 歷組,泞後2.24.1 合32277 歷組 | 泞菁9.5 合28196 何組 | 泞粹1545A 合32992 歷組 | 泞甲607 合34041 歷組 | 泞京都2142 合27972 無名組 | 泞京都2307 合32278 歷組,https://img.zdic.net/zy/jiaguwen/43_E938.svg;https://img.zdic.net/zy/jiaguwen/43_E939.svg;https://img.zdic.net/zy/jiaguwen/43_E93A.svg;https://img.zdic.net/zy/jiaguwen/43_E93B.svg;https://img.zdic.net/zy/jiaguwen/43_E93C.svg;https://img.zdic.net/zy/jiaguwen/43_E93D.svg,glyphs/0345_泞_0.png;glyphs/0345_泞_1.png;glyphs/0345_泞_2.png;glyphs/0345_泞_3.png;glyphs/0345_泞_4.png;glyphs/0345_泞_5.png
346,洎,淡蓝 #7396FF,L2,淡蓝同批·待核,hans（/洎/jiaguwen）,https://www.zdic.net/hans/洎/jiaguwen,3,洎存下28 合3012 𠂤賓間,洎存下28 合3012 𠂤賓間 | 洎乙2592 合11006 賓組 | 洎中大36,https://img.zdic.net/zy/jiaguwen/43_E8D9.svg;https://img.zdic.net/zy/jiaguwen/43_E8DA.svg;https://img.zdic.net/zy/jiaguwen/43_E8DB.svg,glyphs/0346_洎_0.png;glyphs/0346_洎_1.png;glyphs/0346_洎_2.png
347,洚,深色,ok,—,hans（/洚/jiaguwen）,https://www.zdic.net/hans/洚/jiaguwen,1,洚佚678 合19869 𠂤組,洚佚678 合19869 𠂤組,https://img.zdic.net/zy/jiaguwen/43_E85B.svg,glyphs/0347_洚_0.png
348,洲,深色,ok,—,hans（/洲/jiaguwen）,https://www.zdic.net/hans/洲/jiaguwen,4,洲前4.13.4 合18103 賓組,洲前4.13.4 合18103 賓組 | 洲乙5327 合22044 午組 | 洲輔仁24 | 洲粹262 合849 賓組,https://img.zdic.net/zy/jiaguwen/43_E9EB.svg;https://img.zdic.net/zy/jiaguwen/43_E9EC.svg;https://img.zdic.net/zy/jiaguwen/43_E9ED.svg;https://img.zdic.net/zy/jiaguwen/43_E9EE.svg,glyphs/0348_洲_0.png;glyphs/0348_洲_1.png;glyphs/0348_洲_2.png;glyphs/0348_洲_3.png
349,洸,蓝块占位,none,原表无字形,hans（/洸/jiaguwen）,https://www.zdic.net/hans/洸/jiaguwen,2,洸前2.5.7 合37514 黃組,洸前2.5.7 合37514 黃組 | 洸前2.6.1 合36589 黃組,https://img.zdic.net/zy/jiaguwen/43_E88D.svg;https://img.zdic.net/zy/jiaguwen/43_E88E.svg,glyphs/0349_洸_0.png;glyphs/0349_洸_1.png
350,浛,蓝块占位,none,原表无字形,hans（/浛/jiaguwen）,https://www.zdic.net/hans/浛/jiaguwen,3,浛甲1414 合31826 何組,浛甲1414 合31826 何組 | 浛京津4466 合29345 無名組 | 浛京都2012 合29344 無名組,https://img.zdic.net/zy/jiaguwen/43_E8D6.svg;https://img.zdic.net/zy/jiaguwen/43_E8D7.svg;https://img.zdic.net/zy/jiaguwen/43_E8D8.svg,glyphs/0350_浛_0.png;glyphs/0350_浛_1.png;glyphs/0350_浛_2.png
351,淄,淡蓝 #7396FF,L1,实证错配·与金文表同图,hans（/淄/jiaguwen）,https://www.zdic.net/hans/淄/jiaguwen,2,淄前4.13.5 合10163 賓組,淄前4.13.5 合10163 賓組 | 淄後2.20.9 合15230,https://img.zdic.net/zy/jiaguwen/43_E825.svg;https://img.zdic.net/zy/jiaguwen/43_E826.svg,glyphs/0351_淄_0.png;glyphs/0351_淄_1.png
352,游,深色,ok,—,hans（/游/jiaguwen）,https://www.zdic.net/hans/游/jiaguwen,19,游甲1566 合29220,游甲1566 合29220 | 游甲1796 合29224 | 游甲1991 合28809 | 游甲3586 合29217 | 游甲3593 合29245 | 游甲3918 合27459 何組 | 游乙1760 合17804 賓組 | 游鐵132.1 合5079 | 游前2.26.7 合37460 黃組 | 游前2.29.2 合27778 | 游後1.13.13 合33546 無名組 | 游後2.14.1 合8731 賓組 | 游粹979 合33529 | 游粹1007 合28305 無名組 | 游京津4457 | 游京津4458 | 游佚149 合28347 無名組 | 游佚245 合29218 | 游佚422 合29222 何組,https://img.zdic.net/zy/jiaguwen/42_EE21.svg;https://img.zdic.net/zy/jiaguwen/42_EE22.svg;https://img.zdic.net/zy/jiaguwen/42_EE23.svg;https://img.zdic.net/zy/jiaguwen/42_EE24.svg;https://img.zdic.net/zy/jiaguwen/42_EE25.svg;https://img.zdic.net/zy/jiaguwen/42_EE26.svg;https://img.zdic.net/zy/jiaguwen/42_EE27.svg;https://img.zdic.net/zy/jiaguwen/42_EE28.svg;https://img.zdic.net/zy/jiaguwen/42_EE29.svg;https://img.zdic.net/zy/jiaguwen/42_EE2A.svg;https://img.zdic.net/zy/jiaguwen/42_EE2B.svg;https://img.zdic.net/zy/jiaguwen/42_EE2C.svg;https://img.zdic.net/zy/jiaguwen/42_EE2D.svg;https://img.zdic.net/zy/jiaguwen/42_EE2E.svg;https://img.zdic.net/zy/jiaguwen/42_EE2F.svg;https://img.zdic.net/zy/jiaguwen/42_EE30.svg;https://img.zdic.net/zy/jiaguwen/42_EE31.svg;https://img.zdic.net/zy/jiaguwen/42_EE32.svg;https://img.zdic.net/zy/jiaguwen/42_EE33.svg,glyphs/0352_游_0.png;glyphs/0352_游_1.png;glyphs/0352_游_2.png;glyphs/0352_游_3.png;glyphs/0352_游_4.png;glyphs/0352_游_5.png;glyphs/0352_游_6.png;glyphs/0352_游_7.png;glyphs/0352_游_8.png;glyphs/0352_游_9.png;glyphs/0352_游_10.png;glyphs/0352_游_11.png;glyphs/0352_游_12.png;glyphs/0352_游_13.png;glyphs/0352_游_14.png;glyphs/0352_游_15.png;glyphs/0352_游_16.png;glyphs/0352_游_17.png;glyphs/0352_游_18.png
353,湄,深色,ok,—,hans（/湄/jiaguwen）,https://www.zdic.net/hans/湄/jiaguwen,20,湄京津3835 合29907,湄京津3835 合29907 | 湄寧滬1.361 合28632 | 湄鄴初下.41.10 | 湄鄴初下.47.3 合29222 何組 | 湄甲573 合29155 | 湄甲615 合29236 無名組 | 湄甲715 合28608 | 湄甲1559 合28382 | 湄甲1565 合29263 何組 | 湄甲1604 合28491 何組 | 湄甲1656 合28773 何組 | 湄拾6.5 合27953 何組 | 湄前8.7.2 合29352 無名組 | 湄後1.14.6 合29250 | 湄後1.14.7 合28526 | 湄後1.14.8 合29234 無名組 | 湄後1.14.9 合28508 無名組 | 湄後2.41.13 合28318 歷無名間 | 湄林1.8.10 合29249 無名組 | 湄粹927 合29237 無名組,https://img.zdic.net/zy/jiaguwen/43_E88F.svg;https://img.zdic.net/zy/jiaguwen/43_E890.svg;https://img.zdic.net/zy/jiaguwen/43_E891.svg;https://img.zdic.net/zy/jiaguwen/43_E892.svg;https://img.zdic.net/zy/jiaguwen/43_E893.svg;https://img.zdic.net/zy/jiaguwen/43_E894.svg;https://img.zdic.net/zy/jiaguwen/43_E895.svg;https://img.zdic.net/zy/jiaguwen/43_E896.svg;https://img.zdic.net/zy/jiaguwen/43_E897.svg;https://img.zdic.net/zy/jiaguwen/43_E898.svg;https://img.zdic.net/zy/jiaguwen/43_E899.svg;https://img.zdic.net/zy/jiaguwen/43_E89A.svg;https://img.zdic.net/zy/jiaguwen/43_E89B.svg;https://img.zdic.net/zy/jiaguwen/43_E89C.svg;https://img.zdic.net/zy/jiaguwen/43_E89D.svg;https://img.zdic.net/zy/jiaguwen/43_E89E.svg;https://img.zdic.net/zy/jiaguwen/43_E89F.svg;https://img.zdic.net/zy/jiaguwen/43_E8A0.svg;https://img.zdic.net/zy/jiaguwen/43_E8A1.svg;https://img.zdic.net/zy/jiaguwen/43_E8A2.svg,glyphs/0353_湄_0.png;glyphs/0353_湄_1.png;glyphs/0353_湄_2.png;glyphs/0353_湄_3.png;glyphs/0353_湄_4.png;glyphs/0353_湄_5.png;glyphs/0353_湄_6.png;glyphs/0353_湄_7.png;glyphs/0353_湄_8.png;glyphs/0353_湄_9.png;glyphs/0353_湄_10.png;glyphs/0353_湄_11.png;glyphs/0353_湄_12.png;glyphs/0353_湄_13.png;glyphs/0353_湄_14.png;glyphs/0353_湄_15.png;glyphs/0353_湄_16.png;glyphs/0353_湄_17.png;glyphs/0353_湄_18.png;glyphs/0353_湄_19.png
354,濞,深色,ok,—,hans（/濞/jiaguwen）,https://www.zdic.net/hans/濞/jiaguwen,1,濞前2.19.2 合8357 賓組,濞前2.19.2 合8357 賓組,https://img.zdic.net/zy/jiaguwen/43_E928.svg,glyphs/0354_濞_0.png
355,灾,深色,ok,—,hans（/灾/jiaguwen）,https://www.zdic.net/hans/灾/jiaguwen,3,灾乙959 合18741 賓組,灾乙959 合18741 賓組 | 灾誠明2 | 灾後2.8.18 合19622 賓組,https://img.zdic.net/zy/jiaguwen/43_E5A0.svg;https://img.zdic.net/zy/jiaguwen/43_E5A1.svg;https://img.zdic.net/zy/jiaguwen/43_E5A2.svg,glyphs/0355_灾_0.png;glyphs/0355_灾_1.png;glyphs/0355_灾_2.png
356,煜,淡蓝 #7396FF,L1,实证错配·与金文表同图,hans（/煜/jiaguwen）,https://www.zdic.net/hans/煜/jiaguwen,25,煜甲465 合21009,煜甲465 合21009 | 煜甲638 合33398 歷組 | 煜乙58 合20918 | 煜乙100 合20898 𠂤組 | 煜乙108 合21022 𠂤組 | 煜前6.20.4 | 煜前7.5.2 合10076 賓組 | 煜前7.32.4 合102 賓組 | 煜後1.20.15 合34283 歷組 | 煜後2.2.7 合35645 黃組 | 煜後2.2.13 合28842 | 煜後2.43.3 合21579 子組 | 煜林1.17.22 合25957 | 煜林2.21.5 合4481 賓組 | 煜林2.25.7 合27513 何組 | 煜戩13.1 合8484 | 煜戩21.11 合21110 子組 | 煜甲687 合29772 | 煜甲799 合34479 歷組 | 煜甲2123 合557 賓組 | 煜掇1.415 合32935 歷組 | 煜粹679 合30105 | 煜京津4308 合31008 | 煜燕45 合34654 | 煜京都2310 合34541,https://img.zdic.net/zy/jiaguwen/42_EDA8.svg;https://img.zdic.net/zy/jiaguwen/42_EDA9.svg;https://img.zdic.net/zy/jiaguwen/42_EDAA.svg;https://img.zdic.net/zy/jiaguwen/42_EDAB.svg;https://img.zdic.net/zy/jiaguwen/42_EDAC.svg;https://img.zdic.net/zy/jiaguwen/42_EDAD.svg;https://img.zdic.net/zy/jiaguwen/42_EDAE.svg;https://img.zdic.net/zy/jiaguwen/42_EDAF.svg;https://img.zdic.net/zy/jiaguwen/42_EDB0.svg;https://img.zdic.net/zy/jiaguwen/42_EDB1.svg;https://img.zdic.net/zy/jiaguwen/42_EDB2.svg;https://img.zdic.net/zy/jiaguwen/42_EDB3.svg;https://img.zdic.net/zy/jiaguwen/42_EDB4.svg;https://img.zdic.net/zy/jiaguwen/42_EDB5.svg;https://img.zdic.net/zy/jiaguwen/42_EDB6.svg;https://img.zdic.net/zy/jiaguwen/42_EDB7.svg;https://img.zdic.net/zy/jiaguwen/42_EDB8.svg;https://img.zdic.net/zy/jiaguwen/42_EDB9.svg;https://img.zdic.net/zy/jiaguwen/42_EDBA.svg;https://img.zdic.net/zy/jiaguwen/42_EDBB.svg;https://img.zdic.net/zy/jiaguwen/42_EDBC.svg;https://img.zdic.net/zy/jiaguwen/42_EDBD.svg;https://img.zdic.net/zy/jiaguwen/42_EDBE.svg;https://img.zdic.net/zy/jiaguwen/42_EDBF.svg;https://img.zdic.net/zy/jiaguwen/42_EDC0.svg,glyphs/0356_煜_0.png;glyphs/0356_煜_1.png;glyphs/0356_煜_2.png;glyphs/0356_煜_3.png;glyphs/0356_煜_4.png;glyphs/0356_煜_5.png;glyphs/0356_煜_6.png;glyphs/0356_煜_7.png;glyphs/0356_煜_8.png;glyphs/0356_煜_9.png;glyphs/0356_煜_10.png;glyphs/0356_煜_11.png;glyphs/0356_煜_12.png;glyphs/0356_煜_13.png;glyphs/0356_煜_14.png;glyphs/0356_煜_15.png;glyphs/0356_煜_16.png;glyphs/0356_煜_17.png;glyphs/0356_煜_18.png;glyphs/0356_煜_19.png;glyphs/0356_煜_20.png;glyphs/0356_煜_21.png;glyphs/0356_煜_22.png;glyphs/0356_煜_23.png;glyphs/0356_煜_24.png
357,熹,深色,ok,—,hans（/熹/jiaguwen）,https://www.zdic.net/hans/熹/jiaguwen,8,熹前5.8.5,熹前5.8.5 | 熹後2.41.7 合18739 賓組 | 熹粹232 合32536 歷組 | 熹粹539 合31017 無名組 | 熹簠雜127 合15667 賓組 | 熹寧滬1.315 合30693 無名組 | 熹存398 合15668 賓組 | 熹京都2286 合34468 歷組,https://img.zdic.net/zy/jiaguwen/43_E579.svg;https://img.zdic.net/zy/jiaguwen/43_E57A.svg;https://img.zdic.net/zy/jiaguwen/43_E57B.svg;https://img.zdic.net/zy/jiaguwen/43_E57C.svg;https://img.zdic.net/zy/jiaguwen/43_E57D.svg;https://img.zdic.net/zy/jiaguwen/43_E57E.svg;https://img.zdic.net/zy/jiaguwen/43_E57F.svg;https://img.zdic.net/zy/jiaguwen/43_E580.svg,glyphs/0357_熹_0.png;glyphs/0357_熹_1.png;glyphs/0357_熹_2.png;glyphs/0357_熹_3.png;glyphs/0357_熹_4.png;glyphs/0357_熹_5.png;glyphs/0357_熹_6.png;glyphs/0357_熹_7.png
358,燎,深色,ok,—,hans（/燎/jiaguwen）,https://www.zdic.net/hans/燎/jiaguwen,62,燎甲10 合1200,燎甲10 合1200 | 燎甲144 合15536 賓組 | 燎甲903 合34165 歷組 | 燎甲2121 合9560 賓組 | 燎甲2334 合21109 | 燎甲2476 合30775 何組 | 燎乙2596 合14721 | 燎乙2597反 合14721反 | 燎乙2856反 合17679反 | 燎鐵43.1 合1039 | 燎鐵222.2 合21206 | 燎拾1.3 合32320 歷組 | 燎拾7.3 合34466 | 燎前4.8.1 合10308 賓組 | 燎前5.3.1 合1945 | 燎前6.64.4 合19712 | 燎後1.5.9 合32331 歷組 | 燎後1.22.3 合33273 歷組 | 燎後1.23.4 合32161 歷組 | 燎後1.23.5 合14747 | 燎後1.24.1 合34179 | 燎後1.24.2 合30675 | 燎後1.24.3 合39 賓組 | 燎後1.24.7 合28003 無名組 | 燎後1.24.8 合30434 無名組 | 燎後1.24.9 合34177 歷組 | 燎後1.25.2 合34462 無名組 | 燎後2.40.15 合9599 賓組 | 燎林2.9.9 合15553 | 燎戩1.1 合32120 歷組 | 燎戩9.7 合34267 歷組 | 燎戩9.7 合34267 歷組 | 燎戩11.9 合29180 | 燎戩21.8 合21110 子組 | 燎戩21.9 合33338 | 燎戩21.10 合34339 歷組 | 燎戩21.12 合34512 | 燎佚199 合32148 歷組 | 燎佚234 合21099 𠂤組 | 燎佚243 合34450 | 燎佚247 合28628 無名組 | 燎佚841 合34202 | 燎佚579 合34472 | 燎佚708 合30413 無名組 | 燎佚708 合30413 無名組 | 燎佚928 合28108 | 燎福18 合14660 | 燎燕14 合34461 歷組 | 燎明藏44 | 燎明藏80 | 燎明藏419 | 燎粹433 合34474 歷組 | 燎京津584 合14438 | 燎京津4274 | 燎掇1.79 | 燎掇1.376 合34166 歷組 | 燎掇2.462 合7230 賓組 | 燎掇2.462 合7230 賓組 | 燎寧滬1.89 合34198 歷組 | 燎金189 合41411 | 燎金189 合41411 | 燎金354 合41468,https://img.zdic.net/zy/jiaguwen/43_E524.svg;https://img.zdic.net/zy/jiaguwen/43_E525.svg;https://img.zdic.net/zy/jiaguwen/43_E526.svg;https://img.zdic.net/zy/jiaguwen/43_E527.svg;https://img.zdic.net/zy/jiaguwen/43_E528.svg;https://img.zdic.net/zy/jiaguwen/43_E529.svg;https://img.zdic.net/zy/jiaguwen/43_E52A.svg;https://img.zdic.net/zy/jiaguwen/43_E52B.svg;https://img.zdic.net/zy/jiaguwen/43_E52C.svg;https://img.zdic.net/zy/jiaguwen/43_E52D.svg;https://img.zdic.net/zy/jiaguwen/43_E52E.svg;https://img.zdic.net/zy/jiaguwen/43_E52F.svg;https://img.zdic.net/zy/jiaguwen/43_E530.svg;https://img.zdic.net/zy/jiaguwen/43_E531.svg;https://img.zdic.net/zy/jiaguwen/43_E532.svg;https://img.zdic.net/zy/jiaguwen/43_E533.svg;https://img.zdic.net/zy/jiaguwen/43_E534.svg;https://img.zdic.net/zy/jiaguwen/43_E535.svg;https://img.zdic.net/zy/jiaguwen/43_E536.svg;https://img.zdic.net/zy/jiaguwen/43_E537.svg;https://img.zdic.net/zy/jiaguwen/43_E538.svg;https://img.zdic.net/zy/jiaguwen/43_E539.svg;https://img.zdic.net/zy/jiaguwen/43_E53A.svg;https://img.zdic.net/zy/jiaguwen/43_E53B.svg;https://img.zdic.net/zy/jiaguwen/43_E53C.svg;https://img.zdic.net/zy/jiaguwen/43_E53D.svg;https://img.zdic.net/zy/jiaguwen/43_E53E.svg;https://img.zdic.net/zy/jiaguwen/43_E53F.svg;https://img.zdic.net/zy/jiaguwen/43_E540.svg;https://img.zdic.net/zy/jiaguwen/43_E541.svg;https://img.zdic.net/zy/jiaguwen/43_E542.svg;https://img.zdic.net/zy/jiaguwen/43_E543.svg;https://img.zdic.net/zy/jiaguwen/43_E544.svg;https://img.zdic.net/zy/jiaguwen/43_E545.svg;https://img.zdic.net/zy/jiaguwen/43_E546.svg;https://img.zdic.net/zy/jiaguwen/43_E547.svg;https://img.zdic.net/zy/jiaguwen/43_E548.svg;https://img.zdic.net/zy/jiaguwen/43_E549.svg;https://img.zdic.net/zy/jiaguwen/43_E54A.svg;https://img.zdic.net/zy/jiaguwen/43_E54B.svg;https://img.zdic.net/zy/jiaguwen/43_E54C.svg;https://img.zdic.net/zy/jiaguwen/43_E54D.svg;https://img.zdic.net/zy/jiaguwen/43_E54E.svg;https://img.zdic.net/zy/jiaguwen/43_E54F.svg;https://img.zdic.net/zy/jiaguwen/43_E550.svg;https://img.zdic.net/zy/jiaguwen/43_E551.svg;https://img.zdic.net/zy/jiaguwen/43_E552.svg;https://img.zdic.net/zy/jiaguwen/43_E553.svg;https://img.zdic.net/zy/jiaguwen/43_E554.svg;https://img.zdic.net/zy/jiaguwen/43_E555.svg;https://img.zdic.net/zy/jiaguwen/43_E556.svg;https://img.zdic.net/zy/jiaguwen/43_E557.svg;https://img.zdic.net/zy/jiaguwen/43_E558.svg;https://img.zdic.net/zy/jiaguwen/43_E559.svg;https://img.zdic.net/zy/jiaguwen/43_E55A.svg;https://img.zdic.net/zy/jiaguwen/43_E55B.svg;https://img.zdic.net/zy/jiaguwen/43_E55C.svg;https://img.zdic.net/zy/jiaguwen/43_E55D.svg;https://img.zdic.net/zy/jiaguwen/43_E55E.svg;https://img.zdic.net/zy/jiaguwen/43_E55F.svg;https://img.zdic.net/zy/jiaguwen/43_E560.svg;https://img.zdic.net/zy/jiaguwen/43_E561.svg,glyphs/0358_燎_0.png;glyphs/0358_燎_1.png;glyphs/0358_燎_2.png;glyphs/0358_燎_3.png;glyphs/0358_燎_4.png;glyphs/0358_燎_5.png;glyphs/0358_燎_6.png;glyphs/0358_燎_7.png;glyphs/0358_燎_8.png;glyphs/0358_燎_9.png;glyphs/0358_燎_10.png;glyphs/0358_燎_11.png;glyphs/0358_燎_12.png;glyphs/0358_燎_13.png;glyphs/0358_燎_14.png;glyphs/0358_燎_15.png;glyphs/0358_燎_16.png;glyphs/0358_燎_17.png;glyphs/0358_燎_18.png;glyphs/0358_燎_19.png;glyphs/0358_燎_20.png;glyphs/0358_燎_21.png;glyphs/0358_燎_22.png;glyphs/0358_燎_23.png;glyphs/0358_燎_24.png;glyphs/0358_燎_25.png;glyphs/0358_燎_26.png;glyphs/0358_燎_27.png;glyphs/0358_燎_28.png;glyphs/0358_燎_29.png;glyphs/0358_燎_30.png;glyphs/0358_燎_31.png;glyphs/0358_燎_32.png;glyphs/0358_燎_33.png;glyphs/0358_燎_34.png;glyphs/0358_燎_35.png;glyphs/0358_燎_36.png;glyphs/0358_燎_37.png;glyphs/0358_燎_38.png;glyphs/0358_燎_39.png;glyphs/0358_燎_40.png;glyphs/0358_燎_41.png;glyphs/0358_燎_42.png;glyphs/0358_燎_43.png;glyphs/0358_燎_44.png;glyphs/0358_燎_45.png;glyphs/0358_燎_46.png;glyphs/0358_燎_47.png;glyphs/0358_燎_48.png;glyphs/0358_燎_49.png;glyphs/0358_燎_50.png;glyphs/0358_燎_51.png;glyphs/0358_燎_52.png;glyphs/0358_燎_53.png;glyphs/0358_燎_54.png;glyphs/0358_燎_55.png;glyphs/0358_燎_56.png;glyphs/0358_燎_57.png;glyphs/0358_燎_58.png;glyphs/0358_燎_59.png;glyphs/0358_燎_60.png;glyphs/0358_燎_61.png
359,狈,深色,ok,—,hans（/狈/jiaguwen）,https://www.zdic.net/hans/狈/jiaguwen,2,狈粹1552 合29420 無名組,狈粹1552 合29420 無名組 | 狈京都673 合18370,https://img.zdic.net/zy/jiaguwen/43_E4F3.svg;https://img.zdic.net/zy/jiaguwen/43_E4F4.svg,glyphs/0359_狈_0.png;glyphs/0359_狈_1.png
360,瑟,深色,ok,—,hans（/瑟/jiaguwen）,https://www.zdic.net/hans/瑟/jiaguwen,4,瑟花130,瑟花130 | 瑟花130 | 瑟花372 | 瑟花372,https://img.zdic.net/zy/jiaguwen/44_E24D.svg;https://img.zdic.net/zy/jiaguwen/44_E24E.svg;https://img.zdic.net/zy/jiaguwen/44_E24F.svg;https://img.zdic.net/zy/jiaguwen/44_E250.svg,glyphs/0360_瑟_0.png;glyphs/0360_瑟_1.png;glyphs/0360_瑟_2.png;glyphs/0360_瑟_3.png
361,由,深色,ok,—,hans（/由/jiaguwen）,https://www.zdic.net/hans/由/jiaguwen,20,由甲2123 合557 賓組,由甲2123 合557 賓組 | 由甲2123 合557 賓組 | 由乙152 合20364 𠂤組 | 由乙2307 合2953 賓組 | 由乙7457反 合10124 賓組 | 由乙8867 合20589 子組 | 由拾4.7 合5308 | 由前5.26.7 | 由前6.52.3 合16047 賓組 | 由前7.28.4 合4596 賓組 | 由戩45.4 合26186 出組 | 由戩45.6 合17327 賓組 | 由陳13 合1138 賓組 | 由柏27 合8956 | 由天62 合4597 | 由續1.47.2 合595 賓組 | 由鄴初下.33.5 合4722 賓組 | 由燕141 合20149 𠂤賓間 | 由燕685 合3416 | 由京都134A 合16107,https://img.zdic.net/zy/jiaguwen/45_E20D.svg;https://img.zdic.net/zy/jiaguwen/45_E20E.svg;https://img.zdic.net/zy/jiaguwen/45_E20F.svg;https://img.zdic.net/zy/jiaguwen/45_E210.svg;https://img.zdic.net/zy/jiaguwen/45_E211.svg;https://img.zdic.net/zy/jiaguwen/45_E212.svg;https://img.zdic.net/zy/jiaguwen/45_E213.svg;https://img.zdic.net/zy/jiaguwen/45_E214.svg;https://img.zdic.net/zy/jiaguwen/45_E215.svg;https://img.zdic.net/zy/jiaguwen/45_E216.svg;https://img.zdic.net/zy/jiaguwen/45_E217.svg;https://img.zdic.net/zy/jiaguwen/45_E218.svg;https://img.zdic.net/zy/jiaguwen/45_E219.svg;https://img.zdic.net/zy/jiaguwen/45_E21A.svg;https://img.zdic.net/zy/jiaguwen/45_E21B.svg;https://img.zdic.net/zy/jiaguwen/45_E21C.svg;https://img.zdic.net/zy/jiaguwen/45_E21D.svg;https://img.zdic.net/zy/jiaguwen/45_E21E.svg;https://img.zdic.net/zy/jiaguwen/45_E21F.svg;https://img.zdic.net/zy/jiaguwen/45_E220.svg,glyphs/0361_由_0.png;glyphs/0361_由_1.png;glyphs/0361_由_2.png;glyphs/0361_由_3.png;glyphs/0361_由_4.png;glyphs/0361_由_5.png;glyphs/0361_由_6.png;glyphs/0361_由_7.png;glyphs/0361_由_8.png;glyphs/0361_由_9.png;glyphs/0361_由_10.png;glyphs/0361_由_11.png;glyphs/0361_由_12.png;glyphs/0361_由_13.png;glyphs/0361_由_14.png;glyphs/0361_由_15.png;glyphs/0361_由_16.png;glyphs/0361_由_17.png;glyphs/0361_由_18.png;glyphs/0361_由_19.png
362,疴,淡蓝 #7396FF,L2,淡蓝同批·待核,hans（/疴/jiaguwen）,https://www.zdic.net/hans/疴/jiaguwen,1,疴京都3099 合20966 𠂤組,疴京都3099 合20966 𠂤組,https://img.zdic.net/zy/jiaguwen/45_F5DB.svg,glyphs/0362_疴_0.png
363,瞽,深色,ok,—,hans（/瞽/jiaguwen）,https://www.zdic.net/hans/瞽/jiaguwen,6,瞽燕654 合16016 賓組,瞽燕654 合16016 賓組 | 瞽鐵76.3 合17136 賓組 | 瞽珠1008 合16042 賓組 | 瞽明1203 | 瞽前7.35.2 合16013 賓組 | 瞽京津1487 合16015 賓組,https://img.zdic.net/zy/jiaguwen/42_F6BF.svg;https://img.zdic.net/zy/jiaguwen/42_F6C0.svg;https://img.zdic.net/zy/jiaguwen/42_F6C1.svg;https://img.zdic.net/zy/jiaguwen/42_F6C2.svg;https://img.zdic.net/zy/jiaguwen/42_F6C4.svg;https://img.zdic.net/zy/jiaguwen/42_F6CD.svg,glyphs/0363_瞽_0.png;glyphs/0363_瞽_1.png;glyphs/0363_瞽_2.png;glyphs/0363_瞽_3.png;glyphs/0363_瞽_4.png;glyphs/0363_瞽_5.png
364,硪,深色,ok,—,hans（/硪/jiaguwen）,https://www.zdic.net/hans/硪/jiaguwen,2,硪菁3.1 合10405 賓組,硪菁3.1 合10405 賓組 | 硪掇1.454 合10406 賓組,https://img.zdic.net/zy/jiaguwen/45_ED6C.svg;https://img.zdic.net/zy/jiaguwen/45_ED6D.svg,glyphs/0364_硪_0.png;glyphs/0364_硪_1.png
365,祓,淡蓝 #7396FF,L2,淡蓝同批·待核,hans（/祓/jiaguwen）,https://www.zdic.net/hans/祓/jiaguwen,1,祓甲2774 合30537 何組,祓甲2774 合30537 何組,https://img.zdic.net/zy/jiaguwen/41_E191.svg,glyphs/0365_祓_0.png
366,穆,深色,ok,—,hans（/穆/jiaguwen）,https://www.zdic.net/hans/穆/jiaguwen,4,穆合33373 合33373 無名組,穆合33373 合33373 無名組 | 穆屯4451 | 穆史購270 | 穆合7563 合7563 賓組,https://img.zdic.net/zy/jiaguwen/44_E272.svg;https://img.zdic.net/zy/jiaguwen/44_E273.svg;https://img.zdic.net/zy/jiaguwen/44_E274.svg;https://img.zdic.net/zy/jiaguwen/44_E275.svg,glyphs/0366_穆_0.png;glyphs/0366_穆_1.png;glyphs/0366_穆_2.png;glyphs/0366_穆_3.png
367,笆,淡蓝 #7396FF,L2,淡蓝同批·待核,hans（/笆/jiaguwen）,https://www.zdic.net/hans/笆/jiaguwen,6,笆乙961 合6478 賓組,笆乙961 合6478 賓組 | 笆乙1215 合6477 賓組 | 笆乙1656 合6478 賓組 | 笆乙1873 合32 賓組 | 笆簠征30 合6481 賓組 | 笆粹1230 合6479 賓組,https://img.zdic.net/zy/jiaguwen/45_EB6E.svg;https://img.zdic.net/zy/jiaguwen/45_EB6F.svg;https://img.zdic.net/zy/jiaguwen/45_EB70.svg;https://img.zdic.net/zy/jiaguwen/45_EB71.svg;https://img.zdic.net/zy/jiaguwen/45_EB72.svg;https://img.zdic.net/zy/jiaguwen/45_EB73.svg,glyphs/0367_笆_0.png;glyphs/0367_笆_1.png;glyphs/0367_笆_2.png;glyphs/0367_笆_3.png;glyphs/0367_笆_4.png;glyphs/0367_笆_5.png
368,纣,淡蓝 #7396FF,L2,淡蓝同批·待核,hans（/纣/jiaguwen）,https://www.zdic.net/hans/纣/jiaguwen,1,纣陳154,纣陳154,https://img.zdic.net/zy/jiaguwen/43_F105.svg,glyphs/0368_纣_0.png
369,继,淡蓝 #7396FF,L1,实证错配·与金文表同图,hans（/继/jiaguwen）,https://www.zdic.net/hans/继/jiaguwen,8,继乙4568 合14959 賓組,继乙4568 合14959 賓組 | 继乙4879 合14959 賓組 | 继乙8370 合2940 賓組 | 继存下31 合17166 賓組 | 继拾9.9 合19737 賓組 | 继前1.45.5 合334 | 继前5.11.4 合16225 賓組 | 继前5.11.5 合14961,https://img.zdic.net/zy/jiaguwen/45_F0D3.svg;https://img.zdic.net/zy/jiaguwen/45_F0D4.svg;https://img.zdic.net/zy/jiaguwen/45_F0D5.svg;https://img.zdic.net/zy/jiaguwen/45_F0D6.svg;https://img.zdic.net/zy/jiaguwen/45_F0D7.svg;https://img.zdic.net/zy/jiaguwen/45_F0D8.svg;https://img.zdic.net/zy/jiaguwen/45_F0D9.svg;https://img.zdic.net/zy/jiaguwen/45_F0DA.svg,glyphs/0369_继_0.png;glyphs/0369_继_1.png;glyphs/0369_继_2.png;glyphs/0369_继_3.png;glyphs/0369_继_4.png;glyphs/0369_继_5.png;glyphs/0369_继_6.png;glyphs/0369_继_7.png
370,绿,淡蓝 #7396FF,L2,淡蓝同批·待核,hans（/绿/jiaguwen）,https://www.zdic.net/hans/绿/jiaguwen,1,绿河800,绿河800,https://img.zdic.net/zy/jiaguwen/43_F103.svg,glyphs/0370_绿_0.png
371,羲,深色,ok,—,hans（/羲/jiaguwen）,https://www.zdic.net/hans/羲/jiaguwen,2,羲佚937 合36754 黃組,羲佚937 合36754 黃組 | 羲前2.7.5 合37504 黃組,https://img.zdic.net/zy/jiaguwen/45_F279.svg;https://img.zdic.net/zy/jiaguwen/45_F27A.svg,glyphs/0371_羲_0.png;glyphs/0371_羲_1.png
372,翦,深色,ok,—,hans（/翦/jiaguwen）,https://www.zdic.net/hans/翦/jiaguwen,57,翦簠地62 合24156 出組,翦簠地62 合24156 出組 | 翦甲2948反 合5639反 賓組 | 翦乙4526 合12312 | 翦乙4529 合3521 賓組 | 翦前4.37.4 合7688 賓組 | 翦佚341 合7676 | 翦燕646 合6634 賓組 | 翦粹144 合27982 何組 | 翦京津1377 合7040 | 翦乙3526 合9200 賓組 | 翦乙7795 合6834 賓組 | 翦乙7795 合6834 賓組 | 翦鐵25.3 合7712 | 翦鐵255.1 合7708 | 翦鐵257.2 合6362 | 翦拾11.3 合3368 賓組 | 翦鐵26.1 合6825 賓組 | 翦前7.17.1 合6062 賓組 | 翦前7.42.1 合8613 賓組 | 翦後2.27.4 合7035 | 翦菁2.1 合6057 賓組 | 翦林2.13.4 合7701 賓組 | 翦佚26 合7691 賓組 | 翦佚26 合7691 賓組 | 翦福1 合6894 賓組 | 翦燕189 合7730 | 翦京津1939 | 翦存552 合6193 賓組 | 翦存610 合7703 賓組 | 翦簠地33 合584 賓組 | 翦甲1951 合30760 何組 | 翦前8.9.4 合29243 | 翦戩11.6 合31885 | 翦林2.13.9 合36816 | 翦林2.25.6 合36518 黃組 | 翦戩11.7 合29095 | 翦佚5 合26888 | 翦佚674 合22591 | 翦燕667 | 翦明藏632 | 翦京津4399 合28074 無名組 | 翦前4.18.1 合36482 黃組 | 翦佚604 合33071 𠂤歷間 | 翦後1.22.1 合32103 歷組 | 翦後2.8.9 合22476 | 翦後2.43.9 合7771 | 翦後2.43.9 合7771 | 翦甲622 合33208 賓組 | 翦甲622 合33208 賓組 | 翦後2.42.4 合33077 𠂤歷間 | 翦鄴3下.40.9 合27954 無名組 | 翦粹366 合33050 歷組 | 翦粹1177 合33084 歷組 | 翦師友1.66 | 翦寧滬1.430 合33082 歷組 | 翦庫1094 合33080 𠂤賓間 | 翦庫1095 合33081 𠂤賓間,https://img.zdic.net/zy/jiaguwen/43_EF03.svg;https://img.zdic.net/zy/jiaguwen/43_EF08.svg;https://img.zdic.net/zy/jiaguwen/43_EF09.svg;https://img.zdic.net/zy/jiaguwen/43_EF0A.svg;https://img.zdic.net/zy/jiaguwen/43_EF0B.svg;https://img.zdic.net/zy/jiaguwen/43_EF0C.svg;https://img.zdic.net/zy/jiaguwen/43_EF0D.svg;https://img.zdic.net/zy/jiaguwen/43_EF0E.svg;https://img.zdic.net/zy/jiaguwen/43_EF0F.svg;https://img.zdic.net/zy/jiaguwen/43_EF10.svg;https://img.zdic.net/zy/jiaguwen/43_EF11.svg;https://img.zdic.net/zy/jiaguwen/43_EF12.svg;https://img.zdic.net/zy/jiaguwen/43_EF13.svg;https://img.zdic.net/zy/jiaguwen/43_EF14.svg;https://img.zdic.net/zy/jiaguwen/43_EF15.svg;https://img.zdic.net/zy/jiaguwen/43_EF16.svg;https://img.zdic.net/zy/jiaguwen/43_EF17.svg;https://img.zdic.net/zy/jiaguwen/43_EF18.svg;https://img.zdic.net/zy/jiaguwen/43_EF19.svg;https://img.zdic.net/zy/jiaguwen/43_EF1A.svg;https://img.zdic.net/zy/jiaguwen/43_EF1B.svg;https://img.zdic.net/zy/jiaguwen/43_EF1C.svg;https://img.zdic.net/zy/jiaguwen/43_EF1D.svg;https://img.zdic.net/zy/jiaguwen/43_EF1E.svg;https://img.zdic.net/zy/jiaguwen/43_EF1F.svg;https://img.zdic.net/zy/jiaguwen/43_EF20.svg;https://img.zdic.net/zy/jiaguwen/43_EF21.svg;https://img.zdic.net/zy/jiaguwen/43_EF22.svg;https://img.zdic.net/zy/jiaguwen/43_EF23.svg;https://img.zdic.net/zy/jiaguwen/43_EF24.svg;https://img.zdic.net/zy/jiaguwen/43_EF25.svg;https://img.zdic.net/zy/jiaguwen/43_EF26.svg;https://img.zdic.net/zy/jiaguwen/43_EF27.svg;https://img.zdic.net/zy/jiaguwen/43_EF28.svg;https://img.zdic.net/zy/jiaguwen/43_EF29.svg;https://img.zdic.net/zy/jiaguwen/43_EF2A.svg;https://img.zdic.net/zy/jiaguwen/43_EF2B.svg;https://img.zdic.net/zy/jiaguwen/43_EF2C.svg;https://img.zdic.net/zy/jiaguwen/43_EF2D.svg;https://img.zdic.net/zy/jiaguwen/43_EF2E.svg;https://img.zdic.net/zy/jiaguwen/43_EF2F.svg;https://img.zdic.net/zy/jiaguwen/43_EF30.svg;https://img.zdic.net/zy/jiaguwen/43_EF31.svg;https://img.zdic.net/zy/jiaguwen/43_EF32.svg;https://img.zdic.net/zy/jiaguwen/43_EF33.svg;https://img.zdic.net/zy/jiaguwen/43_EF34.svg;https://img.zdic.net/zy/jiaguwen/43_EF35.svg;https://img.zdic.net/zy/jiaguwen/43_EF36.svg;https://img.zdic.net/zy/jiaguwen/43_EF37.svg;https://img.zdic.net/zy/jiaguwen/43_EF38.svg;https://img.zdic.net/zy/jiaguwen/43_EF39.svg;https://img.zdic.net/zy/jiaguwen/43_EF3A.svg;https://img.zdic.net/zy/jiaguwen/43_EF3B.svg;https://img.zdic.net/zy/jiaguwen/43_EF3C.svg;https://img.zdic.net/zy/jiaguwen/43_EF3D.svg;https://img.zdic.net/zy/jiaguwen/43_EF3E.svg;https://img.zdic.net/zy/jiaguwen/43_EF3F.svg,glyphs/0372_翦_0.png;glyphs/0372_翦_1.png;glyphs/0372_翦_2.png;glyphs/0372_翦_3.png;glyphs/0372_翦_4.png;glyphs/0372_翦_5.png;glyphs/0372_翦_6.png;glyphs/0372_翦_7.png;glyphs/0372_翦_8.png;glyphs/0372_翦_9.png;glyphs/0372_翦_10.png;glyphs/0372_翦_11.png;glyphs/0372_翦_12.png;glyphs/0372_翦_13.png;glyphs/0372_翦_14.png;glyphs/0372_翦_15.png;glyphs/0372_翦_16.png;glyphs/0372_翦_17.png;glyphs/0372_翦_18.png;glyphs/0372_翦_19.png;glyphs/0372_翦_20.png;glyphs/0372_翦_21.png;glyphs/0372_翦_22.png;glyphs/0372_翦_23.png;glyphs/0372_翦_24.png;glyphs/0372_翦_25.png;glyphs/0372_翦_26.png;glyphs/0372_翦_27.png;glyphs/0372_翦_28.png;glyphs/0372_翦_29.png;glyphs/0372_翦_30.png;glyphs/0372_翦_31.png;glyphs/0372_翦_32.png;glyphs/0372_翦_33.png;glyphs/0372_翦_34.png;glyphs/0372_翦_35.png;glyphs/0372_翦_36.png;glyphs/0372_翦_37.png;glyphs/0372_翦_38.png;glyphs/0372_翦_39.png;glyphs/0372_翦_40.png;glyphs/0372_翦_41.png;glyphs/0372_翦_42.png;glyphs/0372_翦_43.png;glyphs/0372_翦_44.png;glyphs/0372_翦_45.png;glyphs/0372_翦_46.png;glyphs/0372_翦_47.png;glyphs/0372_翦_48.png;glyphs/0372_翦_49.png;glyphs/0372_翦_50.png;glyphs/0372_翦_51.png;glyphs/0372_翦_52.png;glyphs/0372_翦_53.png;glyphs/0372_翦_54.png;glyphs/0372_翦_55.png;glyphs/0372_翦_56.png
373,肆,深色,ok,—,hans（/肆/jiaguwen）,https://www.zdic.net/hans/肆/jiaguwen,17,肆前1.22.2 合36169 黃組,肆前1.22.2 合36169 黃組 | 肆前5.3.7 合30999 何組 | 肆簠文50 合15872 賓組 | 肆掇1.433 合34632 歷組 | 肆粹541 合31045 無名組 | 肆明藏504 | 肆京津212 合15871 | 肆明1586 合15878 賓組 | 肆明1821 | 肆陳24 合1306 賓組 | 肆甲2102 合9419 賓組 | 肆續5.30.16 合15880 賓組 | 肆鐵129 | 肆乙837 合16462 | 肆乙8810 合22294 子組 | 肆菁10.6 合2710 賓組 | 肆明藏670,https://img.zdic.net/zy/jiaguwen/42_F06E.svg;https://img.zdic.net/zy/jiaguwen/42_F06F.svg;https://img.zdic.net/zy/jiaguwen/42_F070.svg;https://img.zdic.net/zy/jiaguwen/42_F071.svg;https://img.zdic.net/zy/jiaguwen/42_F072.svg;https://img.zdic.net/zy/jiaguwen/42_F073.svg;https://img.zdic.net/zy/jiaguwen/42_F074.svg;https://img.zdic.net/zy/jiaguwen/42_F075.svg;https://img.zdic.net/zy/jiaguwen/42_F076.svg;https://img.zdic.net/zy/jiaguwen/42_F077.svg;https://img.zdic.net/zy/jiaguwen/42_F078.svg;https://img.zdic.net/zy/jiaguwen/42_F079.svg;https://img.zdic.net/zy/jiaguwen/42_F07A.svg;https://img.zdic.net/zy/jiaguwen/42_F07B.svg;https://img.zdic.net/zy/jiaguwen/42_F07C.svg;https://img.zdic.net/zy/jiaguwen/42_F07D.svg;https://img.zdic.net/zy/jiaguwen/42_F07E.svg,glyphs/0373_肆_0.png;glyphs/0373_肆_1.png;glyphs/0373_肆_2.png;glyphs/0373_肆_3.png;glyphs/0373_肆_4.png;glyphs/0373_肆_5.png;glyphs/0373_肆_6.png;glyphs/0373_肆_7.png;glyphs/0373_肆_8.png;glyphs/0373_肆_9.png;glyphs/0373_肆_10.png;glyphs/0373_肆_11.png;glyphs/0373_肆_12.png;glyphs/0373_肆_13.png;glyphs/0373_肆_14.png;glyphs/0373_肆_15.png;glyphs/0373_肆_16.png
374,肘,深色,ok,—,hans（/肘/jiaguwen）,https://www.zdic.net/hans/肘/jiaguwen,1,肘前4.11.2 合4899 賓組,肘前4.11.2 合4899 賓組,https://img.zdic.net/zy/jiaguwen/45_F1D0.svg,glyphs/0374_肘_0.png
375,肩,深色,ok,—,hans（/肩/jiaguwen）,https://www.zdic.net/hans/肩/jiaguwen,55,肩福17 合16873,肩福17 合16873 | 肩燕601 合20232 𠂤組 | 肩燕104 合34894 | 肩拾10.12 合21307 | 肩前6.38.6 合35113 | 肩前7.2.2 合13869 | 肩前6.38.6 合35113 | 肩戩30.2 合35002 | 肩戩30.3 合35022 | 肩戩30.4 合34768 | 肩戩46.5 合35170 | 肩京津1876 合16440 | 肩乙6343 合99 | 肩乙7360 合8796 | 肩乙7452 合709 賓組 | 肩戩29.10 合34931 歷組 | 肩鐵215.4 合4786 | 肩前1.43.6 合13907 賓組 | 肩林2.2.4 合13880 | 肩林2.30.12 合17628 | 肩乙6638 合14199 賓組 | 肩林2.6.13 合18573 | 肩後2.17.13 合13917 | 肩前5.10.1 合13884 | 肩前4.9.3 | 肩前4.36.5 | 肩後1.19.15 合23399 出組 | 肩後2.14.9 合14381 賓組 | 肩林2.30.1 | 肩戩46.13 合26626 | 肩戩46.13 合26626 | 肩燕325 | 肩燕810 合25810 | 肩粹213 合22835 出組 | 肩師友2.176 | 肩河73 合26624 | 肩佚749 合31159 | 肩佚362 合25492 | 肩佚402 合24803 | 肩佚402 合24803 | 肩粹1526 合35175 | 肩粹1528 合35208 | 肩林1.7.3 合35167 | 肩佚8 合13883 | 肩佚106 合20075 𠂤組 | 肩甲759 合35191 | 肩鄴3下.35.13 合35166 歷組 | 肩鐵149.4 合7631 | 肩天87 合7859 賓組 | 肩乙383 合21053 | 肩乙443 合20072 𠂤組 | 肩續1.47.2 合595 賓組 | 肩珠717 合19722 | 肩珠969 合13893 | 肩前5.24.4 合22001 子組,https://img.zdic.net/zy/jiaguwen/41_F396.svg;https://img.zdic.net/zy/jiaguwen/41_F397.svg;https://img.zdic.net/zy/jiaguwen/41_F398.svg;https://img.zdic.net/zy/jiaguwen/41_F399.svg;https://img.zdic.net/zy/jiaguwen/41_F39A.svg;https://img.zdic.net/zy/jiaguwen/41_F39B.svg;https://img.zdic.net/zy/jiaguwen/41_F39C.svg;https://img.zdic.net/zy/jiaguwen/41_F39D.svg;https://img.zdic.net/zy/jiaguwen/41_F39E.svg;https://img.zdic.net/zy/jiaguwen/41_F39F.svg;https://img.zdic.net/zy/jiaguwen/41_F3A0.svg;https://img.zdic.net/zy/jiaguwen/41_F3A1.svg;https://img.zdic.net/zy/jiaguwen/41_F3A2.svg;https://img.zdic.net/zy/jiaguwen/41_F3A3.svg;https://img.zdic.net/zy/jiaguwen/41_F3A4.svg;https://img.zdic.net/zy/jiaguwen/41_F3A5.svg;https://img.zdic.net/zy/jiaguwen/41_F3A6.svg;https://img.zdic.net/zy/jiaguwen/41_F3A7.svg;https://img.zdic.net/zy/jiaguwen/41_F3A8.svg;https://img.zdic.net/zy/jiaguwen/41_F3A9.svg;https://img.zdic.net/zy/jiaguwen/41_F3AA.svg;https://img.zdic.net/zy/jiaguwen/41_F3AB.svg;https://img.zdic.net/zy/jiaguwen/41_F3AC.svg;https://img.zdic.net/zy/jiaguwen/41_F3AD.svg;https://img.zdic.net/zy/jiaguwen/41_F3AE.svg;https://img.zdic.net/zy/jiaguwen/41_F3AF.svg;https://img.zdic.net/zy/jiaguwen/41_F3B0.svg;https://img.zdic.net/zy/jiaguwen/41_F3B1.svg;https://img.zdic.net/zy/jiaguwen/41_F3B2.svg;https://img.zdic.net/zy/jiaguwen/41_F3B3.svg;https://img.zdic.net/zy/jiaguwen/41_F3B4.svg;https://img.zdic.net/zy/jiaguwen/41_F3B5.svg;https://img.zdic.net/zy/jiaguwen/41_F3B6.svg;https://img.zdic.net/zy/jiaguwen/41_F3B7.svg;https://img.zdic.net/zy/jiaguwen/41_F3B8.svg;https://img.zdic.net/zy/jiaguwen/41_F3B9.svg;https://img.zdic.net/zy/jiaguwen/41_F3BA.svg;https://img.zdic.net/zy/jiaguwen/41_F3BB.svg;https://img.zdic.net/zy/jiaguwen/41_F3BC.svg;https://img.zdic.net/zy/jiaguwen/41_F3BD.svg;https://img.zdic.net/zy/jiaguwen/41_F3BE.svg;https://img.zdic.net/zy/jiaguwen/41_F3BF.svg;https://img.zdic.net/zy/jiaguwen/41_F3C0.svg;https://img.zdic.net/zy/jiaguwen/41_F3C1.svg;https://img.zdic.net/zy/jiaguwen/41_F3C2.svg;https://img.zdic.net/zy/jiaguwen/41_F3C3.svg;https://img.zdic.net/zy/jiaguwen/41_F3C4.svg;https://img.zdic.net/zy/jiaguwen/41_F3C5.svg;https://img.zdic.net/zy/jiaguwen/41_F3C6.svg;https://img.zdic.net/zy/jiaguwen/41_F3C7.svg;https://img.zdic.net/zy/jiaguwen/41_F3C8.svg;https://img.zdic.net/zy/jiaguwen/41_F3C9.svg;https://img.zdic.net/zy/jiaguwen/41_F3CA.svg;https://img.zdic.net/zy/jiaguwen/41_F3CB.svg;https://img.zdic.net/zy/jiaguwen/41_F3CC.svg,glyphs/0375_肩_0.png;glyphs/0375_肩_1.png;glyphs/0375_肩_2.png;glyphs/0375_肩_3.png;glyphs/0375_肩_4.png;glyphs/0375_肩_5.png;glyphs/0375_肩_6.png;glyphs/0375_肩_7.png;glyphs/0375_肩_8.png;glyphs/0375_肩_9.png;glyphs/0375_肩_10.png;glyphs/0375_肩_11.png;glyphs/0375_肩_12.png;glyphs/0375_肩_13.png;glyphs/0375_肩_14.png;glyphs/0375_肩_15.png;glyphs/0375_肩_16.png;glyphs/0375_肩_17.png;glyphs/0375_肩_18.png;glyphs/0375_肩_19.png;glyphs/0375_肩_20.png;glyphs/0375_肩_21.png;glyphs/0375_肩_22.png;glyphs/0375_肩_23.png;glyphs/0375_肩_24.png;glyphs/0375_肩_25.png;glyphs/0375_肩_26.png;glyphs/0375_肩_27.png;glyphs/0375_肩_28.png;glyphs/0375_肩_29.png;glyphs/0375_肩_30.png;glyphs/0375_肩_31.png;glyphs/0375_肩_32.png;glyphs/0375_肩_33.png;glyphs/0375_肩_34.png;glyphs/0375_肩_35.png;glyphs/0375_肩_36.png;glyphs/0375_肩_37.png;glyphs/0375_肩_38.png;glyphs/0375_肩_39.png;glyphs/0375_肩_40.png;glyphs/0375_肩_41.png;glyphs/0375_肩_42.png;glyphs/0375_肩_43.png;glyphs/0375_肩_44.png;glyphs/0375_肩_45.png;glyphs/0375_肩_46.png;glyphs/0375_肩_47.png;glyphs/0375_肩_48.png;glyphs/0375_肩_49.png;glyphs/0375_肩_50.png;glyphs/0375_肩_51.png;glyphs/0375_肩_52.png;glyphs/0375_肩_53.png;glyphs/0375_肩_54.png
376,肱,深色,ok,—,hans（/肱/jiaguwen）,https://www.zdic.net/hans/肱/jiaguwen,2,肱乙7488 合13679 賓組,肱乙7488 合13679 賓組 | 肱京都447 合13678 賓組,https://img.zdic.net/zy/jiaguwen/45_E52C.svg;https://img.zdic.net/zy/jiaguwen/45_E52D.svg,glyphs/0376_肱_0.png;glyphs/0376_肱_1.png
377,膏,深色,ok,—,hans（/膏/jiaguwen）,https://www.zdic.net/hans/膏/jiaguwen,6,膏後2.5.1 合7926 𠂤賓間,膏後2.5.1 合7926 𠂤賓間 | 膏京津2769 合7927 𠂤賓間 | 膏前1.29.4 合10918 | 膏前2.15.1 合37532 黃組 | 膏明2291 合18269 | 膏陳72 合15062 賓組,https://img.zdic.net/zy/jiaguwen/42_E232.svg;https://img.zdic.net/zy/jiaguwen/42_E233.svg;https://img.zdic.net/zy/jiaguwen/42_E234.svg;https://img.zdic.net/zy/jiaguwen/42_E235.svg;https://img.zdic.net/zy/jiaguwen/42_E236.svg;https://img.zdic.net/zy/jiaguwen/42_E237.svg,glyphs/0377_膏_0.png;glyphs/0377_膏_1.png;glyphs/0377_膏_2.png;glyphs/0377_膏_3.png;glyphs/0377_膏_4.png;glyphs/0377_膏_5.png
378,臬,深色,ok,—,hans（/臬/jiaguwen）,https://www.zdic.net/hans/臬/jiaguwen,1,臬前5.13.6 合10744,臬前5.13.6 合10744,https://img.zdic.net/zy/jiaguwen/42_EAA8.svg,glyphs/0378_臬_0.png
379,萌,淡蓝 #7396FF,L2,淡蓝同批·待核,hans（/萌/jiaguwen）,https://www.zdic.net/hans/萌/jiaguwen,3,萌後2.3.8 合33130 歷組,萌後2.3.8 合33130 歷組 | 萌庫1025 合23148 出組 | 萌佚292 合29092 何組,https://img.zdic.net/zy/jiaguwen/41_E2BA.svg;https://img.zdic.net/zy/jiaguwen/41_E2BB.svg;https://img.zdic.net/zy/jiaguwen/41_E2BC.svg,glyphs/0379_萌_0.png;glyphs/0379_萌_1.png;glyphs/0379_萌_2.png
380,萑,深色,ok,—,hans（/萑/jiaguwen）,https://www.zdic.net/hans/萑/jiaguwen,6,萑河746 合18432 𠂤賓間,萑河746 合18432 𠂤賓間 | 萑存下527 合40747 | 萑摭續309 合10999 賓組 | 萑珠905 | 萑燕488背 合13159 賓組 | 萑燕491 合10047 賓組,https://img.zdic.net/zy/jiaguwen/41_E2B4.svg;https://img.zdic.net/zy/jiaguwen/41_E2B5.svg;https://img.zdic.net/zy/jiaguwen/41_E2B6.svg;https://img.zdic.net/zy/jiaguwen/41_E2B7.svg;https://img.zdic.net/zy/jiaguwen/41_E2B8.svg;https://img.zdic.net/zy/jiaguwen/41_E2B9.svg,glyphs/0380_萑_0.png;glyphs/0380_萑_1.png;glyphs/0380_萑_2.png;glyphs/0380_萑_3.png;glyphs/0380_萑_4.png;glyphs/0380_萑_5.png
381,蓐,深色,ok,—,hans（/蓐/jiaguwen）,https://www.zdic.net/hans/蓐/jiaguwen,7,蓐乙8502 合20624 𠂤組,蓐乙8502 合20624 𠂤組 | 蓐甲274 合9497 賓組 | 蓐前5.48.2 合9498 賓組 | 蓐乙282 合10474 𠂤賓間 | 蓐寧滬2.29 合583 賓組 | 蓐甲1978 合28087 何組 | 蓐師友1.124,https://img.zdic.net/zy/jiaguwen/41_E327.svg;https://img.zdic.net/zy/jiaguwen/41_E328.svg;https://img.zdic.net/zy/jiaguwen/41_E329.svg;https://img.zdic.net/zy/jiaguwen/41_E32A.svg;https://img.zdic.net/zy/jiaguwen/41_E32B.svg;https://img.zdic.net/zy/jiaguwen/41_E32C.svg;https://img.zdic.net/zy/jiaguwen/41_E32D.svg,glyphs/0381_蓐_0.png;glyphs/0381_蓐_1.png;glyphs/0381_蓐_2.png;glyphs/0381_蓐_3.png;glyphs/0381_蓐_4.png;glyphs/0381_蓐_5.png;glyphs/0381_蓐_6.png
382,蟮,深色,ok,—,hans（/蟮/jiaguwen）,https://www.zdic.net/hans/蟮/jiaguwen,3,蟮合26898 合26898 無名組,蟮合26898 合26898 無名組 | 蟮合26898 合26898 無名組 | 蟮合27999 合27999 無名組,https://img.zdic.net/zy/jiaguwen/44_E28C.svg;https://img.zdic.net/zy/jiaguwen/44_E28D.svg;https://img.zdic.net/zy/jiaguwen/44_E28E.svg,glyphs/0382_蟮_0.png;glyphs/0382_蟮_1.png;glyphs/0382_蟮_2.png
383,豪,深色,ok,—,hans（/豪/jiaguwen）,https://www.zdic.net/hans/豪/jiaguwen,1,豪寧滬2.145 合39460 黃組,豪寧滬2.145 合39460 黃組,https://img.zdic.net/zy/jiaguwen/45_E8B8.svg,glyphs/0383_豪_0.png
384,贪,深色,ok,—,hans（/贪/jiaguwen）,https://www.zdic.net/hans/贪/jiaguwen,2,贪合17468 合17468 賓組,贪合17468 合17468 賓組 | 贪英0732,https://img.zdic.net/zy/jiaguwen/44_E286.svg;https://img.zdic.net/zy/jiaguwen/44_E287.svg,glyphs/0384_贪_0.png;glyphs/0384_贪_1.png
385,辇,深色,ok,—,hans（/辇/jiaguwen）,https://www.zdic.net/hans/辇/jiaguwen,2,辇合29693 合29693 無名組,辇合29693 合29693 無名組 | 辇合31181 合31181,https://img.zdic.net/zy/jiaguwen/44_E2C7.svg;https://img.zdic.net/zy/jiaguwen/44_E2C8.svg,glyphs/0385_辇_0.png;glyphs/0385_辇_1.png
386,辔,深色,ok,—,hans（/辔/jiaguwen）,https://www.zdic.net/hans/辔/jiaguwen,16,辔粹1125 合33030 歷組,辔粹1125 合33030 歷組 | 辔粹1426 合33145 歷組 | 辔鄴3下.43.7 合27990 無名組 | 辔前2.18.4 合8175 賓組 | 辔前2.18.5 合8178 | 辔摭續164 合33147 歷組 | 辔摭續164 合33147 歷組 | 辔前5.18.4 合14482 | 辔前7.12.1 合6939 賓組 | 辔後1.13.4 合33148 歷組 | 辔後1.13.5 合33040 𠂤賓間 | 辔安11.5 合33100 歷組 | 辔京津161 合6637 | 辔京津1568 合8177 賓組 | 辔存550 合6352 | 辔燕684 合8176 賓組,https://img.zdic.net/zy/jiaguwen/43_F133.svg;https://img.zdic.net/zy/jiaguwen/43_F134.svg;https://img.zdic.net/zy/jiaguwen/43_F135.svg;https://img.zdic.net/zy/jiaguwen/43_F136.svg;https://img.zdic.net/zy/jiaguwen/43_F137.svg;https://img.zdic.net/zy/jiaguwen/43_F138.svg;https://img.zdic.net/zy/jiaguwen/43_F139.svg;https://img.zdic.net/zy/jiaguwen/43_F13A.svg;https://img.zdic.net/zy/jiaguwen/43_F13B.svg;https://img.zdic.net/zy/jiaguwen/43_F13C.svg;https://img.zdic.net/zy/jiaguwen/43_F13D.svg;https://img.zdic.net/zy/jiaguwen/43_F13E.svg;https://img.zdic.net/zy/jiaguwen/43_F13F.svg;https://img.zdic.net/zy/jiaguwen/43_F140.svg;https://img.zdic.net/zy/jiaguwen/43_F141.svg;https://img.zdic.net/zy/jiaguwen/43_F142.svg,glyphs/0386_辔_0.png;glyphs/0386_辔_1.png;glyphs/0386_辔_2.png;glyphs/0386_辔_3.png;glyphs/0386_辔_4.png;glyphs/0386_辔_5.png;glyphs/0386_辔_6.png;glyphs/0386_辔_7.png;glyphs/0386_辔_8.png;glyphs/0386_辔_9.png;glyphs/0386_辔_10.png;glyphs/0386_辔_11.png;glyphs/0386_辔_12.png;glyphs/0386_辔_13.png;glyphs/0386_辔_14.png;glyphs/0386_辔_15.png
387,辽,深色,ok,—,hans（/辽/jiaguwen）,https://www.zdic.net/hans/辽/jiaguwen,1,辽合28190 合28190 無名組,辽合28190 合28190 無名組,https://img.zdic.net/zy/jiaguwen/44_E293.svg,glyphs/0387_辽_0.png
388,迺,深色,ok,—,hans（/迺/jiaguwen）,https://www.zdic.net/hans/迺/jiaguwen,26,迺明藏634,迺明藏634 | 迺續2.2.4 合27165 歷無名間 | 迺存265 合1733 | 迺寧滬1.179 合27209 無名組 | 迺寧滬1.501 合27756 無名組 | 迺甲404 合31116 無名組 | 迺甲716 合28608 | 迺甲761 合27791 無名組 | 迺甲1225 合28101 | 迺甲1505 合28621 | 迺甲2489 合27627 歷無名間 | 迺甲3590 合20171 𠂤歷間 | 迺乙5399 合22046 | 迺鐵179.1 合8007 | 迺鐵240.3 合15583 賓組 | 迺前4.35.1 合11406 | 迺前6.58.5 合8232 賓組 | 迺簠游68 合6536 賓組 | 迺前6.61.7 合6753 𠂤賓間 | 迺後2.20.4 合28635 | 迺後2.22.16 合28058 無名組 | 迺戩44.17 合32812 𠂤歷間 | 迺粹140 合27092 無名組 | 迺鄴初下.38.3 合11024 | 迺鄴初下.40.1 合24502 出組 | 迺京津1557 合9593,https://img.zdic.net/zy/jiaguwen/42_E3BD.svg;https://img.zdic.net/zy/jiaguwen/42_E3BE.svg;https://img.zdic.net/zy/jiaguwen/42_E3BF.svg;https://img.zdic.net/zy/jiaguwen/42_E3C0.svg;https://img.zdic.net/zy/jiaguwen/42_E3C1.svg;https://img.zdic.net/zy/jiaguwen/42_E3C2.svg;https://img.zdic.net/zy/jiaguwen/42_E3C3.svg;https://img.zdic.net/zy/jiaguwen/42_E3C4.svg;https://img.zdic.net/zy/jiaguwen/42_E3C5.svg;https://img.zdic.net/zy/jiaguwen/42_E3C6.svg;https://img.zdic.net/zy/jiaguwen/42_E3C7.svg;https://img.zdic.net/zy/jiaguwen/42_E3C8.svg;https://img.zdic.net/zy/jiaguwen/42_E3C9.svg;https://img.zdic.net/zy/jiaguwen/42_E3CA.svg;https://img.zdic.net/zy/jiaguwen/42_E3CB.svg;https://img.zdic.net/zy/jiaguwen/42_E3CC.svg;https://img.zdic.net/zy/jiaguwen/42_E3CD.svg;https://img.zdic.net/zy/jiaguwen/42_E3CE.svg;https://img.zdic.net/zy/jiaguwen/42_E3CF.svg;https://img.zdic.net/zy/jiaguwen/42_E3D0.svg;https://img.zdic.net/zy/jiaguwen/42_E3D1.svg;https://img.zdic.net/zy/jiaguwen/42_E3D2.svg;https://img.zdic.net/zy/jiaguwen/42_E3D3.svg;https://img.zdic.net/zy/jiaguwen/42_E3D4.svg;https://img.zdic.net/zy/jiaguwen/42_E3D5.svg;https://img.zdic.net/zy/jiaguwen/42_E3D6.svg,glyphs/0388_迺_0.png;glyphs/0388_迺_1.png;glyphs/0388_迺_2.png;glyphs/0388_迺_3.png;glyphs/0388_迺_4.png;glyphs/0388_迺_5.png;glyphs/0388_迺_6.png;glyphs/0388_迺_7.png;glyphs/0388_迺_8.png;glyphs/0388_迺_9.png;glyphs/0388_迺_10.png;glyphs/0388_迺_11.png;glyphs/0388_迺_12.png;glyphs/0388_迺_13.png;glyphs/0388_迺_14.png;glyphs/0388_迺_15.png;glyphs/0388_迺_16.png;glyphs/0388_迺_17.png;glyphs/0388_迺_18.png;glyphs/0388_迺_19.png;glyphs/0388_迺_20.png;glyphs/0388_迺_21.png;glyphs/0388_迺_22.png;glyphs/0388_迺_23.png;glyphs/0388_迺_24.png;glyphs/0388_迺_25.png
389,追,深色,ok,—,hans（/追/jiaguwen）,https://www.zdic.net/hans/追/jiaguwen,16,追甲243 合20462 𠂤組,追甲243 合20462 𠂤組 | 追甲955 合20460 𠂤組 | 追乙2824 合19312 | 追乙515 合873 | 追乙1075 合878 | 追鐵97.4 合491 | 追前5.27.1 合493 賓組 | 追乙9085反 合20463反 𠂤組 | 追戩9.8 合14455 賓組 | 追後2.40.7 合14454 | 追林1.8.15 合9550 | 追燕590 合6594 賓組 | 追佚637 合19783 | 追珠423 合494 | 追京津4387 合32815 歷組 | 追京津4391 合28014 無名組,https://img.zdic.net/zy/jiaguwen/41_E8E5.svg;https://img.zdic.net/zy/jiaguwen/41_E8E6.svg;https://img.zdic.net/zy/jiaguwen/41_E8E7.svg;https://img.zdic.net/zy/jiaguwen/41_E8E8.svg;https://img.zdic.net/zy/jiaguwen/41_E8E9.svg;https://img.zdic.net/zy/jiaguwen/41_E8EA.svg;https://img.zdic.net/zy/jiaguwen/41_E8EB.svg;https://img.zdic.net/zy/jiaguwen/41_E8EC.svg;https://img.zdic.net/zy/jiaguwen/41_E8ED.svg;https://img.zdic.net/zy/jiaguwen/41_E8EE.svg;https://img.zdic.net/zy/jiaguwen/41_E8EF.svg;https://img.zdic.net/zy/jiaguwen/41_E8F0.svg;https://img.zdic.net/zy/jiaguwen/41_E8F1.svg;https://img.zdic.net/zy/jiaguwen/41_E8F2.svg;https://img.zdic.net/zy/jiaguwen/41_E8F3.svg;https://img.zdic.net/zy/jiaguwen/41_E8F4.svg,glyphs/0389_追_0.png;glyphs/0389_追_1.png;glyphs/0389_追_2.png;glyphs/0389_追_3.png;glyphs/0389_追_4.png;glyphs/0389_追_5.png;glyphs/0389_追_6.png;glyphs/0389_追_7.png;glyphs/0389_追_8.png;glyphs/0389_追_9.png;glyphs/0389_追_10.png;glyphs/0389_追_11.png;glyphs/0389_追_12.png;glyphs/0389_追_13.png;glyphs/0389_追_14.png;glyphs/0389_追_15.png
390,退,深色,ok,—,hans（/退/jiaguwen）,https://www.zdic.net/hans/退/jiaguwen,5,退後2.26.7 合32260 歷組,退後2.26.7 合32260 歷組 | 退佚882 合34119 歷組 | 退粹1060 合33690 歷組 | 退明藏447 | 退合557 合557 賓組,https://img.zdic.net/zy/jiaguwen/42_E9FF.svg;https://img.zdic.net/zy/jiaguwen/42_EA00.svg;https://img.zdic.net/zy/jiaguwen/42_EA01.svg;https://img.zdic.net/zy/jiaguwen/42_EA02.svg;https://img.zdic.net/zy/jiaguwen/44_E2D1.svg,glyphs/0390_退_0.png;glyphs/0390_退_1.png;glyphs/0390_退_2.png;glyphs/0390_退_3.png;glyphs/0390_退_4.png
391,途,淡蓝 #7396FF,L2,淡蓝同批·待核,hans（/途/jiaguwen）,https://www.zdic.net/hans/途/jiaguwen,13,途乙3401 合6032 賓組,途乙3401 合6032 賓組 | 途乙6386反 合11506反 賓組 | 途乙6419反 合6037反 賓組 | 途前6.25.2 合68 賓組 | 途佚945 合6667 賓組 | 途前6.26.5 合10579 賓組 | 途前6.26.5 合10579 賓組 | 途前7.23.1 合5452 賓組 | 途續3.37.1 合67 賓組 | 途前7.24.2與7.18.3綴合 | 途燕16 合6053 賓組 | 途燕605 合6047 賓組 | 途京都393 合10800,https://img.zdic.net/zy/jiaguwen/41_E956.svg;https://img.zdic.net/zy/jiaguwen/41_E957.svg;https://img.zdic.net/zy/jiaguwen/41_E958.svg;https://img.zdic.net/zy/jiaguwen/41_E959.svg;https://img.zdic.net/zy/jiaguwen/41_E95A.svg;https://img.zdic.net/zy/jiaguwen/41_E95B.svg;https://img.zdic.net/zy/jiaguwen/41_E95C.svg;https://img.zdic.net/zy/jiaguwen/41_E95D.svg;https://img.zdic.net/zy/jiaguwen/41_E95E.svg;https://img.zdic.net/zy/jiaguwen/41_E95F.svg;https://img.zdic.net/zy/jiaguwen/41_E960.svg;https://img.zdic.net/zy/jiaguwen/41_E961.svg;https://img.zdic.net/zy/jiaguwen/41_E962.svg,glyphs/0391_途_0.png;glyphs/0391_途_1.png;glyphs/0391_途_2.png;glyphs/0391_途_3.png;glyphs/0391_途_4.png;glyphs/0391_途_5.png;glyphs/0391_途_6.png;glyphs/0391_途_7.png;glyphs/0391_途_8.png;glyphs/0391_途_9.png;glyphs/0391_途_10.png;glyphs/0391_途_11.png;glyphs/0391_途_12.png
392,逸,深色,ok,—,hans（/逸/jiaguwen）,https://www.zdic.net/hans/逸/jiaguwen,15,逸乙673 合505 賓組,逸乙673 合505 賓組 | 逸乙1150 合506 賓組 | 逸乙4073 合506 賓組 | 逸鐵145.4 合5932 賓組 | 逸前5.32.6 合5935 賓組 | 逸菁5.1 合137 賓組 | 逸續4.28.3 合17066 賓組 | 逸簠地27 合13362 賓組 | 逸燕124 合139 賓組 | 逸燕695 合5927 | 逸乙5448 合854 | 逸前4.17.3 合846 賓組 | 逸後2.41.1 合138 賓組 | 逸林1.29.11 合862 賓組 | 逸林1.29.12 合865,https://img.zdic.net/zy/jiaguwen/41_E79D.svg;https://img.zdic.net/zy/jiaguwen/41_E79E.svg;https://img.zdic.net/zy/jiaguwen/41_E79F.svg;https://img.zdic.net/zy/jiaguwen/41_E7A0.svg;https://img.zdic.net/zy/jiaguwen/41_E7A1.svg;https://img.zdic.net/zy/jiaguwen/41_E7A2.svg;https://img.zdic.net/zy/jiaguwen/41_E7A3.svg;https://img.zdic.net/zy/jiaguwen/41_E7A4.svg;https://img.zdic.net/zy/jiaguwen/41_E7A5.svg;https://img.zdic.net/zy/jiaguwen/41_E7A6.svg;https://img.zdic.net/zy/jiaguwen/42_EBCD.svg;https://img.zdic.net/zy/jiaguwen/42_EBD8.svg;https://img.zdic.net/zy/jiaguwen/42_EBDC.svg;https://img.zdic.net/zy/jiaguwen/42_EBDE.svg;https://img.zdic.net/zy/jiaguwen/42_EBDF.svg,glyphs/0392_逸_0.png;glyphs/0392_逸_1.png;glyphs/0392_逸_2.png;glyphs/0392_逸_3.png;glyphs/0392_逸_4.png;glyphs/0392_逸_5.png;glyphs/0392_逸_6.png;glyphs/0392_逸_7.png;glyphs/0392_逸_8.png;glyphs/0392_逸_9.png;glyphs/0392_逸_10.png;glyphs/0392_逸_11.png;glyphs/0392_逸_12.png;glyphs/0392_逸_13.png;glyphs/0392_逸_14.png
393,铸,深色,ok,—,hans（/铸/jiaguwen）,https://www.zdic.net/hans/铸/jiaguwen,1,铸甲511,铸甲511,https://img.zdic.net/zy/jiaguwen/43_F3A9.svg,glyphs/0393_铸_0.png
394,阶,淡蓝 #7396FF,L1,实证错配·与金文表同图,hans（/阶/jiaguwen）,https://www.zdic.net/hans/阶/jiaguwen,1,阶摭續175 合36938 黃組,阶摭續175 合36938 黃組,https://img.zdic.net/zy/jiaguwen/45_F1A3.svg,glyphs/0394_阶_0.png
395,陴,淡蓝 #7396FF,L2,淡蓝同批·待核,hans（/陴/jiaguwen）,https://www.zdic.net/hans/陴/jiaguwen,2,陴前2.8.3 合36775 黃組,陴前2.8.3 合36775 黃組 | 陴前2.8.4 合36962 黃組,https://img.zdic.net/zy/jiaguwen/43_F4E1.svg;https://img.zdic.net/zy/jiaguwen/43_F4E2.svg,glyphs/0395_陴_0.png;glyphs/0395_陴_1.png
396,陷,深色,ok,—,hans（/陷/jiaguwen）,https://www.zdic.net/hans/陷/jiaguwen,19,陷前1.32.6,陷前1.32.6 | 陷後1.23.12 合15615 | 陷粹38 合14609 | 陷甲890 合21258 𠂤組 | 陷簠典51 合15601 | 陷甲3523 | 陷鐵175.3 合15551 賓組 | 陷乙3558 合22123 | 陷前7.3.3 合16197 賓組 | 陷續2.18.8 合14313 賓組 | 陷後2.4.4 合21257 𠂤組 | 陷鐵107.3 合11752 | 陷乙4882 合13485 | 陷前6.41.1 合10671 | 陷明藏199 | 陷乙2235 合10655 | 陷摭續125 合33374 歷組 | 陷乙2891 合10656 賓組 | 陷前6.41.4 合10659 賓組,https://img.zdic.net/zy/jiaguwen/41_E2F4.svg;https://img.zdic.net/zy/jiaguwen/41_E2F5.svg;https://img.zdic.net/zy/jiaguwen/41_E2F6.svg;https://img.zdic.net/zy/jiaguwen/41_E2F7.svg;https://img.zdic.net/zy/jiaguwen/41_E2F8.svg;https://img.zdic.net/zy/jiaguwen/41_E2F9.svg;https://img.zdic.net/zy/jiaguwen/41_E2FA.svg;https://img.zdic.net/zy/jiaguwen/41_E2FB.svg;https://img.zdic.net/zy/jiaguwen/41_E2FC.svg;https://img.zdic.net/zy/jiaguwen/41_E2FD.svg;https://img.zdic.net/zy/jiaguwen/41_E2FE.svg;https://img.zdic.net/zy/jiaguwen/41_E2FF.svg;https://img.zdic.net/zy/jiaguwen/41_E300.svg;https://img.zdic.net/zy/jiaguwen/41_E301.svg;https://img.zdic.net/zy/jiaguwen/41_E302.svg;https://img.zdic.net/zy/jiaguwen/41_E303.svg;https://img.zdic.net/zy/jiaguwen/41_E304.svg;https://img.zdic.net/zy/jiaguwen/41_E305.svg;https://img.zdic.net/zy/jiaguwen/41_E306.svg,glyphs/0396_陷_0.png;glyphs/0396_陷_1.png;glyphs/0396_陷_2.png;glyphs/0396_陷_3.png;glyphs/0396_陷_4.png;glyphs/0396_陷_5.png;glyphs/0396_陷_6.png;glyphs/0396_陷_7.png;glyphs/0396_陷_8.png;glyphs/0396_陷_9.png;glyphs/0396_陷_10.png;glyphs/0396_陷_11.png;glyphs/0396_陷_12.png;glyphs/0396_陷_13.png;glyphs/0396_陷_14.png;glyphs/0396_陷_15.png;glyphs/0396_陷_16.png;glyphs/0396_陷_17.png;glyphs/0396_陷_18.png
397,雉,深色,ok,—,hans（/雉/jiaguwen）,https://www.zdic.net/hans/雉/jiaguwen,45,雉乙5403 合7352 賓組,雉乙5403 合7352 賓組 | 雉乙8751 合10513 𠂤賓間 | 雉前2.31.5 合37378 黃組 | 雉前7.24.1 合5843 | 雉掇2.168 合26886 | 雉鄴3下.44.5 合26897 無名組 | 雉粹1153 合26888 | 雉京津2600 合8874 賓組 | 雉京津4400 合26882 何組 | 雉京津4401 合26890 | 雉京津4911 合28138 無名組 | 雉存下805 合26886 | 雉寧滬1.511 合26891 | 雉通別2.4.12 | 雉輔仁106 | 雉佚5 合26888 | 雉佚922 合26884 | 雉佚922 合26884 | 雉佚990 合10921 賓組 | 雉前2.11.6 合37455 黃組 | 雉前2.30.1 合37367 黃組 | 雉前2.30.4 合37399 | 雉前2.34.6 合37486 | 雉前4.44.1 合37412 | 雉後1.14.10 合37478 | 雉後2.6.4 合18335 賓組 | 雉掇2.203 合37368 黃組 | 雉掇2.216 合37364 | 雉續3.17.3 合37510 | 雉續3.18.1 合37365 | 雉坊間1.100 | 雉存2370 合37364 | 雉庫1536 合41801 | 雉明99 合24446 出組 | 雉陳86 合37500 黃組 | 雉京都50 合2423 | 雉甲2562 合35344 | 雉前2.8.5 合36346 何組 | 雉前2.18.2 合35346 黃組 | 雉前5.6.1 合35347 黃組 | 雉林1.24.16 合35348 | 雉京都2129 合26883 | 雉京都2146 合27996 無名組 | 雉鄴3下.38.2 合26879 無名組 | 雉鄴3下.39.10 合26880 無名組,https://img.zdic.net/zy/jiaguwen/41_F712.svg;https://img.zdic.net/zy/jiaguwen/41_F713.svg;https://img.zdic.net/zy/jiaguwen/41_F714.svg;https://img.zdic.net/zy/jiaguwen/41_F715.svg;https://img.zdic.net/zy/jiaguwen/41_F716.svg;https://img.zdic.net/zy/jiaguwen/41_F717.svg;https://img.zdic.net/zy/jiaguwen/41_F718.svg;https://img.zdic.net/zy/jiaguwen/41_F719.svg;https://img.zdic.net/zy/jiaguwen/41_F71A.svg;https://img.zdic.net/zy/jiaguwen/41_F71B.svg;https://img.zdic.net/zy/jiaguwen/41_F71C.svg;https://img.zdic.net/zy/jiaguwen/41_F71D.svg;https://img.zdic.net/zy/jiaguwen/41_F71E.svg;https://img.zdic.net/zy/jiaguwen/41_F71F.svg;https://img.zdic.net/zy/jiaguwen/41_F720.svg;https://img.zdic.net/zy/jiaguwen/41_F721.svg;https://img.zdic.net/zy/jiaguwen/41_F722.svg;https://img.zdic.net/zy/jiaguwen/41_F723.svg;https://img.zdic.net/zy/jiaguwen/41_F724.svg;https://img.zdic.net/zy/jiaguwen/41_F725.svg;https://img.zdic.net/zy/jiaguwen/41_F726.svg;https://img.zdic.net/zy/jiaguwen/41_F727.svg;https://img.zdic.net/zy/jiaguwen/41_F728.svg;https://img.zdic.net/zy/jiaguwen/41_F729.svg;https://img.zdic.net/zy/jiaguwen/41_F72A.svg;https://img.zdic.net/zy/jiaguwen/41_F72B.svg;https://img.zdic.net/zy/jiaguwen/41_F72C.svg;https://img.zdic.net/zy/jiaguwen/41_F72D.svg;https://img.zdic.net/zy/jiaguwen/41_F72E.svg;https://img.zdic.net/zy/jiaguwen/41_F72F.svg;https://img.zdic.net/zy/jiaguwen/41_F730.svg;https://img.zdic.net/zy/jiaguwen/41_F731.svg;https://img.zdic.net/zy/jiaguwen/41_F732.svg;https://img.zdic.net/zy/jiaguwen/41_F733.svg;https://img.zdic.net/zy/jiaguwen/41_F734.svg;https://img.zdic.net/zy/jiaguwen/41_F735.svg;https://img.zdic.net/zy/jiaguwen/41_F736.svg;https://img.zdic.net/zy/jiaguwen/41_F737.svg;https://img.zdic.net/zy/jiaguwen/41_F738.svg;https://img.zdic.net/zy/jiaguwen/41_F739.svg;https://img.zdic.net/zy/jiaguwen/41_F73A.svg;https://img.zdic.net/zy/jiaguwen/41_F73B.svg;https://img.zdic.net/zy/jiaguwen/41_F73C.svg;https://img.zdic.net/zy/jiaguwen/41_F73D.svg;https://img.zdic.net/zy/jiaguwen/41_F73E.svg,glyphs/0397_雉_0.png;glyphs/0397_雉_1.png;glyphs/0397_雉_2.png;glyphs/0397_雉_3.png;glyphs/0397_雉_4.png;glyphs/0397_雉_5.png;glyphs/0397_雉_6.png;glyphs/0397_雉_7.png;glyphs/0397_雉_8.png;glyphs/0397_雉_9.png;glyphs/0397_雉_10.png;glyphs/0397_雉_11.png;glyphs/0397_雉_12.png;glyphs/0397_雉_13.png;glyphs/0397_雉_14.png;glyphs/0397_雉_15.png;glyphs/0397_雉_16.png;glyphs/0397_雉_17.png;glyphs/0397_雉_18.png;glyphs/0397_雉_19.png;glyphs/0397_雉_20.png;glyphs/0397_雉_21.png;glyphs/0397_雉_22.png;glyphs/0397_雉_23.png;glyphs/0397_雉_24.png;glyphs/0397_雉_25.png;glyphs/0397_雉_26.png;glyphs/0397_雉_27.png;glyphs/0397_雉_28.png;glyphs/0397_雉_29.png;glyphs/0397_雉_30.png;glyphs/0397_雉_31.png;glyphs/0397_雉_32.png;glyphs/0397_雉_33.png;glyphs/0397_雉_34.png;glyphs/0397_雉_35.png;glyphs/0397_雉_36.png;glyphs/0397_雉_37.png;glyphs/0397_雉_38.png;glyphs/0397_雉_39.png;glyphs/0397_雉_40.png;glyphs/0397_雉_41.png;glyphs/0397_雉_42.png;glyphs/0397_雉_43.png;glyphs/0397_雉_44.png
398,震,深色,ok,—,hans（/震/jiaguwen）,https://www.zdic.net/hans/震/jiaguwen,14,震乙3093反 合14211反 賓組,震乙3093反 合14211反 賓組 | 震拾4.9 合17361 賓組 | 震前2.12.5 合36432 黃組 | 震前2.12.7 合36433 黃組 | 震前2.13.2 合36429 黃組 | 震前6.25.4 合17364 賓組 | 震前6.25.5 合18257 賓組 | 震前8.6.2 合36428 黃組 | 震後1.7.12 合27635 歷無名間 | 震林1.30.7 合17363 | 震粹1021 合28757 | 震粹1204 合36434 黃組 | 震佚771 合31282 無名組 | 震續3.46.6 合5766 歷組,https://img.zdic.net/zy/jiaguwen/41_E98D.svg;https://img.zdic.net/zy/jiaguwen/41_E98E.svg;https://img.zdic.net/zy/jiaguwen/41_E98F.svg;https://img.zdic.net/zy/jiaguwen/41_E990.svg;https://img.zdic.net/zy/jiaguwen/41_E991.svg;https://img.zdic.net/zy/jiaguwen/41_E992.svg;https://img.zdic.net/zy/jiaguwen/41_E993.svg;https://img.zdic.net/zy/jiaguwen/41_E994.svg;https://img.zdic.net/zy/jiaguwen/41_E995.svg;https://img.zdic.net/zy/jiaguwen/41_E996.svg;https://img.zdic.net/zy/jiaguwen/41_E997.svg;https://img.zdic.net/zy/jiaguwen/41_E998.svg;https://img.zdic.net/zy/jiaguwen/41_E999.svg;https://img.zdic.net/zy/jiaguwen/41_E99A.svg,glyphs/0398_震_0.png;glyphs/0398_震_1.png;glyphs/0398_震_2.png;glyphs/0398_震_3.png;glyphs/0398_震_4.png;glyphs/0398_震_5.png;glyphs/0398_震_6.png;glyphs/0398_震_7.png;glyphs/0398_震_8.png;glyphs/0398_震_9.png;glyphs/0398_震_10.png;glyphs/0398_震_11.png;glyphs/0398_震_12.png;glyphs/0398_震_13.png
399,霖,深色,ok,—,hans（/霖/jiaguwen）,https://www.zdic.net/hans/霖/jiaguwen,2,霖前4.9.8 合13010 賓組,霖前4.9.8 合13010 賓組 | 霖前4.47.2 合11010 賓組,https://img.zdic.net/zy/jiaguwen/43_EAA7.svg;https://img.zdic.net/zy/jiaguwen/43_EAA8.svg,glyphs/0399_霖_0.png;glyphs/0399_霖_1.png
400,飨,深色,ok,—,hans（/飨/jiaguwen）,https://www.zdic.net/hans/飨/jiaguwen,1,飨拾6.8 合28333,飨拾6.8 合28333,https://img.zdic.net/zy/jiaguwen/42_E78A.svg,glyphs/0400_飨_0.png
401,馘,深色,ok,—,hans（/馘/jiaguwen）,https://www.zdic.net/hans/馘/jiaguwen,7,馘鐵191.1 合10869,馘鐵191.1 合10869 | 馘鐵200.3 合673 賓組 | 馘拾7.15 合33919 | 馘後2.38.8 合34621 歷組 | 馘甲2302 合22378 | 馘粹260 合412 賓組 | 馘陳130 合286 賓組,https://img.zdic.net/zy/jiaguwen/45_F438.svg;https://img.zdic.net/zy/jiaguwen/45_F439.svg;https://img.zdic.net/zy/jiaguwen/45_F43A.svg;https://img.zdic.net/zy/jiaguwen/45_F43B.svg;https://img.zdic.net/zy/jiaguwen/45_F43C.svg;https://img.zdic.net/zy/jiaguwen/45_F43D.svg;https://img.zdic.net/zy/jiaguwen/45_F43E.svg,glyphs/0401_馘_0.png;glyphs/0401_馘_1.png;glyphs/0401_馘_2.png;glyphs/0401_馘_3.png;glyphs/0401_馘_4.png;glyphs/0401_馘_5.png;glyphs/0401_馘_6.png
402,驳,深色,ok,—,hans（/驳/jiaguwen）,https://www.zdic.net/hans/驳/jiaguwen,2,驳前4.47.3 合36836 黃組,驳前4.47.3 合36836 黃組 | 驳甲298 合36987 黃組,https://img.zdic.net/zy/jiaguwen/43_E3A4.svg;https://img.zdic.net/zy/jiaguwen/43_E3A5.svg,glyphs/0402_驳_0.png;glyphs/0402_驳_1.png
403,驶,深色,ok,—,hans（/驶/jiaguwen）,https://www.zdic.net/hans/驶/jiaguwen,1,驶林2.26.7 合28195 何組,驶林2.26.7 合28195 何組,https://img.zdic.net/zy/jiaguwen/45_EE04.svg,glyphs/0403_驶_0.png
404,骤,深色,ok,—,hans（/骤/jiaguwen）,https://www.zdic.net/hans/骤/jiaguwen,14,骤拾7.13 合13463,骤拾7.13 合13463 | 骤拾15.6 合19242 | 骤前3.14.3 合1478 | 骤後2.33.3 合8943 賓組 | 骤後2.36.1 | 骤菁5.1 合137 賓組 | 骤佚65 | 骤佚386 合367 賓組 | 骤乙7390 合13360 賓組 | 骤乙8642 合1166 賓組 | 骤簠地27 合13362 賓組 | 骤續6.14.2 合13365 賓組 | 骤庫687 合40348 | 骤柏3 合13361 賓組,https://img.zdic.net/zy/jiaguwen/42_E200.svg;https://img.zdic.net/zy/jiaguwen/42_E201.svg;https://img.zdic.net/zy/jiaguwen/42_E202.svg;https://img.zdic.net/zy/jiaguwen/42_E203.svg;https://img.zdic.net/zy/jiaguwen/42_E204.svg;https://img.zdic.net/zy/jiaguwen/42_E205.svg;https://img.zdic.net/zy/jiaguwen/42_E206.svg;https://img.zdic.net/zy/jiaguwen/42_E207.svg;https://img.zdic.net/zy/jiaguwen/42_E208.svg;https://img.zdic.net/zy/jiaguwen/42_E209.svg;https://img.zdic.net/zy/jiaguwen/42_E20A.svg;https://img.zdic.net/zy/jiaguwen/42_E20B.svg;https://img.zdic.net/zy/jiaguwen/42_E20C.svg;https://img.zdic.net/zy/jiaguwen/42_E20D.svg,glyphs/0404_骤_0.png;glyphs/0404_骤_1.png;glyphs/0404_骤_2.png;glyphs/0404_骤_3.png;glyphs/0404_骤_4.png;glyphs/0404_骤_5.png;glyphs/0404_骤_6.png;glyphs/0404_骤_7.png;glyphs/0404_骤_8.png;glyphs/0404_骤_9.png;glyphs/0404_骤_10.png;glyphs/0404_骤_11.png;glyphs/0404_骤_12.png;glyphs/0404_骤_13.png
405,鸿,深色,ok,—,hans（/鸿/jiaguwen）,https://www.zdic.net/hans/鸿/jiaguwen,3,鸿前2.9.6 合36567 黃組,鸿前2.9.6 合36567 黃組 | 鸿後1.9.12 合36567 黃組 | 鸿續3.31.7 合36565 黃組,https://img.zdic.net/zy/jiaguwen/41_F776.svg;https://img.zdic.net/zy/jiaguwen/41_F777.svg;https://img.zdic.net/zy/jiaguwen/41_F778.svg,glyphs/0405_鸿_0.png;glyphs/0405_鸿_1.png;glyphs/0405_鸿_2.png
406,麑,蓝块占位,none,原表无字形,hans（/麑/jiaguwen）,https://www.zdic.net/hans/麑/jiaguwen,11,麑甲2418 合22507 子組,麑甲2418 合22507 子組 | 麑鐵38.3 合21229 子組 | 麑乙5161 合14295 無名組 | 麑菁10.13 合24965 | 麑前4.47.7 合10260 賓組 | 麑續3.16.10 合37426 | 麑鄴2下.41.1 合22381 | 麑掇1.139 合10392 賓組 | 麑佚43 合20723 𠂤組 | 麑珠107 合13568 | 麑京都2874 合37454,https://img.zdic.net/zy/jiaguwen/43_E448.svg;https://img.zdic.net/zy/jiaguwen/43_E449.svg;https://img.zdic.net/zy/jiaguwen/43_E44A.svg;https://img.zdic.net/zy/jiaguwen/43_E44B.svg;https://img.zdic.net/zy/jiaguwen/43_E44C.svg;https://img.zdic.net/zy/jiaguwen/43_E44D.svg;https://img.zdic.net/zy/jiaguwen/43_E44E.svg;https://img.zdic.net/zy/jiaguwen/43_E44F.svg;https://img.zdic.net/zy/jiaguwen/43_E450.svg;https://img.zdic.net/zy/jiaguwen/43_E451.svg;https://img.zdic.net/zy/jiaguwen/43_E452.svg,glyphs/0406_麑_0.png;glyphs/0406_麑_1.png;glyphs/0406_麑_2.png;glyphs/0406_麑_3.png;glyphs/0406_麑_4.png;glyphs/0406_麑_5.png;glyphs/0406_麑_6.png;glyphs/0406_麑_7.png;glyphs/0406_麑_8.png;glyphs/0406_麑_9.png;glyphs/0406_麑_10.png
407,麓,深色,ok,—,hans（/麓/jiaguwen）,https://www.zdic.net/hans/麓/jiaguwen,14,麓粹664 合30268 無名組,麓粹664 合30268 無名組 | 麓前2.23.1 合37468 黃組 | 麓前2.28.3 合37382 黃組 | 麓後1.11.9 合36955 黃組 | 麓後1.15.7 合37461 黃組 | 麓鄴初下.40.7 合35965 黃組 | 麓京津5301 合37506 | 麓乙8688 合35501 黃組 | 麓佚426 | 麓佚518 | 麓拾6.10 合29409 無名組 | 麓師友2.207 | 麓京津4478 合29410 何組 | 麓甲598 合28800 無名組,https://img.zdic.net/zy/jiaguwen/42_EB5D.svg;https://img.zdic.net/zy/jiaguwen/42_EB5E.svg;https://img.zdic.net/zy/jiaguwen/42_EB5F.svg;https://img.zdic.net/zy/jiaguwen/42_EB60.svg;https://img.zdic.net/zy/jiaguwen/42_EB61.svg;https://img.zdic.net/zy/jiaguwen/42_EB62.svg;https://img.zdic.net/zy/jiaguwen/42_EB63.svg;https://img.zdic.net/zy/jiaguwen/42_EB64.svg;https://img.zdic.net/zy/jiaguwen/42_EB65.svg;https://img.zdic.net/zy/jiaguwen/42_EB66.svg;https://img.zdic.net/zy/jiaguwen/42_EB67.svg;https://img.zdic.net/zy/jiaguwen/42_EB68.svg;https://img.zdic.net/zy/jiaguwen/42_EB69.svg;https://img.zdic.net/zy/jiaguwen/42_EB6A.svg,glyphs/0407_麓_0.png;glyphs/0407_麓_1.png;glyphs/0407_麓_2.png;glyphs/0407_麓_3.png;glyphs/0407_麓_4.png;glyphs/0407_麓_5.png;glyphs/0407_麓_6.png;glyphs/0407_麓_7.png;glyphs/0407_麓_8.png;glyphs/0407_麓_9.png;glyphs/0407_麓_10.png;glyphs/0407_麓_11.png;glyphs/0407_麓_12.png;glyphs/0407_麓_13.png
408,麝,深色,ok,—,hans（/麝/jiaguwen）,https://www.zdic.net/hans/麝/jiaguwen,2,麝屯2539,麝屯2539 | 麝屯2539,https://img.zdic.net/zy/jiaguwen/44_E27E.svg;https://img.zdic.net/zy/jiaguwen/44_E27F.svg,glyphs/0408_麝_0.png;glyphs/0408_麝_1.png
409,鼻,深色,ok,—,hans（/鼻/jiaguwen）,https://www.zdic.net/hans/鼻/jiaguwen,3,鼻前2.18.6 合8189 賓組,鼻前2.18.6 合8189 賓組 | 鼻前2.19.1 合1098 賓組 | 鼻坊間4.158,https://img.zdic.net/zy/jiaguwen/41_F553.svg;https://img.zdic.net/zy/jiaguwen/41_F554.svg;https://img.zdic.net/zy/jiaguwen/41_F555.svg,glyphs/0409_鼻_0.png;glyphs/0409_鼻_1.png;glyphs/0409_鼻_2.png
410,龋,深色,ok,—,hans（/龋/jiaguwen）,https://www.zdic.net/hans/龋/jiaguwen,4,龋乙3661 合13663 賓組,龋乙3661 合13663 賓組 | 龋前6.54.4 合13662 賓組 | 龋鄴3下.35.2 合17386 | 龋京津1683 合13662 賓組,https://img.zdic.net/zy/jiaguwen/41_EB1A.svg;https://img.zdic.net/zy/jiaguwen/41_EB1B.svg;https://img.zdic.net/zy/jiaguwen/41_EB1C.svg;https://img.zdic.net/zy/jiaguwen/41_EB1D.svg,glyphs/0410_龋_0.png;glyphs/0410_龋_1.png;glyphs/0410_龋_2.png;glyphs/0410_龋_3.png
411,买,深色,ok,—,hans（/买/jiaguwen）,https://www.zdic.net/hans/买/jiaguwen,7,买佚462 合11436 賓組,买佚462 合11436 賓組 | 买甲276 合21185 𠂤組 | 买乙5329 合10976 賓組 | 买乙5329 合10976 賓組 | 买乙8738 合11434 賓組 | 买乙9013 合21776 子組 | 买粹1552 合29420 無名組,https://img.zdic.net/zy/jiaguwen/42_ED14.svg;https://img.zdic.net/zy/jiaguwen/42_ED15.svg;https://img.zdic.net/zy/jiaguwen/42_ED16.svg;https://img.zdic.net/zy/jiaguwen/42_ED17.svg;https://img.zdic.net/zy/jiaguwen/42_ED18.svg;https://img.zdic.net/zy/jiaguwen/42_ED19.svg;https://img.zdic.net/zy/jiaguwen/42_ED1A.svg,glyphs/0411_买_0.png;glyphs/0411_买_1.png;glyphs/0411_买_2.png;glyphs/0411_买_3.png;glyphs/0411_买_4.png;glyphs/0411_买_5.png;glyphs/0411_买_6.png
412,仁,淡蓝 #7396FF,L2,淡蓝同批·待核,hans（/仁/jiaguwen）,https://www.zdic.net/hans/仁/jiaguwen,1,仁前2.19.1 合1098 賓組,仁前2.19.1 合1098 賓組,https://img.zdic.net/zy/jiaguwen/42_F48E.svg,glyphs/0412_仁_0.png
413,伏,深色,ok,—,hans（/伏/jiaguwen）,https://www.zdic.net/hans/伏/jiaguwen,2,伏合14295 合14295 歷間,伏合14295 合14295 歷間 | 伏合14294 合14294 賓組,https://img.zdic.net/zy/jiaguwen/44_E239.svg;https://img.zdic.net/zy/jiaguwen/44_E23A.svg,glyphs/0413_伏_0.png;glyphs/0413_伏_1.png
414,兀,淡蓝 #7396FF,L2,淡蓝同批·待核,hans（/兀/jiaguwen）,https://www.zdic.net/hans/兀/jiaguwen,6,兀甲3372 合19790 𠂤組,兀甲3372 合19790 𠂤組 | 兀乙794 合21946 子組 | 兀乙5290 合19642 賓組 | 兀乙5627反 | 兀存下555 | 兀鐵45.3 合10301,https://img.zdic.net/zy/jiaguwen/42_F76E.svg;https://img.zdic.net/zy/jiaguwen/42_F76F.svg;https://img.zdic.net/zy/jiaguwen/42_F770.svg;https://img.zdic.net/zy/jiaguwen/42_F771.svg;https://img.zdic.net/zy/jiaguwen/42_F772.svg;https://img.zdic.net/zy/jiaguwen/42_F773.svg,glyphs/0414_兀_0.png;glyphs/0414_兀_1.png;glyphs/0414_兀_2.png;glyphs/0414_兀_3.png;glyphs/0414_兀_4.png;glyphs/0414_兀_5.png
415,冉,深色,ok,—,hans（/冉/jiaguwen）,https://www.zdic.net/hans/冉/jiaguwen,2,冉合6963 合6963 賓間,冉合6963 合6963 賓間 | 冉合28078 合28078 無名組,https://img.zdic.net/zy/jiaguwen/44_E2C4.svg;https://img.zdic.net/zy/jiaguwen/44_E2C5.svg,glyphs/0415_冉_0.png;glyphs/0415_冉_1.png
416,刈,深色,ok,—,hans（/刈/jiaguwen）,https://www.zdic.net/hans/刈/jiaguwen,20,刈甲2121 合9560 賓組,刈甲2121 合9560 賓組 | 刈乙305 合18578 賓組 | 刈乙2813 合9566 | 刈乙3274 合9523 | 刈乙3341 合9522 | 刈乙7673反 合9810反 賓組 | 刈鐵177.3 合9565 | 刈鐵196.4 合18400 賓組 | 刈前4.5.3 合9567 賓組 | 刈前6.54.3 合13559 | 刈戩44.7 合9563 | 刈續5.23.5 合9564 賓組 | 刈摭續137 合28203 無名組 | 刈燕801 合9569 賓組 | 刈明2024 合36983 黃組 | 刈柏24 合9557 | 刈庫176 合40286 | 刈佚721 合28204 無名組 | 刈佚960 合18400 賓組 | 刈京都143 合9559,https://img.zdic.net/zy/jiaguwen/42_F11D.svg;https://img.zdic.net/zy/jiaguwen/42_F11E.svg;https://img.zdic.net/zy/jiaguwen/42_F11F.svg;https://img.zdic.net/zy/jiaguwen/42_F120.svg;https://img.zdic.net/zy/jiaguwen/42_F121.svg;https://img.zdic.net/zy/jiaguwen/42_F122.svg;https://img.zdic.net/zy/jiaguwen/42_F123.svg;https://img.zdic.net/zy/jiaguwen/42_F124.svg;https://img.zdic.net/zy/jiaguwen/42_F125.svg;https://img.zdic.net/zy/jiaguwen/42_F126.svg;https://img.zdic.net/zy/jiaguwen/42_F127.svg;https://img.zdic.net/zy/jiaguwen/42_F128.svg;https://img.zdic.net/zy/jiaguwen/42_F129.svg;https://img.zdic.net/zy/jiaguwen/42_F12A.svg;https://img.zdic.net/zy/jiaguwen/42_F12B.svg;https://img.zdic.net/zy/jiaguwen/42_F12C.svg;https://img.zdic.net/zy/jiaguwen/42_F12D.svg;https://img.zdic.net/zy/jiaguwen/42_F12E.svg;https://img.zdic.net/zy/jiaguwen/42_F12F.svg;https://img.zdic.net/zy/jiaguwen/42_F130.svg,glyphs/0416_刈_0.png;glyphs/0416_刈_1.png;glyphs/0416_刈_2.png;glyphs/0416_刈_3.png;glyphs/0416_刈_4.png;glyphs/0416_刈_5.png;glyphs/0416_刈_6.png;glyphs/0416_刈_7.png;glyphs/0416_刈_8.png;glyphs/0416_刈_9.png;glyphs/0416_刈_10.png;glyphs/0416_刈_11.png;glyphs/0416_刈_12.png;glyphs/0416_刈_13.png;glyphs/0416_刈_14.png;glyphs/0416_刈_15.png;glyphs/0416_刈_16.png;glyphs/0416_刈_17.png;glyphs/0416_刈_18.png;glyphs/0416_刈_19.png
417,叔,深色,ok,—,hans（/叔/jiaguwen）,https://www.zdic.net/hans/叔/jiaguwen,1,叔前1.39.3 合4306,叔前1.39.3 合4306,https://img.zdic.net/zy/jiaguwen/41_EFBE.svg,glyphs/0417_叔_0.png
418,吽,蓝块占位,none,原表无字形,hans（/吽/jiaguwen）,https://www.zdic.net/hans/吽/jiaguwen,1,吽陳160背 合6778 賓組,吽陳160背 合6778 賓組,https://img.zdic.net/zy/jiaguwen/41_E68D.svg,glyphs/0418_吽_0.png
419,呇,蓝块占位,none,原表无字形,hans（/呇/jiaguwen）,https://www.zdic.net/hans/呇/jiaguwen,1,呇粹957 合28789 無名組,呇粹957 合28789 無名組,https://img.zdic.net/zy/jiaguwen/41_E6BE.svg,glyphs/0419_呇_0.png
420,咙,深色,ok,—,hans（/咙/jiaguwen）,https://www.zdic.net/hans/咙/jiaguwen,3,咙合4659 合4659 賓組,咙合4659 合4659 賓組 | 咙合補06255 | 咙花255,https://img.zdic.net/zy/jiaguwen/44_E282.svg;https://img.zdic.net/zy/jiaguwen/44_E283.svg;https://img.zdic.net/zy/jiaguwen/44_E284.svg,glyphs/0420_咙_0.png;glyphs/0420_咙_1.png;glyphs/0420_咙_2.png
421,囡,淡蓝 #7396FF,L2,淡蓝同批·待核,hans（/囡/jiaguwen）,https://www.zdic.net/hans/囡/jiaguwen,1,囡存449 合8820 賓組,囡存449 合8820 賓組,https://img.zdic.net/zy/jiaguwen/42_ECB4.svg,glyphs/0421_囡_0.png
422,娘,深色,ok,—,hans（/娘/jiaguwen）,https://www.zdic.net/hans/娘/jiaguwen,1,娘乙972反 合11423 賓組,娘乙972反 合11423 賓組,https://img.zdic.net/zy/jiaguwen/45_F0BC.svg,glyphs/0422_娘_0.png
423,婪,淡蓝 #7396FF,L2,淡蓝同批·待核,hans（/婪/jiaguwen）,https://www.zdic.net/hans/婪/jiaguwen,1,婪佚707 合10298 賓組,婪佚707 合10298 賓組,https://img.zdic.net/zy/jiaguwen/43_EDC0.svg,glyphs/0423_婪_0.png
424,徉,淡蓝 #7396FF,L2,淡蓝同批·待核,hans（/徉/jiaguwen）,https://www.zdic.net/hans/徉/jiaguwen,1,徉前6.23.5 合20306 𠂤組,徉前6.23.5 合20306 𠂤組,https://img.zdic.net/zy/jiaguwen/41_EAB5.svg,glyphs/0424_徉_0.png
425,掸,深色,ok,—,hans（/掸/jiaguwen）,https://www.zdic.net/hans/掸/jiaguwen,2,掸甲2433 合31787 何組,掸甲2433 合31787 何組 | 掸甲2772 合27302 何組,https://img.zdic.net/zy/jiaguwen/43_EC49.svg;https://img.zdic.net/zy/jiaguwen/43_EC4A.svg,glyphs/0425_掸_0.png;glyphs/0425_掸_1.png
426,改,深色,ok,—,hans（/改/jiaguwen）,https://www.zdic.net/hans/改/jiaguwen,10,改乙7030 合14 賓組,改乙7030 合14 賓組 | 改前4.27.2 合36418 黃組 | 改前4.31.6 合36909 無名黃間 | 改前5.10.6 合39465 黃組 | 改前5.17.6 合39468 黃組 | 改前5.38.4 合39466 黃組 | 改前5.39.8 合36423 黃組 | 改菁11.14 合30696 | 改京津5278 合39469 黃組 | 改明1912 合39472,https://img.zdic.net/zy/jiaguwen/41_F244.svg;https://img.zdic.net/zy/jiaguwen/41_F245.svg;https://img.zdic.net/zy/jiaguwen/41_F246.svg;https://img.zdic.net/zy/jiaguwen/41_F247.svg;https://img.zdic.net/zy/jiaguwen/41_F248.svg;https://img.zdic.net/zy/jiaguwen/41_F249.svg;https://img.zdic.net/zy/jiaguwen/41_F24A.svg;https://img.zdic.net/zy/jiaguwen/41_F24B.svg;https://img.zdic.net/zy/jiaguwen/41_F24C.svg;https://img.zdic.net/zy/jiaguwen/41_F24D.svg,glyphs/0426_改_0.png;glyphs/0426_改_1.png;glyphs/0426_改_2.png;glyphs/0426_改_3.png;glyphs/0426_改_4.png;glyphs/0426_改_5.png;glyphs/0426_改_6.png;glyphs/0426_改_7.png;glyphs/0426_改_8.png;glyphs/0426_改_9.png
427,早,淡蓝 #7396FF,L2,淡蓝同批·待核,hans（/早/jiaguwen）,https://www.zdic.net/hans/早/jiaguwen,24,早甲167 合11522,早甲167 合11522 | 早甲2121 合9560 賓組 | 早甲3510 合6 賓組 | 早乙1490 合9178 | 早乙2067 | 早乙2099 合6485 賓組 | 早河756 | 早鐵245.2 合7538 | 早餘13.2 合25371 出組 | 早前7.6.2 合7527 | 早後1.31.6 合7606 賓組 | 早菁10.9 合14250 賓組 | 早林2.9.9 合15553 | 早戩13.3 合6500 | 早佚20 合6499 | 早佚924 合22610 出組 | 早佚979 合6487 賓組 | 早佚979 合6487 賓組 | 早燕29 合25370 出組 | 早燕83 合16277 | 早粹1053 合9410 賓組 | 早粹1108 合6492 | 早掇1.515 | 早京都919 合7554,https://img.zdic.net/zy/jiaguwen/45_E1B8.svg;https://img.zdic.net/zy/jiaguwen/45_E1B9.svg;https://img.zdic.net/zy/jiaguwen/45_E1BA.svg;https://img.zdic.net/zy/jiaguwen/45_E1BB.svg;https://img.zdic.net/zy/jiaguwen/45_E1BC.svg;https://img.zdic.net/zy/jiaguwen/45_E1BD.svg;https://img.zdic.net/zy/jiaguwen/45_E1BE.svg;https://img.zdic.net/zy/jiaguwen/45_E1BF.svg;https://img.zdic.net/zy/jiaguwen/45_E1C0.svg;https://img.zdic.net/zy/jiaguwen/45_E1C1.svg;https://img.zdic.net/zy/jiaguwen/45_E1C2.svg;https://img.zdic.net/zy/jiaguwen/45_E1C3.svg;https://img.zdic.net/zy/jiaguwen/45_E1C4.svg;https://img.zdic.net/zy/jiaguwen/45_E1C5.svg;https://img.zdic.net/zy/jiaguwen/45_E1C6.svg;https://img.zdic.net/zy/jiaguwen/45_E1C7.svg;https://img.zdic.net/zy/jiaguwen/45_E1C8.svg;https://img.zdic.net/zy/jiaguwen/45_E1C9.svg;https://img.zdic.net/zy/jiaguwen/45_E1CA.svg;https://img.zdic.net/zy/jiaguwen/45_E1CB.svg;https://img.zdic.net/zy/jiaguwen/45_E1CC.svg;https://img.zdic.net/zy/jiaguwen/45_E1CD.svg;https://img.zdic.net/zy/jiaguwen/45_E1CE.svg;https://img.zdic.net/zy/jiaguwen/45_E1CF.svg,glyphs/0427_早_0.png;glyphs/0427_早_1.png;glyphs/0427_早_2.png;glyphs/0427_早_3.png;glyphs/0427_早_4.png;glyphs/0427_早_5.png;glyphs/0427_早_6.png;glyphs/0427_早_7.png;glyphs/0427_早_8.png;glyphs/0427_早_9.png;glyphs/0427_早_10.png;glyphs/0427_早_11.png;glyphs/0427_早_12.png;glyphs/0427_早_13.png;glyphs/0427_早_14.png;glyphs/0427_早_15.png;glyphs/0427_早_16.png;glyphs/0427_早_17.png;glyphs/0427_早_18.png;glyphs/0427_早_19.png;glyphs/0427_早_20.png;glyphs/0427_早_21.png;glyphs/0427_早_22.png;glyphs/0427_早_23.png
428,檀,深色,ok,—,hans（/檀/jiaguwen）,https://www.zdic.net/hans/檀/jiaguwen,1,檀粹1276 合29408 無名組,檀粹1276 合29408 無名組,https://img.zdic.net/zy/jiaguwen/42_EB10.svg,glyphs/0428_檀_0.png
429,汝,深色,ok,—,hans（/汝/jiaguwen）,https://www.zdic.net/hans/汝/jiaguwen,8,汝拾9.2 合14026 賓組,汝拾9.2 合14026 賓組 | 汝乙7430 合1248 賓組 | 汝京津2007 合2791 賓組 | 汝河607 合2792 賓組 | 汝林2.20.13 合31827 | 汝佚379 合6156 | 汝福35 合5551 | 汝乙8816 合22258 子組,https://img.zdic.net/zy/jiaguwen/43_E81D.svg;https://img.zdic.net/zy/jiaguwen/43_E81E.svg;https://img.zdic.net/zy/jiaguwen/43_E81F.svg;https://img.zdic.net/zy/jiaguwen/43_E820.svg;https://img.zdic.net/zy/jiaguwen/43_E821.svg;https://img.zdic.net/zy/jiaguwen/43_E822.svg;https://img.zdic.net/zy/jiaguwen/43_E823.svg;https://img.zdic.net/zy/jiaguwen/43_E824.svg,glyphs/0429_汝_0.png;glyphs/0429_汝_1.png;glyphs/0429_汝_2.png;glyphs/0429_汝_3.png;glyphs/0429_汝_4.png;glyphs/0429_汝_5.png;glyphs/0429_汝_6.png;glyphs/0429_汝_7.png
430,洱,深色,ok,—,hans（/洱/jiaguwen）,https://www.zdic.net/hans/洱/jiaguwen,1,洱乙4518 合9774 賓組,洱乙4518 合9774 賓組,https://img.zdic.net/zy/jiaguwen/45_EF17.svg,glyphs/0430_洱_0.png
431,潭,淡蓝 #7396FF,L2,淡蓝同批·待核,hans（/潭/jiaguwen）,https://www.zdic.net/hans/潭/jiaguwen,1,潭乙282 合10474 𠂤賓間,潭乙282 合10474 𠂤賓間,https://img.zdic.net/zy/jiaguwen/43_E946.svg,glyphs/0431_潭_0.png
432,炆,蓝块占位,none,原表无字形,hans（/炆/jiaguwen）,https://www.zdic.net/hans/炆/jiaguwen,19,炆前6.21.5 合15681 賓組,炆前6.21.5 合15681 賓組 | 炆甲637 合34483 歷組 | 炆甲637 合34483 歷組 | 炆乙5836 合12851 | 炆後1.21.5 合32217 歷組 | 炆後2.22.14 合34484 歷組 | 炆粹10 合32294 歷組 | 炆掇1.549 | 炆掇2.80 合34494 | 炆師友1.127 | 炆明藏458 | 炆摭續3 合32301 歷組 | 炆明藏701 | 炆寧滬1.117 合34491 歷組 | 炆鄴3下.39.4 合34490 | 炆庫1047 | 炆京都3081 合19802 𠂤組 | 炆甲799 合34479 歷組 | 炆甲799 合34479 歷組,https://img.zdic.net/zy/jiaguwen/43_E5E7.svg;https://img.zdic.net/zy/jiaguwen/43_E5E8.svg;https://img.zdic.net/zy/jiaguwen/43_E5E9.svg;https://img.zdic.net/zy/jiaguwen/43_E5EA.svg;https://img.zdic.net/zy/jiaguwen/43_E5EB.svg;https://img.zdic.net/zy/jiaguwen/43_E5EC.svg;https://img.zdic.net/zy/jiaguwen/43_E5ED.svg;https://img.zdic.net/zy/jiaguwen/43_E5EE.svg;https://img.zdic.net/zy/jiaguwen/43_E5EF.svg;https://img.zdic.net/zy/jiaguwen/43_E5F0.svg;https://img.zdic.net/zy/jiaguwen/43_E5F1.svg;https://img.zdic.net/zy/jiaguwen/43_E5F2.svg;https://img.zdic.net/zy/jiaguwen/43_E5F3.svg;https://img.zdic.net/zy/jiaguwen/43_E5F4.svg;https://img.zdic.net/zy/jiaguwen/43_E5F5.svg;https://img.zdic.net/zy/jiaguwen/43_E5F6.svg;https://img.zdic.net/zy/jiaguwen/43_E5F7.svg;https://img.zdic.net/zy/jiaguwen/43_E5F8.svg;https://img.zdic.net/zy/jiaguwen/43_E5F9.svg,glyphs/0432_炆_0.png;glyphs/0432_炆_1.png;glyphs/0432_炆_2.png;glyphs/0432_炆_3.png;glyphs/0432_炆_4.png;glyphs/0432_炆_5.png;glyphs/0432_炆_6.png;glyphs/0432_炆_7.png;glyphs/0432_炆_8.png;glyphs/0432_炆_9.png;glyphs/0432_炆_10.png;glyphs/0432_炆_11.png;glyphs/0432_炆_12.png;glyphs/0432_炆_13.png;glyphs/0432_炆_14.png;glyphs/0432_炆_15.png;glyphs/0432_炆_16.png;glyphs/0432_炆_17.png;glyphs/0432_炆_18.png
433,炘,蓝块占位,none,原表无字形,hans（/炘/jiaguwen）,https://www.zdic.net/hans/炘/jiaguwen,1,炘佚708 合30413 無名組,炘佚708 合30413 無名組,https://img.zdic.net/zy/jiaguwen/43_E604.svg,glyphs/0433_炘_0.png
434,焱,深色,ok,—,hans（/焱/jiaguwen）,https://www.zdic.net/hans/焱/jiaguwen,3,焱乙8691 合22132 子組,焱乙8691 合22132 子組 | 焱乙8852 合22130 子組 | 焱乙8880 合22131 子組,https://img.zdic.net/zy/jiaguwen/43_E60D.svg;https://img.zdic.net/zy/jiaguwen/43_E60E.svg;https://img.zdic.net/zy/jiaguwen/43_E60F.svg,glyphs/0434_焱_0.png;glyphs/0434_焱_1.png;glyphs/0434_焱_2.png
435,猱,深色,ok,—,hans（/猱/jiaguwen）,https://www.zdic.net/hans/猱/jiaguwen,40,猱甲2336 合35269,猱甲2336 合35269 | 猱甲3452 合15 | 猱拾6.9 合10468 𠂤賓間 | 猱珠19 合14375 賓組 | 猱後2.31.9 合10469 𠂤賓間 | 猱庫1010 合21102 𠂤組 | 猱乙4718 合8984 𠂤賓間 | 猱甲562 合34176 歷組 | 猱甲1147 | 猱甲1521 合30404 何組 | 猱甲2043 合24963 | 猱甲2604 合30401 何組 | 猱甲2928 合22354 | 猱甲3512 合10067 賓組 | 猱甲3555 合10068 | 猱乙4072反 合376反 賓組 | 猱拾13.3 合14376 賓組 | 猱前6.18.1 合5476 賓組 | 猱前6.18.4 合14372 賓組 | 猱前7.5.2 合10076 賓組 | 猱前7.20.2 合14369 | 猱前6.18.2 合14371 | 猱後1.22.4 | 猱後2.14.5 合34170 | 猱後2.33.5 合33304 歷組 | 猱菁10.12 合37450 | 猱佚376 合33275 歷組 | 猱佚519 合63 賓組 | 猱佚645 合30399 何組 | 猱佚857 合30400 何組 | 猱粹1 合30398 | 猱粹3 合34169 | 猱粹5 合28249 無名組 | 猱粹4 合28207 | 猱粹8 合28240 何組 | 猱簠帝2 合21101 | 猱簠帝8 合10109 | 猱明藏452 | 猱明藏483 | 猱京津3927 合34174,https://img.zdic.net/zy/jiaguwen/42_E9D0.svg;https://img.zdic.net/zy/jiaguwen/42_E9D1.svg;https://img.zdic.net/zy/jiaguwen/42_E9D2.svg;https://img.zdic.net/zy/jiaguwen/42_E9D3.svg;https://img.zdic.net/zy/jiaguwen/42_E9D4.svg;https://img.zdic.net/zy/jiaguwen/42_E9D5.svg;https://img.zdic.net/zy/jiaguwen/42_E9D6.svg;https://img.zdic.net/zy/jiaguwen/42_E9D7.svg;https://img.zdic.net/zy/jiaguwen/42_E9D8.svg;https://img.zdic.net/zy/jiaguwen/42_E9D9.svg;https://img.zdic.net/zy/jiaguwen/42_E9DA.svg;https://img.zdic.net/zy/jiaguwen/42_E9DB.svg;https://img.zdic.net/zy/jiaguwen/42_E9DC.svg;https://img.zdic.net/zy/jiaguwen/42_E9DD.svg;https://img.zdic.net/zy/jiaguwen/42_E9DE.svg;https://img.zdic.net/zy/jiaguwen/42_E9DF.svg;https://img.zdic.net/zy/jiaguwen/42_E9E0.svg;https://img.zdic.net/zy/jiaguwen/42_E9E1.svg;https://img.zdic.net/zy/jiaguwen/42_E9E2.svg;https://img.zdic.net/zy/jiaguwen/42_E9E3.svg;https://img.zdic.net/zy/jiaguwen/42_E9E4.svg;https://img.zdic.net/zy/jiaguwen/42_E9E5.svg;https://img.zdic.net/zy/jiaguwen/42_E9E6.svg;https://img.zdic.net/zy/jiaguwen/42_E9E7.svg;https://img.zdic.net/zy/jiaguwen/42_E9E8.svg;https://img.zdic.net/zy/jiaguwen/42_E9E9.svg;https://img.zdic.net/zy/jiaguwen/42_E9EA.svg;https://img.zdic.net/zy/jiaguwen/42_E9EB.svg;https://img.zdic.net/zy/jiaguwen/42_E9EC.svg;https://img.zdic.net/zy/jiaguwen/42_E9ED.svg;https://img.zdic.net/zy/jiaguwen/42_E9EE.svg;https://img.zdic.net/zy/jiaguwen/42_E9EF.svg;https://img.zdic.net/zy/jiaguwen/42_E9F0.svg;https://img.zdic.net/zy/jiaguwen/42_E9F1.svg;https://img.zdic.net/zy/jiaguwen/42_E9F2.svg;https://img.zdic.net/zy/jiaguwen/42_E9F3.svg;https://img.zdic.net/zy/jiaguwen/42_E9F4.svg;https://img.zdic.net/zy/jiaguwen/42_E9F5.svg;https://img.zdic.net/zy/jiaguwen/42_E9F6.svg;https://img.zdic.net/zy/jiaguwen/42_E9F7.svg,glyphs/0435_猱_0.png;glyphs/0435_猱_1.png;glyphs/0435_猱_2.png;glyphs/0435_猱_3.png;glyphs/0435_猱_4.png;glyphs/0435_猱_5.png;glyphs/0435_猱_6.png;glyphs/0435_猱_7.png;glyphs/0435_猱_8.png;glyphs/0435_猱_9.png;glyphs/0435_猱_10.png;glyphs/0435_猱_11.png;glyphs/0435_猱_12.png;glyphs/0435_猱_13.png;glyphs/0435_猱_14.png;glyphs/0435_猱_15.png;glyphs/0435_猱_16.png;glyphs/0435_猱_17.png;glyphs/0435_猱_18.png;glyphs/0435_猱_19.png;glyphs/0435_猱_20.png;glyphs/0435_猱_21.png;glyphs/0435_猱_22.png;glyphs/0435_猱_23.png;glyphs/0435_猱_24.png;glyphs/0435_猱_25.png;glyphs/0435_猱_26.png;glyphs/0435_猱_27.png;glyphs/0435_猱_28.png;glyphs/0435_猱_29.png;glyphs/0435_猱_30.png;glyphs/0435_猱_31.png;glyphs/0435_猱_32.png;glyphs/0435_猱_33.png;glyphs/0435_猱_34.png;glyphs/0435_猱_35.png;glyphs/0435_猱_36.png;glyphs/0435_猱_37.png;glyphs/0435_猱_38.png;glyphs/0435_猱_39.png
436,甸,淡蓝 #7396FF,L2,淡蓝同批·待核,hans（/甸/jiaguwen）,https://www.zdic.net/hans/甸/jiaguwen,5,甸乙324 合21622 子組,甸乙324 合21622 子組 | 甸乙428 合21321 𠂤組 | 甸乙454 合20746 𠂤組 | 甸拾9.7 合20745 𠂤組 | 甸前6.11.2 合20744 𠂤組,https://img.zdic.net/zy/jiaguwen/41_F23F.svg;https://img.zdic.net/zy/jiaguwen/41_F240.svg;https://img.zdic.net/zy/jiaguwen/41_F241.svg;https://img.zdic.net/zy/jiaguwen/41_F242.svg;https://img.zdic.net/zy/jiaguwen/41_F243.svg,glyphs/0436_甸_0.png;glyphs/0436_甸_1.png;glyphs/0436_甸_2.png;glyphs/0436_甸_3.png;glyphs/0436_甸_4.png
437,盅,淡蓝 #7396FF,L2,淡蓝同批·待核,hans（/盅/jiaguwen）,https://www.zdic.net/hans/盅/jiaguwen,2,盅明藏520,盅明藏520 | 盅後2.36.6 合32906 歷組,https://img.zdic.net/zy/jiaguwen/43_E85D.svg;https://img.zdic.net/zy/jiaguwen/43_E85E.svg,glyphs/0437_盅_0.png;glyphs/0437_盅_1.png
438,盖,深色,ok,—,hans（/盖/jiaguwen）,https://www.zdic.net/hans/盖/jiaguwen,20,盖前2.37.8 合10967 賓組,盖前2.37.8 合10967 賓組 | 盖前3.24.4 合10168 賓組 | 盖後1.9.11 合14702 賓組 | 盖存383 合17889 賓組 | 盖佚102 合28933 | 盖乙5268 合21885 子組 | 盖京都1852 合31001 | 盖甲2803 合26975 何組 | 盖乙2898 合5770 | 盖乙2899 合5770 | 盖乙2900 合5770 | 盖乙2901 合5770 | 盖乙2949 合5770 | 盖乙3003 合5770 | 盖後2.33.12 合638 賓組 | 盖乙4299 合5774 | 盖前2.37.6 合9476 | 盖前3.24.4 合10168 賓組 | 盖粹563 合29655 無名組 | 盖甲823 合16200,https://img.zdic.net/zy/jiaguwen/42_E631.svg;https://img.zdic.net/zy/jiaguwen/42_E632.svg;https://img.zdic.net/zy/jiaguwen/42_E633.svg;https://img.zdic.net/zy/jiaguwen/42_E634.svg;https://img.zdic.net/zy/jiaguwen/42_E635.svg;https://img.zdic.net/zy/jiaguwen/42_E636.svg;https://img.zdic.net/zy/jiaguwen/42_E637.svg;https://img.zdic.net/zy/jiaguwen/42_E638.svg;https://img.zdic.net/zy/jiaguwen/42_E639.svg;https://img.zdic.net/zy/jiaguwen/42_E63A.svg;https://img.zdic.net/zy/jiaguwen/42_E63B.svg;https://img.zdic.net/zy/jiaguwen/42_E63C.svg;https://img.zdic.net/zy/jiaguwen/42_E63D.svg;https://img.zdic.net/zy/jiaguwen/42_E63E.svg;https://img.zdic.net/zy/jiaguwen/42_E63F.svg;https://img.zdic.net/zy/jiaguwen/42_E640.svg;https://img.zdic.net/zy/jiaguwen/42_E641.svg;https://img.zdic.net/zy/jiaguwen/42_E642.svg;https://img.zdic.net/zy/jiaguwen/42_E643.svg;https://img.zdic.net/zy/jiaguwen/42_E644.svg,glyphs/0438_盖_0.png;glyphs/0438_盖_1.png;glyphs/0438_盖_2.png;glyphs/0438_盖_3.png;glyphs/0438_盖_4.png;glyphs/0438_盖_5.png;glyphs/0438_盖_6.png;glyphs/0438_盖_7.png;glyphs/0438_盖_8.png;glyphs/0438_盖_9.png;glyphs/0438_盖_10.png;glyphs/0438_盖_11.png;glyphs/0438_盖_12.png;glyphs/0438_盖_13.png;glyphs/0438_盖_14.png;glyphs/0438_盖_15.png;glyphs/0438_盖_16.png;glyphs/0438_盖_17.png;glyphs/0438_盖_18.png;glyphs/0438_盖_19.png
439,秫,深色,ok,—,hans（/秫/jiaguwen）,https://www.zdic.net/hans/秫/jiaguwen,5,秫乙3394 合3238 賓組,秫乙3394 合3238 賓組 | 秫乙5044 | 秫乙5657 合2940 賓組 | 秫乙8376 合18406 賓組 | 秫佚710 合16267 賓組,https://img.zdic.net/zy/jiaguwen/42_F0D6.svg;https://img.zdic.net/zy/jiaguwen/42_F0D7.svg;https://img.zdic.net/zy/jiaguwen/42_F0D8.svg;https://img.zdic.net/zy/jiaguwen/42_F0D9.svg;https://img.zdic.net/zy/jiaguwen/42_F0DA.svg,glyphs/0439_秫_0.png;glyphs/0439_秫_1.png;glyphs/0439_秫_2.png;glyphs/0439_秫_3.png;glyphs/0439_秫_4.png
440,耋,深色,ok,—,hans（/耋/jiaguwen）,https://www.zdic.net/hans/耋/jiaguwen,1,耋後2.20.14 合17938 賓組,耋後2.20.14 合17938 賓組,https://img.zdic.net/zy/jiaguwen/42_F6C3.svg,glyphs/0440_耋_0.png
441,腹,深色,ok,—,hans（/腹/jiaguwen）,https://www.zdic.net/hans/腹/jiaguwen,1,腹甲587 合31759 何組,腹甲587 合31759 何組,https://img.zdic.net/zy/jiaguwen/45_EBD6.svg,glyphs/0441_腹_0.png
442,臀,深色,ok,—,hans（/臀/jiaguwen）,https://www.zdic.net/hans/臀/jiaguwen,9,臀乙4071 合376 賓組,臀乙4071 合376 賓組 | 臀乙4507 合21805 子組 | 臀乙5307 合9947 賓組 | 臀乙5637 合18416 賓組 | 臀乙5839 合13670 賓組 | 臀乙5451 合3183 | 臀存下518 合17977 賓組 | 臀珠899 合21803 𠂤組 | 臀乙899 合13750 賓組,https://img.zdic.net/zy/jiaguwen/45_EB41.svg;https://img.zdic.net/zy/jiaguwen/45_EB42.svg;https://img.zdic.net/zy/jiaguwen/45_EB43.svg;https://img.zdic.net/zy/jiaguwen/45_EB44.svg;https://img.zdic.net/zy/jiaguwen/45_EB45.svg;https://img.zdic.net/zy/jiaguwen/45_EB46.svg;https://img.zdic.net/zy/jiaguwen/45_EB47.svg;https://img.zdic.net/zy/jiaguwen/45_EB48.svg;https://img.zdic.net/zy/jiaguwen/42_F65C.svg,glyphs/0442_臀_0.png;glyphs/0442_臀_1.png;glyphs/0442_臀_2.png;glyphs/0442_臀_3.png;glyphs/0442_臀_4.png;glyphs/0442_臀_5.png;glyphs/0442_臀_6.png;glyphs/0442_臀_7.png;glyphs/0442_臀_8.png
443,芈,深色,ok,—,hans（/芈/jiaguwen）,https://www.zdic.net/hans/芈/jiaguwen,5,芈甲262 合22155 午組,芈甲262 合22155 午組 | 芈甲262 合22155 午組 | 芈明藏493 | 芈前5.47.1 合7121 | 芈京都762 合14458,https://img.zdic.net/zy/jiaguwen/41_F808.svg;https://img.zdic.net/zy/jiaguwen/41_F809.svg;https://img.zdic.net/zy/jiaguwen/41_F80A.svg;https://img.zdic.net/zy/jiaguwen/41_F80B.svg;https://img.zdic.net/zy/jiaguwen/41_F80C.svg,glyphs/0443_芈_0.png;glyphs/0443_芈_1.png;glyphs/0443_芈_2.png;glyphs/0443_芈_3.png;glyphs/0443_芈_4.png
444,蒸,淡蓝 #7396FF,L2,淡蓝同批·待核,hans（/蒸/jiaguwen）,https://www.zdic.net/hans/蒸/jiaguwen,31,蒸鐵38.4 合19632 賓組,蒸鐵38.4 合19632 賓組 | 蒸鐵48.4 合22999 | 蒸前5.2.2 合15857 賓組 | 蒸前5.2.3 合1333 賓組 | 蒸前5.2.4 合14849 | 蒸前5.2.5 合9905 賓組 | 蒸後1.5.3 合27457 | 蒸後2.11.4 合34599 歷組 | 蒸後2.29.15 合34591 | 蒸戩37.3 合34515 | 蒸戩37.5 合19669 | 蒸甲353 合34587 | 蒸甲855 合34600 | 蒸鐵38.4 合19632 賓組 | 蒸甲903 合34165 歷組 | 蒸甲2687 合30751 | 蒸甲2779 合30345 何組 | 蒸乙1277 合376 賓組 | 蒸粹166 合32459 歷無名間 | 蒸粹269 合32606 歷無名間 | 蒸鄴初下.40.12 合27221 何組 | 蒸鄴初下.40.12 合27221 何組 | 蒸佚266 合27456 何組 | 蒸佚563 合30304 | 蒸佚568 合23104 出組 | 蒸京津4025 合32592 歷組 | 蒸林1.26.17 合22930 出組 | 蒸通別2.12.1 合33192 | 蒸中大77 | 蒸京都1901 合30305 | 蒸京都2314 合34597 歷組,https://img.zdic.net/zy/jiaguwen/42_E54A.svg;https://img.zdic.net/zy/jiaguwen/42_E54B.svg;https://img.zdic.net/zy/jiaguwen/42_E54C.svg;https://img.zdic.net/zy/jiaguwen/42_E54D.svg;https://img.zdic.net/zy/jiaguwen/42_E54E.svg;https://img.zdic.net/zy/jiaguwen/42_E54F.svg;https://img.zdic.net/zy/jiaguwen/42_E550.svg;https://img.zdic.net/zy/jiaguwen/42_E551.svg;https://img.zdic.net/zy/jiaguwen/42_E552.svg;https://img.zdic.net/zy/jiaguwen/42_E553.svg;https://img.zdic.net/zy/jiaguwen/42_E554.svg;https://img.zdic.net/zy/jiaguwen/42_E555.svg;https://img.zdic.net/zy/jiaguwen/42_E556.svg;https://img.zdic.net/zy/jiaguwen/42_E557.svg;https://img.zdic.net/zy/jiaguwen/42_E558.svg;https://img.zdic.net/zy/jiaguwen/42_E559.svg;https://img.zdic.net/zy/jiaguwen/42_E55A.svg;https://img.zdic.net/zy/jiaguwen/42_E55B.svg;https://img.zdic.net/zy/jiaguwen/42_E55C.svg;https://img.zdic.net/zy/jiaguwen/42_E55D.svg;https://img.zdic.net/zy/jiaguwen/42_E55E.svg;https://img.zdic.net/zy/jiaguwen/42_E55F.svg;https://img.zdic.net/zy/jiaguwen/42_E560.svg;https://img.zdic.net/zy/jiaguwen/42_E561.svg;https://img.zdic.net/zy/jiaguwen/42_E562.svg;https://img.zdic.net/zy/jiaguwen/42_E563.svg;https://img.zdic.net/zy/jiaguwen/42_E564.svg;https://img.zdic.net/zy/jiaguwen/42_E565.svg;https://img.zdic.net/zy/jiaguwen/42_E566.svg;https://img.zdic.net/zy/jiaguwen/42_E567.svg;https://img.zdic.net/zy/jiaguwen/42_E568.svg,glyphs/0444_蒸_0.png;glyphs/0444_蒸_1.png;glyphs/0444_蒸_2.png;glyphs/0444_蒸_3.png;glyphs/0444_蒸_4.png;glyphs/0444_蒸_5.png;glyphs/0444_蒸_6.png;glyphs/0444_蒸_7.png;glyphs/0444_蒸_8.png;glyphs/0444_蒸_9.png;glyphs/0444_蒸_10.png;glyphs/0444_蒸_11.png;glyphs/0444_蒸_12.png;glyphs/0444_蒸_13.png;glyphs/0444_蒸_14.png;glyphs/0444_蒸_15.png;glyphs/0444_蒸_16.png;glyphs/0444_蒸_17.png;glyphs/0444_蒸_18.png;glyphs/0444_蒸_19.png;glyphs/0444_蒸_20.png;glyphs/0444_蒸_21.png;glyphs/0444_蒸_22.png;glyphs/0444_蒸_23.png;glyphs/0444_蒸_24.png;glyphs/0444_蒸_25.png;glyphs/0444_蒸_26.png;glyphs/0444_蒸_27.png;glyphs/0444_蒸_28.png;glyphs/0444_蒸_29.png;glyphs/0444_蒸_30.png
445,蚤,淡蓝 #7396FF,L2,淡蓝同批·待核,hans（/蚤/jiaguwen）,https://www.zdic.net/hans/蚤/jiaguwen,4,蚤甲2284 合2084,蚤甲2284 合2084 | 蚤甲2985反 合1582反 | 蚤前6.51.4 合4890 賓組 | 蚤前6.67.2 合18154 賓組,https://img.zdic.net/zy/jiaguwen/43_EC5D.svg;https://img.zdic.net/zy/jiaguwen/43_EC5E.svg;https://img.zdic.net/zy/jiaguwen/43_EC5F.svg;https://img.zdic.net/zy/jiaguwen/43_EC60.svg,glyphs/0445_蚤_0.png;glyphs/0445_蚤_1.png;glyphs/0445_蚤_2.png;glyphs/0445_蚤_3.png
446,訇,深色,ok,—,hans（/訇/jiaguwen）,https://www.zdic.net/hans/訇/jiaguwen,3,訇乙228 合20788,訇乙228 合20788 | 訇乙316 合20773 | 訇後2.12.2 合20064,https://img.zdic.net/zy/jiaguwen/43_E194.svg;https://img.zdic.net/zy/jiaguwen/43_E195.svg;https://img.zdic.net/zy/jiaguwen/43_E196.svg,glyphs/0446_訇_0.png;glyphs/0446_訇_1.png;glyphs/0446_訇_2.png
447,诲,淡蓝 #7396FF,L2,淡蓝同批·待核,hans（/诲/jiaguwen）,https://www.zdic.net/hans/诲/jiaguwen,1,诲甲573 合29155,诲甲573 合29155,https://img.zdic.net/zy/jiaguwen/41_EC91.svg,glyphs/0447_诲_0.png
448,赊,淡蓝 #7396FF,L2,淡蓝同批·待核,hans（/赊/jiaguwen）,https://www.zdic.net/hans/赊/jiaguwen,2,赊庫600 合39673,赊庫600 合39673 | 赊庫600 合39673,https://img.zdic.net/zy/jiaguwen/42_ED0B.svg;https://img.zdic.net/zy/jiaguwen/42_ED0C.svg,glyphs/0448_赊_0.png;glyphs/0448_赊_1.png
449,陟,深色,ok,—,hans（/陟/jiaguwen）,https://www.zdic.net/hans/陟/jiaguwen,15,陟鐵139.1 合22912 出組,陟鐵139.1 合22912 出組 | 陟前5.30.6 合18812 賓組 | 陟後2.11.12 合15379 賓組 | 陟後2.11.13 合15369 賓組 | 陟林2.23.1 合15366 賓組 | 陟佚448 合26395 | 陟甲766 合30387 | 陟摭續20 合34287 歷組 | 陟寧滬1.592 合34400 歷組 | 陟掇2.77 合27339 出組 | 陟粹167 合1292 賓組 | 陟京津1067 合15379 賓組 | 陟明藏472 | 陟明藏537 | 陟燕694 合26396,https://img.zdic.net/zy/jiaguwen/43_F4B3.svg;https://img.zdic.net/zy/jiaguwen/43_F4B4.svg;https://img.zdic.net/zy/jiaguwen/43_F4B5.svg;https://img.zdic.net/zy/jiaguwen/43_F4B6.svg;https://img.zdic.net/zy/jiaguwen/43_F4B7.svg;https://img.zdic.net/zy/jiaguwen/43_F4B8.svg;https://img.zdic.net/zy/jiaguwen/43_F4B9.svg;https://img.zdic.net/zy/jiaguwen/43_F4BA.svg;https://img.zdic.net/zy/jiaguwen/43_F4BB.svg;https://img.zdic.net/zy/jiaguwen/43_F4BC.svg;https://img.zdic.net/zy/jiaguwen/43_F4BD.svg;https://img.zdic.net/zy/jiaguwen/43_F4BE.svg;https://img.zdic.net/zy/jiaguwen/43_F4BF.svg;https://img.zdic.net/zy/jiaguwen/43_F4C0.svg;https://img.zdic.net/zy/jiaguwen/43_F4C1.svg,glyphs/0449_陟_0.png;glyphs/0449_陟_1.png;glyphs/0449_陟_2.png;glyphs/0449_陟_3.png;glyphs/0449_陟_4.png;glyphs/0449_陟_5.png;glyphs/0449_陟_6.png;glyphs/0449_陟_7.png;glyphs/0449_陟_8.png;glyphs/0449_陟_9.png;glyphs/0449_陟_10.png;glyphs/0449_陟_11.png;glyphs/0449_陟_12.png;glyphs/0449_陟_13.png;glyphs/0449_陟_14.png
450,雇,深色,ok,—,hans（/雇/jiaguwen）,https://www.zdic.net/hans/雇/jiaguwen,12,雇乙8872 合20597,雇乙8872 合20597 | 雇前2.4.8 合24420 出組 | 雇前2.6.6 合36487 黃組 | 雇後1.13.2 | 雇後1.13.2 | 雇林1.9.12 合36485 黃組 | 雇佚524 合13619 賓組 | 雇佚756 合7901 賓組 | 雇粹300 合24348 出組 | 雇師友1.80 | 雇金448 合41761 | 雇乙2101 合150 賓組,https://img.zdic.net/zy/jiaguwen/41_F76A.svg;https://img.zdic.net/zy/jiaguwen/41_F76B.svg;https://img.zdic.net/zy/jiaguwen/41_F76C.svg;https://img.zdic.net/zy/jiaguwen/41_F76D.svg;https://img.zdic.net/zy/jiaguwen/41_F76E.svg;https://img.zdic.net/zy/jiaguwen/41_F76F.svg;https://img.zdic.net/zy/jiaguwen/41_F770.svg;https://img.zdic.net/zy/jiaguwen/41_F771.svg;https://img.zdic.net/zy/jiaguwen/41_F772.svg;https://img.zdic.net/zy/jiaguwen/41_F773.svg;https://img.zdic.net/zy/jiaguwen/41_F774.svg;https://img.zdic.net/zy/jiaguwen/41_F775.svg,glyphs/0450_雇_0.png;glyphs/0450_雇_1.png;glyphs/0450_雇_2.png;glyphs/0450_雇_3.png;glyphs/0450_雇_4.png;glyphs/0450_雇_5.png;glyphs/0450_雇_6.png;glyphs/0450_雇_7.png;glyphs/0450_雇_8.png;glyphs/0450_雇_9.png;glyphs/0450_雇_10.png;glyphs/0450_雇_11.png
451,风,深色,ok,—,hans（/风/jiaguwen）,https://www.zdic.net/hans/风/jiaguwen,3,风餘7.11,风餘7.11 | 风拾7.9 合30234 | 风甲3918 合27459 何組,https://img.zdic.net/zy/jiaguwen/43_F196.svg;https://img.zdic.net/zy/jiaguwen/43_F197.svg;https://img.zdic.net/zy/jiaguwen/43_F198.svg,glyphs/0451_风_0.png;glyphs/0451_风_1.png;glyphs/0451_风_2.png
452,骨,深色,ok,—,hans（/骨/jiaguwen）,https://www.zdic.net/hans/骨/jiaguwen,2,骨粹1306 合3236 賓組,骨粹1306 合3236 賓組 | 骨掇1.432 合32770 歷組,https://img.zdic.net/zy/jiaguwen/42_E22A.svg;https://img.zdic.net/zy/jiaguwen/42_E22B.svg,glyphs/0452_骨_0.png;glyphs/0452_骨_1.png
