序号,行,位,汉字,小篆字形数,正篆数,异体数,字形类型,说文著录,全部caption,汉典空条目,产品库内,产品库书体,汉典页,SVG直链
1,1,1,憙,1,1,0,正篆,卷.部首.頁：5上.喜.101,憙說文‧喜部,,是,glyphwiki,https://www.zdic.net/hans/憙/xiaozhuan,https://img.zdic.net/zy/xiaozhuan/27_EC66.svg
2,1,2,杕,1,1,0,正篆,卷.部首.頁：6上.木.119,杕說文‧木部,,是,bronze/glyphwiki/oracle-bone,https://www.zdic.net/hans/杕/xiaozhuan,https://img.zdic.net/zy/xiaozhuan/27_6755.svg
3,1,3,楯,1,1,0,正篆,卷.部首.頁：6上.木.121,楯說文‧木部,,是,glyphwiki,https://www.zdic.net/hans/楯/xiaozhuan,https://img.zdic.net/zy/xiaozhuan/27_696F.svg
4,1,4,犇,1,1,0,正篆,卷.部首.頁：10下.夭.214,犇說文‧夭部,,是,glyphwiki,https://www.zdic.net/hans/犇/xiaozhuan,https://img.zdic.net/zy/xiaozhuan/27_5954.svg
5,1,5,珷,1,1,0,正篆,卷.部首.頁：12下.戈.266,珷說文‧戈部,,是,glyphwiki,https://www.zdic.net/hans/珷/xiaozhuan,https://img.zdic.net/zy/xiaozhuan/27_6B66.svg
6,1,6,逴,1,1,0,正篆,卷.部首.頁：2下.辵.42,逴說文‧辵部,,是,glyphwiki,https://www.zdic.net/hans/逴/xiaozhuan,https://img.zdic.net/zy/xiaozhuan/27_9034.svg
7,1,7,临,1,1,0,正篆,卷.部首.頁：8上.臥.170,临說文‧臥部,,是,bronze/glyphwiki,https://www.zdic.net/hans/临/xiaozhuan,https://img.zdic.net/zy/xiaozhuan/27_81E8.svg
8,1,8,为,2,1,1,古文+正篆,卷.部首.頁：3下.爪.63,为說文‧爪部 | 为說文古文,,是,bronze/glyphwiki/oracle-bone,https://www.zdic.net/hans/为/xiaozhuan,https://img.zdic.net/zy/xiaozhuan/27_70BA.svg;https://img.zdic.net/zy/xiaozhuan/27_F286.svg
9,1,9,乞,1,1,0,正篆,卷.部首.頁：1上.气.14,乞說文‧气部,,是,bronze/glyphwiki/oracle-bone,https://www.zdic.net/hans/乞/xiaozhuan,https://img.zdic.net/zy/xiaozhuan/27_6C14.svg
10,1,10,亓,1,1,0,正篆,卷.部首.頁：5上.丌.99,亓說文‧丌部,,是,bronze/glyphwiki,https://www.zdic.net/hans/亓/xiaozhuan,https://img.zdic.net/zy/xiaozhuan/27_4E0C.svg
11,1,11,仂,1,1,0,正篆,卷.部首.頁：13下.力.291,仂說文‧力部,,是,bronze/glyphwiki,https://www.zdic.net/hans/仂/xiaozhuan,https://img.zdic.net/zy/xiaozhuan/27_529B.svg
12,1,12,仟,1,1,0,正篆,卷.部首.頁：3上.十.50,仟說文‧十部,,是,bronze/glyphwiki,https://www.zdic.net/hans/仟/xiaozhuan,https://img.zdic.net/zy/xiaozhuan/27_5343.svg
13,1,13,佑,1,1,0,正篆,卷.部首.頁：2上.口.32、3下.又.64,佑說文‧又部,,是,bronze/glyphwiki,https://www.zdic.net/hans/佑/xiaozhuan,https://img.zdic.net/zy/xiaozhuan/27_53F3.svg
14,1,14,佣,1,1,0,正篆,卷.部首.頁：8上.人.163,佣說文‧人部,,是,bronze/glyphwiki,https://www.zdic.net/hans/佣/xiaozhuan,https://img.zdic.net/zy/xiaozhuan/27_50AD.svg
15,1,15,侄,1,1,0,正篆,卷.部首.頁：12下.女.259,侄說文‧女部,,是,bronze/glyphwiki/oracle-bone,https://www.zdic.net/hans/侄/xiaozhuan,https://img.zdic.net/zy/xiaozhuan/27_59EA.svg
16,2,1,倴,1,1,0,正篆,卷.部首.頁：10下.夭.214,倴說文‧夭部,,是,glyphwiki,https://www.zdic.net/hans/倴/xiaozhuan,https://img.zdic.net/zy/xiaozhuan/27_5954.svg
17,2,2,偕,1,1,0,正篆,卷.部首.頁：8上.人.164,偕說文‧人部,,是,bronze/glyphwiki,https://www.zdic.net/hans/偕/xiaozhuan,https://img.zdic.net/zy/xiaozhuan/27_5055.svg
18,2,3,关,1,1,0,正篆,卷.部首.頁：12上.門.249,关說文‧門部,,是,bronze/glyphwiki,https://www.zdic.net/hans/关/xiaozhuan,https://img.zdic.net/zy/xiaozhuan/27_95DC.svg
19,2,4,冕,2,1,1,或體+正篆,卷.部首.頁：7下.冃.156,冕說文‧冃部 | 冕說文或體,,是,bronze/glyphwiki,https://www.zdic.net/hans/冕/xiaozhuan,https://img.zdic.net/zy/xiaozhuan/27_5195.svg;https://img.zdic.net/zy/xiaozhuan/27_7D7B.svg
20,2,5,凰,1,1,0,正篆,卷.部首.頁：1上.王.10,凰說文‧王部,,是,bronze/glyphwiki,https://www.zdic.net/hans/凰/xiaozhuan,https://img.zdic.net/zy/xiaozhuan/27_7687.svg
21,2,6,刁,1,1,0,正篆,卷.部首.頁：4下.刀.91,刁說文‧刀部,,是,bronze/glyphwiki,https://www.zdic.net/hans/刁/xiaozhuan,https://img.zdic.net/zy/xiaozhuan/27_5200.svg
22,2,7,刚,2,1,1,古文+正篆,卷.部首.頁：4下.刀.91,刚說文‧刀部 | 刚說文古文,,是,bronze/glyphwiki/oracle-bone,https://www.zdic.net/hans/刚/xiaozhuan,https://img.zdic.net/zy/xiaozhuan/27_525B.svg;https://img.zdic.net/zy/xiaozhuan/27_E3C4.svg
23,2,8,勾,1,1,0,正篆,卷.部首.頁：3上.句.50,勾說文‧句部,,是,bronze/glyphwiki,https://www.zdic.net/hans/勾/xiaozhuan,https://img.zdic.net/zy/xiaozhuan/27_53E5.svg
24,2,9,叁,2,1,1,古文+正篆,卷.部首.頁：1上.三.9,叁說文‧三部 | 叁說文古文,,是,bronze/glyphwiki,https://www.zdic.net/hans/叁/xiaozhuan,https://img.zdic.net/zy/xiaozhuan/27_4E09.svg;https://img.zdic.net/zy/xiaozhuan/27_E015.svg
25,2,10,呆,3,1,2,古文+正篆,卷.部首.頁：8上.人.161,呆說文‧人部 | 呆說文古文 | 呆說文古文,,是,bronze/glyphwiki,https://www.zdic.net/hans/呆/xiaozhuan,https://img.zdic.net/zy/xiaozhuan/27_4FDD.svg;https://img.zdic.net/zy/xiaozhuan/27_5446.svg;https://img.zdic.net/zy/xiaozhuan/27_F068.svg
26,2,11,哼,2,1,1,正篆+籀文,卷.部首.頁：3上.言.55,哼說文‧言部 | 哼說文籀文,,是,bronze/glyphwiki,https://www.zdic.net/hans/哼/xiaozhuan,https://img.zdic.net/zy/xiaozhuan/27_8A07.svg;https://img.zdic.net/zy/xiaozhuan/27_E209.svg
27,2,12,唬,1,1,0,正篆,卷.部首.頁：2上.口.35,唬說文‧口部,,是,bronze/glyphwiki,https://www.zdic.net/hans/唬/xiaozhuan,https://img.zdic.net/zy/xiaozhuan/27_552C.svg
28,2,13,垩,1,1,0,正篆,卷.部首.頁：13下.土.287,垩說文‧土部,,是,bronze/glyphwiki,https://www.zdic.net/hans/垩/xiaozhuan,https://img.zdic.net/zy/xiaozhuan/27_580A.svg
29,2,14,埠,1,1,0,正篆,卷.部首.頁：2上.步.38,埠說文‧步部,,是,bronze/glyphwiki,https://www.zdic.net/hans/埠/xiaozhuan,https://img.zdic.net/zy/xiaozhuan/27_6B65.svg
30,2,15,堡,3,1,2,古文+正篆,卷.部首.頁：8上.人.161,堡說文‧人部 | 堡說文古文 | 堡說文古文,,是,bronze/glyphwiki,https://www.zdic.net/hans/堡/xiaozhuan,https://img.zdic.net/zy/xiaozhuan/27_4FDD.svg;https://img.zdic.net/zy/xiaozhuan/27_5446.svg;https://img.zdic.net/zy/xiaozhuan/27_F068.svg
31,3,1,墅,2,1,1,古文+正篆,卷.部首.頁：13下.里.290,墅說文‧里部 | 墅說文古文,,是,bronze/glyphwiki,https://www.zdic.net/hans/墅/xiaozhuan,https://img.zdic.net/zy/xiaozhuan/27_91CE.svg;https://img.zdic.net/zy/xiaozhuan/27_EB81.svg
32,3,2,墩,1,1,0,正篆,卷.部首.頁：3下.攴.68,墩說文‧攴部,,是,bronze/glyphwiki,https://www.zdic.net/hans/墩/xiaozhuan,https://img.zdic.net/zy/xiaozhuan/27_6566.svg
33,3,3,太,2,1,1,古文+正篆,卷.部首.頁：11上.水.237,太說文‧水部 | 太說文古文,,是,bronze/glyphwiki,https://www.zdic.net/hans/太/xiaozhuan,https://img.zdic.net/zy/xiaozhuan/27_6CF0.svg;https://img.zdic.net/zy/xiaozhuan/27_592A.svg
34,3,4,妃,1,1,0,正篆,卷.部首.頁：12下.女.259,妃說文‧女部,,是,bronze/glyphwiki,https://www.zdic.net/hans/妃/xiaozhuan,https://img.zdic.net/zy/xiaozhuan/27_5983.svg
35,3,5,妆,1,1,0,正篆,卷.部首.頁：12下.女.263,妆說文‧女部,,是,bronze/glyphwiki/oracle-bone,https://www.zdic.net/hans/妆/xiaozhuan,https://img.zdic.net/zy/xiaozhuan/27_599D.svg
36,3,6,妊,1,1,0,正篆,卷.部首.頁：12下.女.259,妊說文‧女部,,是,bronze/glyphwiki/oracle-bone,https://www.zdic.net/hans/妊/xiaozhuan,https://img.zdic.net/zy/xiaozhuan/27_598A.svg
37,3,7,姓,1,1,0,正篆,卷.部首.頁：12下.女.258,姓說文‧女部,,是,bronze/glyphwiki/oracle-bone,https://www.zdic.net/hans/姓/xiaozhuan,https://img.zdic.net/zy/xiaozhuan/27_59D3.svg
38,3,8,姤,1,1,0,正篆,卷.部首.頁：12下.女.265,姤說文‧女部,,是,glyphwiki,https://www.zdic.net/hans/姤/xiaozhuan,https://img.zdic.net/zy/xiaozhuan/27_59E4.svg
39,3,9,姱,1,1,0,正篆,卷.部首.頁：10下.大.213,姱說文‧大部,,是,glyphwiki,https://www.zdic.net/hans/姱/xiaozhuan,https://img.zdic.net/zy/xiaozhuan/27_5938.svg
40,3,10,婞,1,1,0,正篆,卷.部首.頁：12下.女.263,婞說文‧女部,,是,glyphwiki,https://www.zdic.net/hans/婞/xiaozhuan,https://img.zdic.net/zy/xiaozhuan/27_5A5E.svg
41,3,11,媚,1,1,0,正篆,卷.部首.頁：12下.女.260,媚說文‧女部,,是,bronze/glyphwiki,https://www.zdic.net/hans/媚/xiaozhuan,https://img.zdic.net/zy/xiaozhuan/27_5A9A.svg
42,3,12,嬉,2,1,1,古文+正篆,卷.部首.頁：5上.喜.101,嬉說文‧喜部 | 嬉說文古文,,是,bronze/glyphwiki/oracle-bone,https://www.zdic.net/hans/嬉/xiaozhuan,https://img.zdic.net/zy/xiaozhuan/27_559C.svg;https://img.zdic.net/zy/xiaozhuan/27_6B56.svg
43,3,13,嬖,1,1,0,正篆,卷.部首.頁：12下.女.263,嬖說文‧女部,,是,bronze/glyphwiki,https://www.zdic.net/hans/嬖/xiaozhuan,https://img.zdic.net/zy/xiaozhuan/27_5B16.svg
44,3,14,孵,2,1,1,古文+正篆,卷.部首.頁：3下.爪.63,孵說文‧爪部 | 孵說文古文,,是,bronze/glyphwiki,https://www.zdic.net/hans/孵/xiaozhuan,https://img.zdic.net/zy/xiaozhuan/27_5B5A.svg;https://img.zdic.net/zy/xiaozhuan/27_F03A.svg
45,3,15,宅,3,1,2,古文+正篆,卷.部首.頁：7下.宀.150,宅說文‧宀部 | 宅說文古文 | 宅說文古文,,是,bronze/glyphwiki/oracle-bone,https://www.zdic.net/hans/宅/xiaozhuan,https://img.zdic.net/zy/xiaozhuan/27_5B85.svg;https://img.zdic.net/zy/xiaozhuan/27_E613.svg;https://img.zdic.net/zy/xiaozhuan/27_F039.svg
46,4,1,宓,1,1,0,正篆,卷.部首.頁：7下.宀.150,宓說文‧宀部,,是,bronze/glyphwiki/oracle-bone,https://www.zdic.net/hans/宓/xiaozhuan,https://img.zdic.net/zy/xiaozhuan/27_5B93.svg
47,4,2,官,1,1,0,正篆,卷.部首.頁：14上.𠂤.304,官說文‧𠂤部,,是,bronze/glyphwiki/oracle-bone,https://www.zdic.net/hans/官/xiaozhuan,https://img.zdic.net/zy/xiaozhuan/27_5B98.svg
48,4,3,宛,2,1,1,或體+正篆,卷.部首.頁：7下.宀.150,宛說文‧宀部 | 宛說文或體,,是,bronze/glyphwiki/oracle-bone,https://www.zdic.net/hans/宛/xiaozhuan,https://img.zdic.net/zy/xiaozhuan/27_5B9B.svg;https://img.zdic.net/zy/xiaozhuan/27_60CC.svg
49,4,4,宪,1,1,0,正篆,卷.部首.頁：10下.心.217,宪說文‧心部,,是,bronze/glyphwiki,https://www.zdic.net/hans/宪/xiaozhuan,https://img.zdic.net/zy/xiaozhuan/27_61B2.svg
50,4,5,宰,1,1,0,正篆,卷.部首.頁：7下.宀.151,宰說文‧宀部,,是,bronze/glyphwiki/oracle-bone,https://www.zdic.net/hans/宰/xiaozhuan,https://img.zdic.net/zy/xiaozhuan/27_5BB0.svg
51,4,6,寝,1,1,0,正篆,卷.部首.頁：7下.㝱.153,寝說文‧㝱部,,是,bronze/glyphwiki,https://www.zdic.net/hans/寝/xiaozhuan,https://img.zdic.net/zy/xiaozhuan/27_5BE2.svg
52,4,7,尾,1,1,0,正篆,卷.部首.頁：8下.尾.175,尾說文‧尾部,,是,bronze/glyphwiki/oracle-bone,https://www.zdic.net/hans/尾/xiaozhuan,https://img.zdic.net/zy/xiaozhuan/27_5C3E.svg
53,4,8,帛,1,1,0,正篆,卷.部首.頁：7下.帛.160,帛說文‧帛部,,是,bronze/glyphwiki/oracle-bone,https://www.zdic.net/hans/帛/xiaozhuan,https://img.zdic.net/zy/xiaozhuan/27_5E1B.svg
54,4,9,庥,2,1,1,或體+正篆,卷.部首.頁：6上.木.125,庥說文‧木部 | 庥說文或體,,是,bronze/glyphwiki,https://www.zdic.net/hans/庥/xiaozhuan,https://img.zdic.net/zy/xiaozhuan/27_4F11.svg;https://img.zdic.net/zy/xiaozhuan/27_5EA5.svg
55,4,10,庶,1,1,0,正篆,卷.部首.頁：9下.广.193,庶說文‧广部,,是,bronze/glyphwiki/oracle-bone,https://www.zdic.net/hans/庶/xiaozhuan,https://img.zdic.net/zy/xiaozhuan/27_5EB6.svg
56,4,11,弆,1,1,0,正篆,卷.部首.頁：5上.去.104,弆說文‧去部,,是,glyphwiki,https://www.zdic.net/hans/弆/xiaozhuan,https://img.zdic.net/zy/xiaozhuan/27_53BB.svg
57,4,12,录,1,1,0,正篆,卷.部首.頁：7上.彔.144,录說文‧彔部,,是,bronze/glyphwiki,https://www.zdic.net/hans/录/xiaozhuan,https://img.zdic.net/zy/xiaozhuan/27_5F54.svg
58,4,13,彻,2,1,1,古文+正篆,卷.部首.頁：3下.攴.67,彻說文‧攴部 | 彻說文古文,,是,bronze/glyphwiki,https://www.zdic.net/hans/彻/xiaozhuan,https://img.zdic.net/zy/xiaozhuan/27_5FB9.svg;https://img.zdic.net/zy/xiaozhuan/27_E2B5.svg
59,4,14,征,2,1,1,或體+正篆,卷.部首.頁：2下.辵.39,征說文‧辵部 | 征說文或體,,是,bronze/glyphwiki/oracle-bone,https://www.zdic.net/hans/征/xiaozhuan,https://img.zdic.net/zy/xiaozhuan/27_E15D.svg;https://img.zdic.net/zy/xiaozhuan/27_5F81.svg
60,4,15,律,1,1,0,正篆,卷.部首.頁：2下.彳.43,律說文‧彳部,,是,bronze/glyphwiki/oracle-bone,https://www.zdic.net/hans/律/xiaozhuan,https://img.zdic.net/zy/xiaozhuan/27_5F8B.svg
61,5,1,御,2,1,1,古文+正篆,卷.部首.頁：2下.彳.43,御說文‧彳部 | 御說文古文,,是,bronze/glyphwiki,https://www.zdic.net/hans/御/xiaozhuan,https://img.zdic.net/zy/xiaozhuan/27_5FA1.svg;https://img.zdic.net/zy/xiaozhuan/27_99AD.svg
62,5,2,徵,2,1,1,古文+正篆,卷.部首.頁：8上.𡈼.169,徵說文‧𡈼部 | 徵說文古文,,是,bronze/glyphwiki,https://www.zdic.net/hans/徵/xiaozhuan,https://img.zdic.net/zy/xiaozhuan/27_5FB5.svg;https://img.zdic.net/zy/xiaozhuan/27_E6D4.svg
63,5,3,怫,1,1,0,正篆,卷.部首.頁：10下.心.220,怫說文‧心部,,是,bronze/glyphwiki,https://www.zdic.net/hans/怫/xiaozhuan,https://img.zdic.net/zy/xiaozhuan/27_602B.svg
64,5,4,惛,1,1,0,正篆,卷.部首.頁：10下.心.221,惛說文‧心部,,是,glyphwiki,https://www.zdic.net/hans/惛/xiaozhuan,https://img.zdic.net/zy/xiaozhuan/27_60DB.svg
65,5,5,愧,2,1,1,或體+正篆,卷.部首.頁：12下.女.265,愧說文‧女部 | 愧說文或體,,是,bronze/glyphwiki,https://www.zdic.net/hans/愧/xiaozhuan,https://img.zdic.net/zy/xiaozhuan/27_5ABF.svg;https://img.zdic.net/zy/xiaozhuan/27_6127.svg
66,5,6,慵,1,1,0,正篆,卷.部首.頁：10下.心.223,慵說文‧心部,,是,bronze/glyphwiki,https://www.zdic.net/hans/慵/xiaozhuan,https://img.zdic.net/zy/xiaozhuan/27_6175.svg
67,5,7,懈,1,1,0,正篆,卷.部首.頁：10下.心.220,懈說文‧心部,,是,bronze/glyphwiki,https://www.zdic.net/hans/懈/xiaozhuan,https://img.zdic.net/zy/xiaozhuan/27_61C8.svg
68,5,8,托,1,1,0,正篆,卷.部首.頁：6下.乇.127,托說文‧乇部,,是,bronze/glyphwiki,https://www.zdic.net/hans/托/xiaozhuan,https://img.zdic.net/zy/xiaozhuan/27_4E47.svg
69,5,9,揍,3,1,2,古文+正篆,卷.部首.頁：10下.夲.215,揍說文‧夲部 | 揍說文古文 | 揍說文古文,,是,bronze/glyphwiki,https://www.zdic.net/hans/揍/xiaozhuan,https://img.zdic.net/zy/xiaozhuan/27_594F.svg;https://img.zdic.net/zy/xiaozhuan/27_E8CB.svg;https://img.zdic.net/zy/xiaozhuan/27_E8CC.svg
70,5,10,擂,4,1,3,古文+正篆+籀文,卷.部首.頁：11下.雨.241,擂說文‧雨部 | 擂說文古文 | 擂說文古文 | 擂說文籀文,,是,bronze/glyphwiki,https://www.zdic.net/hans/擂/xiaozhuan,https://img.zdic.net/zy/xiaozhuan/27_96F7.svg;https://img.zdic.net/zy/xiaozhuan/27_EDA7.svg;https://img.zdic.net/zy/xiaozhuan/27_E983.svg;https://img.zdic.net/zy/xiaozhuan/27_E984.svg
71,5,11,政,1,1,0,正篆,卷.部首.頁：3下.攴.67,政說文‧攴部,,是,bronze/glyphwiki,https://www.zdic.net/hans/政/xiaozhuan,https://img.zdic.net/zy/xiaozhuan/27_653F.svg
72,5,12,效,1,1,0,正篆,卷.部首.頁：3下.攴.67,效說文‧攴部,,是,bronze/glyphwiki/oracle-bone,https://www.zdic.net/hans/效/xiaozhuan,https://img.zdic.net/zy/xiaozhuan/27_6548.svg
73,5,13,斧,1,1,0,正篆,卷.部首.頁：14上.斤.299,斧說文‧斤部,,是,bronze/glyphwiki/oracle-bone,https://www.zdic.net/hans/斧/xiaozhuan,https://img.zdic.net/zy/xiaozhuan/27_65A7.svg
74,5,14,旋,1,1,0,正篆,卷.部首.頁：7上.㫃.140,旋說文‧㫃部,,是,bronze/glyphwiki/oracle-bone,https://www.zdic.net/hans/旋/xiaozhuan,https://img.zdic.net/zy/xiaozhuan/27_65CB.svg
75,5,15,旞,2,1,1,或體+正篆,卷.部首.頁：7上.㫃.140,旞說文‧㫃部 | 旞說文或體,,是,glyphwiki,https://www.zdic.net/hans/旞/xiaozhuan,https://img.zdic.net/zy/xiaozhuan/27_65DE.svg;https://img.zdic.net/zy/xiaozhuan/27_E5A6.svg
76,6,1,昀,2,1,1,古文+正篆,卷.部首.頁：9上.勹.188,昀說文‧勹部 | 昀說文古文,,是,bronze/glyphwiki,https://www.zdic.net/hans/昀/xiaozhuan,https://img.zdic.net/zy/xiaozhuan/27_65EC.svg;https://img.zdic.net/zy/xiaozhuan/27_E7B1.svg
77,6,2,昃,1,1,0,正篆,卷.部首.頁：7上.日.138,昃說文‧日部,,是,bronze/glyphwiki/oracle-bone,https://www.zdic.net/hans/昃/xiaozhuan,https://img.zdic.net/zy/xiaozhuan/27_6603.svg
78,6,3,昼,2,1,1,正篆+籀文,卷.部首.頁：3下.畫.65,昼說文‧畫部 | 昼說文籀文,,是,bronze/glyphwiki/oracle-bone,https://www.zdic.net/hans/昼/xiaozhuan,https://img.zdic.net/zy/xiaozhuan/27_665D.svg;https://img.zdic.net/zy/xiaozhuan/27_E29F.svg
79,6,4,晁,1,1,0,正篆,卷.部首.頁：7上.倝.140,晁說文‧倝部,,是,bronze/glyphwiki,https://www.zdic.net/hans/晁/xiaozhuan,https://img.zdic.net/zy/xiaozhuan/27_671D.svg
80,6,5,杙,1,1,0,正篆,卷.部首.頁：6上.木.116,杙說文‧木部,,是,bronze/glyphwiki,https://www.zdic.net/hans/杙/xiaozhuan,https://img.zdic.net/zy/xiaozhuan/27_6759.svg
81,6,6,枘,1,1,0,正篆,卷.部首.頁：5下.入.109,枘說文‧入部,,是,bronze/glyphwiki,https://www.zdic.net/hans/枘/xiaozhuan,https://img.zdic.net/zy/xiaozhuan/27_5167.svg
82,6,7,柈,3,1,2,古文+正篆+籀文,卷.部首.頁：6上.木.122,柈說文‧木部 | 柈說文古文 | 柈說文籀文,,是,glyphwiki,https://www.zdic.net/hans/柈/xiaozhuan,https://img.zdic.net/zy/xiaozhuan/27_69C3.svg;https://img.zdic.net/zy/xiaozhuan/27_E512.svg;https://img.zdic.net/zy/xiaozhuan/27_76E4.svg
83,6,8,柊,2,1,1,古文+正篆,卷.部首.頁：13上.糸.273、11下.仌.240,柊說文‧糸部 | 柊說文古文,,是,glyphwiki,https://www.zdic.net/hans/柊/xiaozhuan,https://img.zdic.net/zy/xiaozhuan/27_7D42.svg;https://img.zdic.net/zy/xiaozhuan/27_F2D9.svg
84,6,9,柏,1,1,0,正篆,卷.部首.頁：6上.木.118,柏說文‧木部,,是,bronze/glyphwiki,https://www.zdic.net/hans/柏/xiaozhuan,https://img.zdic.net/zy/xiaozhuan/27_67CF.svg
85,6,10,柑,1,1,0,正篆,卷.部首.頁：5上.甘.100,柑說文‧甘部,,是,bronze/glyphwiki,https://www.zdic.net/hans/柑/xiaozhuan,https://img.zdic.net/zy/xiaozhuan/27_7518.svg
86,6,11,柒,1,1,0,正篆,卷.部首.頁：14下.七.307,柒說文‧七部,,是,bronze/glyphwiki,https://www.zdic.net/hans/柒/xiaozhuan,https://img.zdic.net/zy/xiaozhuan/27_4E03.svg
87,6,12,栎,1,1,0,正篆,卷.部首.頁：6上.木.117,栎說文‧木部,,是,bronze/glyphwiki/oracle-bone,https://www.zdic.net/hans/栎/xiaozhuan,https://img.zdic.net/zy/xiaozhuan/27_6ADF.svg
88,6,13,桐,1,1,0,正篆,卷.部首.頁：6上.木.117,桐說文‧木部,,是,bronze/glyphwiki,https://www.zdic.net/hans/桐/xiaozhuan,https://img.zdic.net/zy/xiaozhuan/27_6850.svg
89,6,14,桔,1,1,0,正篆,卷.部首.頁：6上.木.116,桔說文‧木部,,是,bronze/glyphwiki,https://www.zdic.net/hans/桔/xiaozhuan,https://img.zdic.net/zy/xiaozhuan/27_6854.svg
90,6,15,梠,1,1,0,正篆,卷.部首.頁：6上.木.120,梠說文‧木部,,是,bronze/glyphwiki,https://www.zdic.net/hans/梠/xiaozhuan,https://img.zdic.net/zy/xiaozhuan/27_68A0.svg
91,7,1,椑,1,1,0,正篆,卷.部首.頁：6上.木.122,椑說文‧木部,,是,glyphwiki,https://www.zdic.net/hans/椑/xiaozhuan,https://img.zdic.net/zy/xiaozhuan/27_6911.svg
92,7,2,汐,1,1,0,正篆,卷.部首.頁：7上.夕.142,汐說文‧夕部,,是,bronze/glyphwiki,https://www.zdic.net/hans/汐/xiaozhuan,https://img.zdic.net/zy/xiaozhuan/27_5915.svg
93,7,3,沉,1,1,0,正篆,卷.部首.頁：11上.水.234,沉說文‧水部,,是,bronze/glyphwiki,https://www.zdic.net/hans/沉/xiaozhuan,https://img.zdic.net/zy/xiaozhuan/27_6C88.svg
94,7,4,泱,1,1,0,正篆,卷.部首.頁：11上.水.233,泱說文‧水部,,是,bronze/glyphwiki,https://www.zdic.net/hans/泱/xiaozhuan,https://img.zdic.net/zy/xiaozhuan/27_6CF1.svg
95,7,5,洢,2,1,1,古文+正篆,卷.部首.頁：8上.人.162,洢說文‧人部 | 洢說文古文,,是,glyphwiki,https://www.zdic.net/hans/洢/xiaozhuan,https://img.zdic.net/zy/xiaozhuan/27_4F0A.svg;https://img.zdic.net/zy/xiaozhuan/27_E6A7.svg
96,7,6,洧,1,1,0,正篆,卷.部首.頁：11上.水.227,洧說文‧水部,,是,bronze/glyphwiki,https://www.zdic.net/hans/洧/xiaozhuan,https://img.zdic.net/zy/xiaozhuan/27_6D27.svg
97,7,7,洿,1,1,0,正篆,卷.部首.頁：11上.水.235,洿說文‧水部,,是,glyphwiki,https://www.zdic.net/hans/洿/xiaozhuan,https://img.zdic.net/zy/xiaozhuan/27_6D3F.svg
98,7,8,浸,1,1,0,正篆,卷.部首.頁：11上.水.228,浸說文‧水部,,是,bronze/glyphwiki,https://www.zdic.net/hans/浸/xiaozhuan,https://img.zdic.net/zy/xiaozhuan/27_6D78.svg
99,7,9,涉,2,1,1,正篆+篆文,卷.部首.頁：11下.沝.239,涉說文‧沝部 | 涉說文篆文,,是,bronze/glyphwiki/oracle-bone,https://www.zdic.net/hans/涉/xiaozhuan,https://img.zdic.net/zy/xiaozhuan/27_E972.svg;https://img.zdic.net/zy/xiaozhuan/27_6D89.svg
100,7,10,淅,1,1,0,正篆,卷.部首.頁：11上.水.235,淅說文‧水部,,是,bronze/glyphwiki,https://www.zdic.net/hans/淅/xiaozhuan,https://img.zdic.net/zy/xiaozhuan/27_6DC5.svg
101,7,11,淮,1,1,0,正篆,卷.部首.頁：11上.水.226,淮說文‧水部,,是,bronze/glyphwiki/oracle-bone,https://www.zdic.net/hans/淮/xiaozhuan,https://img.zdic.net/zy/xiaozhuan/27_6DEE.svg
102,7,12,深,1,1,0,正篆,卷.部首.頁：11上.水.226,深說文‧水部,,是,bronze/glyphwiki,https://www.zdic.net/hans/深/xiaozhuan,https://img.zdic.net/zy/xiaozhuan/27_6DF1.svg
103,7,13,渔,2,1,1,正篆+篆文,卷.部首.頁：11下.鱻.245,渔說文‧鱻部 | 渔說文篆文,,是,bronze/glyphwiki/oracle-bone,https://www.zdic.net/hans/渔/xiaozhuan,https://img.zdic.net/zy/xiaozhuan/27_E9D0.svg;https://img.zdic.net/zy/xiaozhuan/27_6F01.svg
104,7,14,潦,1,1,0,正篆,卷.部首.頁：11上.水.234,潦說文‧水部,,是,bronze/glyphwiki,https://www.zdic.net/hans/潦/xiaozhuan,https://img.zdic.net/zy/xiaozhuan/27_6F66.svg
105,7,15,澈,2,1,1,古文+正篆,卷.部首.頁：3下.攴.67,澈說文‧攴部 | 澈說文古文,,是,bronze/glyphwiki,https://www.zdic.net/hans/澈/xiaozhuan,https://img.zdic.net/zy/xiaozhuan/27_5FB9.svg;https://img.zdic.net/zy/xiaozhuan/27_E2B5.svg
106,8,1,濩,1,1,0,正篆,卷.部首.頁：11上.水.234,濩說文‧水部,,是,glyphwiki,https://www.zdic.net/hans/濩/xiaozhuan,https://img.zdic.net/zy/xiaozhuan/27_6FE9.svg
107,8,2,炳,1,1,0,正篆,卷.部首.頁：10上.火.209,炳說文‧火部,,是,bronze/glyphwiki,https://www.zdic.net/hans/炳/xiaozhuan,https://img.zdic.net/zy/xiaozhuan/27_70B3.svg
108,8,3,燔,1,1,0,正篆,卷.部首.頁：10上.火.207,燔說文‧火部,,是,bronze/glyphwiki,https://www.zdic.net/hans/燔/xiaozhuan,https://img.zdic.net/zy/xiaozhuan/27_71D4.svg
109,8,4,牲,1,1,0,正篆,卷.部首.頁：2上.牛.29,牲說文‧牛部,,是,bronze/glyphwiki,https://www.zdic.net/hans/牲/xiaozhuan,https://img.zdic.net/zy/xiaozhuan/27_7272.svg
110,8,5,犒,1,1,0,正篆,卷.部首.頁：6上.木.119,犒說文‧木部,,是,bronze/glyphwiki,https://www.zdic.net/hans/犒/xiaozhuan,https://img.zdic.net/zy/xiaozhuan/27_69C1.svg
111,8,6,狐,1,1,0,正篆,卷.部首.頁：10上.犬.206,狐說文‧犬部,,是,bronze/glyphwiki/oracle-bone,https://www.zdic.net/hans/狐/xiaozhuan,https://img.zdic.net/zy/xiaozhuan/27_72D0.svg
112,8,7,狩,1,1,0,正篆,卷.部首.頁：10上.犬.205,狩說文‧犬部,,是,bronze/glyphwiki,https://www.zdic.net/hans/狩/xiaozhuan,https://img.zdic.net/zy/xiaozhuan/27_72E9.svg
113,8,8,琈,2,1,1,古文+正篆,卷.部首.頁：3下.爪.63,琈說文‧爪部 | 琈說文古文,,是,glyphwiki,https://www.zdic.net/hans/琈/xiaozhuan,https://img.zdic.net/zy/xiaozhuan/27_5B5A.svg;https://img.zdic.net/zy/xiaozhuan/27_F03A.svg
114,8,9,瑄,1,1,0,正篆,卷.部首.頁：1上.玉.14,瑄說文‧玉部,,是,glyphwiki,https://www.zdic.net/hans/瑄/xiaozhuan,https://img.zdic.net/zy/xiaozhuan/27_7444.svg
115,8,10,甭,3,1,2,古文+正篆+籀文,卷.部首.頁：4下.𠦒.83,甭說文‧𠦒部 | 甭說文古文 | 甭說文籀文,,是,bronze/glyphwiki,https://www.zdic.net/hans/甭/xiaozhuan,https://img.zdic.net/zy/xiaozhuan/27_68C4.svg;https://img.zdic.net/zy/xiaozhuan/27_EE38.svg;https://img.zdic.net/zy/xiaozhuan/27_E36B.svg
116,8,11,畋,1,1,0,正篆,卷.部首.頁：3下.攴.69,畋說文‧攴部,,是,bronze/glyphwiki/oracle-bone,https://www.zdic.net/hans/畋/xiaozhuan,https://img.zdic.net/zy/xiaozhuan/27_754B.svg
117,8,12,痘,2,1,1,古文+正篆,卷.部首.頁：5上.豆.102,痘說文‧豆部 | 痘說文古文,,是,bronze/glyphwiki,https://www.zdic.net/hans/痘/xiaozhuan,https://img.zdic.net/zy/xiaozhuan/27_8C46.svg;https://img.zdic.net/zy/xiaozhuan/27_E437.svg
118,8,13,痢,2,1,1,古文+正篆,卷.部首.頁：4下.刀.91,痢說文‧刀部 | 痢說文古文,,是,bronze/glyphwiki,https://www.zdic.net/hans/痢/xiaozhuan,https://img.zdic.net/zy/xiaozhuan/27_5229.svg;https://img.zdic.net/zy/xiaozhuan/27_F67A.svg
119,8,14,瘌,1,1,0,正篆,卷.部首.頁：7下.疒.156,瘌說文‧疒部,,是,bronze/glyphwiki,https://www.zdic.net/hans/瘌/xiaozhuan,https://img.zdic.net/zy/xiaozhuan/27_760C.svg
120,8,15,皈,2,1,1,正篆+籀文,卷.部首.頁：2上.止.38,皈說文‧止部 | 皈說文籀文,,是,bronze/glyphwiki,https://www.zdic.net/hans/皈/xiaozhuan,https://img.zdic.net/zy/xiaozhuan/27_6B78.svg;https://img.zdic.net/zy/xiaozhuan/27_E14D.svg
121,9,1,盂,1,1,0,正篆,卷.部首.頁：5上.皿.104,盂說文‧皿部,,是,bronze/glyphwiki/oracle-bone,https://www.zdic.net/hans/盂/xiaozhuan,https://img.zdic.net/zy/xiaozhuan/27_76C2.svg
122,9,2,相,1,1,0,正篆,卷.部首.頁：4上.目.72,相說文‧目部,,是,bronze/glyphwiki/oracle-bone,https://www.zdic.net/hans/相/xiaozhuan,https://img.zdic.net/zy/xiaozhuan/27_76F8.svg
123,9,3,眚,1,1,0,正篆,卷.部首.頁：4上.目.73,眚說文‧目部,,是,bronze/glyphwiki,https://www.zdic.net/hans/眚/xiaozhuan,https://img.zdic.net/zy/xiaozhuan/27_771A.svg
124,9,4,睬,1,1,0,正篆,卷.部首.頁：6上.木.124,睬說文‧木部,,是,bronze/glyphwiki,https://www.zdic.net/hans/睬/xiaozhuan,https://img.zdic.net/zy/xiaozhuan/27_91C7.svg
125,9,5,磹,1,1,0,正篆,卷.部首.頁：5上.竹.96,磹說文‧竹部,,是,glyphwiki,https://www.zdic.net/hans/磹/xiaozhuan,https://img.zdic.net/zy/xiaozhuan/27_7C1F.svg
126,9,6,祈,1,1,0,正篆,卷.部首.頁：1上.示.8,祈說文‧示部,,是,bronze/glyphwiki/oracle-bone,https://www.zdic.net/hans/祈/xiaozhuan,https://img.zdic.net/zy/xiaozhuan/27_7948.svg
127,9,7,禄,1,1,0,正篆,卷.部首.頁：1上.示.7,禄說文‧示部,,是,bronze/glyphwiki,https://www.zdic.net/hans/禄/xiaozhuan,https://img.zdic.net/zy/xiaozhuan/27_797F.svg
128,9,8,稃,2,1,1,或體+正篆,卷.部首.頁：7上.禾.145,稃說文‧禾部 | 稃說文或體,,是,bronze/glyphwiki,https://www.zdic.net/hans/稃/xiaozhuan,https://img.zdic.net/zy/xiaozhuan/27_7A03.svg;https://img.zdic.net/zy/xiaozhuan/27_E5DE.svg
129,9,9,竽,1,1,0,正篆,卷.部首.頁：5上.竹.98,竽說文‧竹部,,是,bronze/glyphwiki/oracle-bone,https://www.zdic.net/hans/竽/xiaozhuan,https://img.zdic.net/zy/xiaozhuan/27_7AFD.svg
130,9,10,第,2,1,1,古文+正篆,卷.部首.頁：5下.弟.113,第說文‧弟部 | 第說文古文,,是,bronze/glyphwiki,https://www.zdic.net/hans/第/xiaozhuan,https://img.zdic.net/zy/xiaozhuan/27_5F1F.svg;https://img.zdic.net/zy/xiaozhuan/27_F2E2.svg
131,9,11,籥,1,1,0,正篆,卷.部首.頁：5上.竹.95,籥說文‧竹部,,是,glyphwiki,https://www.zdic.net/hans/籥/xiaozhuan,https://img.zdic.net/zy/xiaozhuan/27_7C65.svg
132,9,12,糠,2,1,1,或體+正篆,卷.部首.頁：7上.禾.145,糠說文‧禾部 | 糠說文或體,,是,bronze/glyphwiki,https://www.zdic.net/hans/糠/xiaozhuan,https://img.zdic.net/zy/xiaozhuan/27_F092.svg;https://img.zdic.net/zy/xiaozhuan/27_5EB7.svg
133,9,13,绅,1,1,0,正篆,卷.部首.頁：13上.糸.274,绅說文‧糸部,,是,bronze/glyphwiki,https://www.zdic.net/hans/绅/xiaozhuan,https://img.zdic.net/zy/xiaozhuan/27_7D33.svg
134,9,14,绥,1,1,0,正篆,卷.部首.頁：13上.糸.277,绥說文‧糸部,,是,bronze/glyphwiki,https://www.zdic.net/hans/绥/xiaozhuan,https://img.zdic.net/zy/xiaozhuan/27_7D8F.svg
135,9,15,翼,2,1,1,正篆+篆文,卷.部首.頁：11下.飛.245,翼說文‧飛部 | 翼說文篆文,,是,bronze/glyphwiki,https://www.zdic.net/hans/翼/xiaozhuan,https://img.zdic.net/zy/xiaozhuan/27_F112.svg;https://img.zdic.net/zy/xiaozhuan/27_7FFC.svg
136,10,1,胛,2,1,1,古文+正篆,卷.部首.頁：14下.甲.308,胛說文‧甲部 | 胛說文古文,,是,bronze/glyphwiki,https://www.zdic.net/hans/胛/xiaozhuan,https://img.zdic.net/zy/xiaozhuan/27_7532.svg;https://img.zdic.net/zy/xiaozhuan/27_EC1B.svg
137,10,2,脩,1,1,0,正篆,卷.部首.頁：4下.肉.89,脩說文‧肉部,,是,glyphwiki,https://www.zdic.net/hans/脩/xiaozhuan,https://img.zdic.net/zy/xiaozhuan/27_8129.svg
138,10,3,膺,1,1,0,正篆,卷.部首.頁：4下.肉.87,膺說文‧肉部,,是,bronze/glyphwiki,https://www.zdic.net/hans/膺/xiaozhuan,https://img.zdic.net/zy/xiaozhuan/27_81BA.svg
139,10,4,芾,1,1,0,正篆,卷.部首.頁：5下.冂.110,芾說文‧冂部,,是,bronze/glyphwiki,https://www.zdic.net/hans/芾/xiaozhuan,https://img.zdic.net/zy/xiaozhuan/27_5E02.svg
140,10,5,获,1,1,0,正篆,卷.部首.頁：10上.犬.205,获說文‧犬部,,是,bronze/glyphwiki,https://www.zdic.net/hans/获/xiaozhuan,https://img.zdic.net/zy/xiaozhuan/27_7372.svg
141,10,6,葡,2,1,1,古文+正篆,卷.部首.頁：8上.人.163,葡說文‧人部 | 葡說文古文,,是,bronze/glyphwiki,https://www.zdic.net/hans/葡/xiaozhuan,https://img.zdic.net/zy/xiaozhuan/27_5099.svg;https://img.zdic.net/zy/xiaozhuan/27_E6B1.svg
142,10,7,蓄,1,1,0,正篆,卷.部首.頁：1下.艸.27,蓄說文‧艸部,,是,bronze/glyphwiki,https://www.zdic.net/hans/蓄/xiaozhuan,https://img.zdic.net/zy/xiaozhuan/27_84C4.svg
143,10,8,蔓,1,1,0,正篆,卷.部首.頁：1下.艸.21,蔓說文‧艸部,,是,bronze/glyphwiki,https://www.zdic.net/hans/蔓/xiaozhuan,https://img.zdic.net/zy/xiaozhuan/27_8513.svg
144,10,9,藁,1,1,0,正篆,卷.部首.頁：6上.木.119,藁說文‧木部,,是,bronze/glyphwiki,https://www.zdic.net/hans/藁/xiaozhuan,https://img.zdic.net/zy/xiaozhuan/27_69C1.svg
145,10,10,虿,2,1,1,或體+正篆,卷.部首.頁：13上.虫.279,虿說文‧虫部 | 虿說文或體,,是,bronze/glyphwiki,https://www.zdic.net/hans/虿/xiaozhuan,https://img.zdic.net/zy/xiaozhuan/27_8806.svg;https://img.zdic.net/zy/xiaozhuan/27_EB05.svg
146,10,11,蜴,1,1,0,正篆,卷.部首.頁：9下.易.198,蜴說文‧易部,,是,bronze/glyphwiki,https://www.zdic.net/hans/蜴/xiaozhuan,https://img.zdic.net/zy/xiaozhuan/27_6613.svg
147,10,12,蠋,1,1,0,正篆,卷.部首.頁：13上.虫.279,蠋說文‧虫部,,是,glyphwiki,https://www.zdic.net/hans/蠋/xiaozhuan,https://img.zdic.net/zy/xiaozhuan/27_8700.svg
148,10,13,褪,3,1,2,古文+或體+正篆,卷.部首.頁：2下.彳.43,褪說文‧彳部 | 褪說文或體 | 褪說文古文,,是,bronze/glyphwiki,https://www.zdic.net/hans/褪/xiaozhuan,https://img.zdic.net/zy/xiaozhuan/27_E197.svg;https://img.zdic.net/zy/xiaozhuan/27_E198.svg;https://img.zdic.net/zy/xiaozhuan/27_9000.svg
149,10,14,贾,1,1,0,正篆,卷.部首.頁：6下.貝.130,贾說文‧貝部,,是,bronze/glyphwiki,https://www.zdic.net/hans/贾/xiaozhuan,https://img.zdic.net/zy/xiaozhuan/27_8CC8.svg
150,10,15,趾,1,1,0,正篆,卷.部首.頁：2上.止.38,趾說文‧止部,,是,bronze/glyphwiki,https://www.zdic.net/hans/趾/xiaozhuan,https://img.zdic.net/zy/xiaozhuan/27_6B62.svg
151,11,1,跤,1,1,0,正篆,卷.部首.頁：10下.交.214,跤說文‧交部,,是,bronze/glyphwiki,https://www.zdic.net/hans/跤/xiaozhuan,https://img.zdic.net/zy/xiaozhuan/27_4EA4.svg
152,11,2,蹬,1,1,0,正篆,卷.部首.頁：2下.足.48,蹬說文‧足部,,是,bronze/glyphwiki,https://www.zdic.net/hans/蹬/xiaozhuan,https://img.zdic.net/zy/xiaozhuan/27_8E6C.svg
153,11,3,达,2,1,1,或體+正篆,卷.部首.頁：2下.辵.41,达說文‧辵部 | 达說文或體,,是,bronze/glyphwiki,https://www.zdic.net/hans/达/xiaozhuan,https://img.zdic.net/zy/xiaozhuan/27_9054.svg;https://img.zdic.net/zy/xiaozhuan/27_EF55.svg
154,11,4,通,1,1,0,正篆,卷.部首.頁：2下.辵.40,通說文‧辵部,,是,bronze/glyphwiki,https://www.zdic.net/hans/通/xiaozhuan,https://img.zdic.net/zy/xiaozhuan/27_901A.svg
155,11,5,野,2,1,1,古文+正篆,卷.部首.頁：13下.里.290,野說文‧里部 | 野說文古文,,是,bronze/glyphwiki,https://www.zdic.net/hans/野/xiaozhuan,https://img.zdic.net/zy/xiaozhuan/27_91CE.svg;https://img.zdic.net/zy/xiaozhuan/27_EB81.svg
156,11,6,釐,1,1,0,正篆,卷.部首.頁：13下.里.290,釐說文‧里部,,是,bronze/glyphwiki,https://www.zdic.net/hans/釐/xiaozhuan,https://img.zdic.net/zy/xiaozhuan/27_91D0.svg
157,11,7,镉,3,1,2,或體+正篆,卷.部首.頁：3下.鬲.62,镉說文‧鬲部 | 镉說文或體 | 镉說文或體,,是,bronze/glyphwiki,https://www.zdic.net/hans/镉/xiaozhuan,https://img.zdic.net/zy/xiaozhuan/27_9B32.svg;https://img.zdic.net/zy/xiaozhuan/27_E267.svg;https://img.zdic.net/zy/xiaozhuan/27_E268.svg
158,11,8,闻,2,1,1,古文+正篆,卷.部首.頁：12上.耳.250、12下.女.259,闻說文‧耳部 | 闻說文古文,,是,bronze/glyphwiki/oracle-bone,https://www.zdic.net/hans/闻/xiaozhuan,https://img.zdic.net/zy/xiaozhuan/27_805E.svg;https://img.zdic.net/zy/xiaozhuan/27_E9ED.svg
159,11,9,队,1,1,0,正篆,卷.部首.頁：14下.阜.305,队說文‧阜部,,是,bronze/glyphwiki,https://www.zdic.net/hans/队/xiaozhuan,https://img.zdic.net/zy/xiaozhuan/27_968A.svg
160,11,10,陡,1,1,0,正篆,卷.部首.頁：14上.斗.300,陡說文‧斗部,,是,bronze/glyphwiki,https://www.zdic.net/hans/陡/xiaozhuan,https://img.zdic.net/zy/xiaozhuan/27_6597.svg
161,11,11,隧,1,1,0,正篆,卷.部首.頁：14下.阜.305,隧說文‧阜部,,是,bronze/glyphwiki,https://www.zdic.net/hans/隧/xiaozhuan,https://img.zdic.net/zy/xiaozhuan/27_968A.svg
162,11,12,雷,4,1,3,古文+正篆+籀文,卷.部首.頁：11下.雨.241,雷說文‧雨部 | 雷說文古文 | 雷說文古文 | 雷說文籀文,,是,bronze/glyphwiki/oracle-bone,https://www.zdic.net/hans/雷/xiaozhuan,https://img.zdic.net/zy/xiaozhuan/27_96F7.svg;https://img.zdic.net/zy/xiaozhuan/27_EDA7.svg;https://img.zdic.net/zy/xiaozhuan/27_E983.svg;https://img.zdic.net/zy/xiaozhuan/27_E984.svg
163,11,13,霰,2,1,1,或體+正篆,卷.部首.頁：11下.雨.241,霰說文‧雨部 | 霰說文或體,,是,bronze/glyphwiki,https://www.zdic.net/hans/霰/xiaozhuan,https://img.zdic.net/zy/xiaozhuan/27_9730.svg;https://img.zdic.net/zy/xiaozhuan/27_E989.svg
164,11,14,霾,1,1,0,正篆,卷.部首.頁：11下.雨.242,霾說文‧雨部,,是,bronze/glyphwiki/oracle-bone,https://www.zdic.net/hans/霾/xiaozhuan,https://img.zdic.net/zy/xiaozhuan/27_973E.svg
165,11,15,鬃,1,1,0,正篆,卷.部首.頁：8上.从.169,鬃說文‧从部,,是,bronze/glyphwiki,https://www.zdic.net/hans/鬃/xiaozhuan,https://img.zdic.net/zy/xiaozhuan/27_5F9E.svg
166,12,1,鸣,1,1,0,正篆,卷.部首.頁：4上.鳥.82,鸣說文‧鳥部,,是,bronze/glyphwiki/oracle-bone,https://www.zdic.net/hans/鸣/xiaozhuan,https://img.zdic.net/zy/xiaozhuan/27_9CF4.svg
167,12,2,麇,2,1,1,正篆+籀文,卷.部首.頁：10上.鹿.202,麇說文‧鹿部 | 麇說文籀文,,是,bronze/glyphwiki/oracle-bone,https://www.zdic.net/hans/麇/xiaozhuan,https://img.zdic.net/zy/xiaozhuan/27_9E87.svg;https://img.zdic.net/zy/xiaozhuan/27_E841.svg
168,12,3,麋,1,1,0,正篆,卷.部首.頁：10上.鹿.202,麋說文‧鹿部,,是,bronze/glyphwiki/oracle-bone,https://www.zdic.net/hans/麋/xiaozhuan,https://img.zdic.net/zy/xiaozhuan/27_9E8B.svg
169,12,4,䓛,1,1,0,正篆,卷.部首.頁：1下.艸.24,䓛說文‧艸部,,是,glyphwiki,https://www.zdic.net/hans/䓛/xiaozhuan,https://img.zdic.net/zy/xiaozhuan/27_E0A8.svg
170,12,5,传,1,1,0,正篆,卷.部首.頁：8上.人.165,传說文‧人部,,是,bamboo-silk/bronze/glyphwiki/oracle-bone,https://www.zdic.net/hans/传/xiaozhuan,https://img.zdic.net/zy/xiaozhuan/27_50B3.svg
171,12,6,伢,2,1,1,古文+正篆,卷.部首.頁：2下.牙.45,伢說文‧牙部 | 伢說文古文,,是,bronze/glyphwiki,https://www.zdic.net/hans/伢/xiaozhuan,https://img.zdic.net/zy/xiaozhuan/27_7259.svg;https://img.zdic.net/zy/xiaozhuan/27_E1B8.svg
172,12,7,伾,1,1,0,正篆,卷.部首.頁：8上.人.163,伾說文‧人部,,是,glyphwiki,https://www.zdic.net/hans/伾/xiaozhuan,https://img.zdic.net/zy/xiaozhuan/27_4F3E.svg
173,12,8,偶,1,1,0,正篆,卷.部首.頁：8上.人.167,偶說文‧人部,,是,bronze/glyphwiki,https://www.zdic.net/hans/偶/xiaozhuan,https://img.zdic.net/zy/xiaozhuan/27_5076.svg
174,12,9,傈,2,1,1,古文+正篆,卷.部首.頁：7上.𠧪.143,傈說文‧𠧪部 | 傈說文古文,,是,glyphwiki,https://www.zdic.net/hans/傈/xiaozhuan,https://img.zdic.net/zy/xiaozhuan/27_6817.svg;https://img.zdic.net/zy/xiaozhuan/27_E5C4.svg
175,12,10,减,1,1,0,正篆,卷.部首.頁：11上.水.237,减說文‧水部,,是,bronze/glyphwiki,https://www.zdic.net/hans/减/xiaozhuan,https://img.zdic.net/zy/xiaozhuan/27_6E1B.svg
176,12,11,刑,1,1,0,正篆,卷.部首.頁：4下.刀.92,刑說文‧刀部,,是,bronze/glyphwiki,https://www.zdic.net/hans/刑/xiaozhuan,https://img.zdic.net/zy/xiaozhuan/27_5211.svg
177,12,12,勒,1,1,0,正篆,卷.部首.頁：3下.革.61,勒說文‧革部,,是,bronze/glyphwiki,https://www.zdic.net/hans/勒/xiaozhuan,https://img.zdic.net/zy/xiaozhuan/27_52D2.svg
178,12,13,卣,2,1,1,正篆+籀文,卷.部首.頁：7上.𠧪.143,卣說文‧𠧪部 | 卣說文籀文,,是,bronze/glyphwiki/oracle-bone,https://www.zdic.net/hans/卣/xiaozhuan,https://img.zdic.net/zy/xiaozhuan/27_F481.svg;https://img.zdic.net/zy/xiaozhuan/27_E5C3.svg
179,12,14,卷,1,1,0,正篆,卷.部首.頁：9上.卩.187,卷說文‧卩部,,是,bronze/glyphwiki,https://www.zdic.net/hans/卷/xiaozhuan,https://img.zdic.net/zy/xiaozhuan/27_5377.svg
180,12,15,厩,2,1,1,古文+正篆,卷.部首.頁：9下.广.192,厩說文‧广部 | 厩說文古文,,是,bronze/glyphwiki,https://www.zdic.net/hans/厩/xiaozhuan,https://img.zdic.net/zy/xiaozhuan/27_5EC4.svg;https://img.zdic.net/zy/xiaozhuan/27_E7DA.svg
181,13,1,叟,3,1,2,或體+正篆+籀文,卷.部首.頁：3下.又.64,叟說文‧又部 | 叟說文籀文 | 叟說文或體,,是,glyphwiki,https://www.zdic.net/hans/叟/xiaozhuan,https://img.zdic.net/zy/xiaozhuan/27_53DF.svg;https://img.zdic.net/zy/xiaozhuan/27_EC4C.svg;https://img.zdic.net/zy/xiaozhuan/27_E28A.svg
182,13,2,叶,2,1,1,古文+正篆,卷.部首.頁：13下.劦.293,叶說文‧劦部 | 叶說文古文,,是,bronze/glyphwiki/oracle-bone,https://www.zdic.net/hans/叶/xiaozhuan,https://img.zdic.net/zy/xiaozhuan/27_5354.svg;https://img.zdic.net/zy/xiaozhuan/27_EBA1.svg
183,13,3,吁,1,1,0,正篆,卷.部首.頁：2上.口.33、5上.于.101,吁說文‧口部,,是,bronze/glyphwiki,https://www.zdic.net/hans/吁/xiaozhuan,https://img.zdic.net/zy/xiaozhuan/27_5401.svg
184,13,4,吕,2,1,1,或體+正篆,卷.部首.頁：7下.呂.152,吕說文‧呂部 | 吕說文或體,,是,bronze/glyphwiki,https://www.zdic.net/hans/吕/xiaozhuan,https://img.zdic.net/zy/xiaozhuan/27_5442.svg;https://img.zdic.net/zy/xiaozhuan/27_8182.svg
185,13,5,呣,3,1,2,古文+正篆,卷.部首.頁：3上.言.52,呣說文‧言部 | 呣說文古文 | 呣說文古文,,是,glyphwiki,https://www.zdic.net/hans/呣/xiaozhuan,https://img.zdic.net/zy/xiaozhuan/27_8B00.svg;https://img.zdic.net/zy/xiaozhuan/27_E1EA.svg;https://img.zdic.net/zy/xiaozhuan/27_E1EB.svg
186,13,6,咏,2,1,1,或體+正篆,卷.部首.頁：3上.言.53,咏說文‧言部 | 咏說文或體,,是,bronze/glyphwiki,https://www.zdic.net/hans/咏/xiaozhuan,https://img.zdic.net/zy/xiaozhuan/27_8A60.svg;https://img.zdic.net/zy/xiaozhuan/27_E1F8.svg
187,13,7,咐,1,1,0,正篆,卷.部首.頁：8上.人.164,咐說文‧人部,,是,bronze/glyphwiki,https://www.zdic.net/hans/咐/xiaozhuan,https://img.zdic.net/zy/xiaozhuan/27_4ED8.svg
188,13,8,哀,1,1,0,正篆,卷.部首.頁：2上.口.34,哀說文‧口部,,是,bronze/glyphwiki,https://www.zdic.net/hans/哀/xiaozhuan,https://img.zdic.net/zy/xiaozhuan/27_54C0.svg
189,13,9,哥,1,1,0,正篆,卷.部首.頁：5上.可.101,哥說文‧可部,,是,bronze/glyphwiki,https://www.zdic.net/hans/哥/xiaozhuan,https://img.zdic.net/zy/xiaozhuan/27_54E5.svg
190,13,10,嗌,2,1,1,正篆+籀文,卷.部首.頁：2上.口.30,嗌說文‧口部 | 嗌說文籀文,,是,bronze/glyphwiki,https://www.zdic.net/hans/嗌/xiaozhuan,https://img.zdic.net/zy/xiaozhuan/27_55CC.svg;https://img.zdic.net/zy/xiaozhuan/27_EDF6.svg
191,13,11,嘉,1,1,0,正篆,卷.部首.頁：5上.壴.102,嘉說文‧壴部,,是,bronze/glyphwiki,https://www.zdic.net/hans/嘉/xiaozhuan,https://img.zdic.net/zy/xiaozhuan/27_5609.svg
192,13,12,嘞,1,1,0,正篆,卷.部首.頁：3下.革.61,嘞說文‧革部,,是,bronze/glyphwiki,https://www.zdic.net/hans/嘞/xiaozhuan,https://img.zdic.net/zy/xiaozhuan/27_52D2.svg
193,13,13,圄,1,1,0,正篆,卷.部首.頁：6下.囗.129,圄說文‧囗部,,是,bronze/glyphwiki,https://www.zdic.net/hans/圄/xiaozhuan,https://img.zdic.net/zy/xiaozhuan/27_5704.svg
194,13,14,圉,1,1,0,正篆,卷.部首.頁：10下.㚔.214,圉說文‧㚔部,,是,bronze/glyphwiki/oracle-bone,https://www.zdic.net/hans/圉/xiaozhuan,https://img.zdic.net/zy/xiaozhuan/27_5709.svg
195,13,15,圊,1,1,0,正篆,卷.部首.頁：11上.水.231,圊說文‧水部,,是,bronze/glyphwiki,https://www.zdic.net/hans/圊/xiaozhuan,https://img.zdic.net/zy/xiaozhuan/27_6E05.svg
196,14,1,圲,1,1,0,正篆,卷.部首.頁：8上.人.165,圲說文‧人部,,是,glyphwiki,https://www.zdic.net/hans/圲/xiaozhuan,https://img.zdic.net/zy/xiaozhuan/27_4FD7.svg
197,14,2,均,1,1,0,正篆,卷.部首.頁：13下.土.286,均說文‧土部,,是,bronze/glyphwiki,https://www.zdic.net/hans/均/xiaozhuan,https://img.zdic.net/zy/xiaozhuan/27_5747.svg
198,14,3,坒,1,1,0,正篆,卷.部首.頁：13下.土.287,坒說文‧土部,,是,glyphwiki,https://www.zdic.net/hans/坒/xiaozhuan,https://img.zdic.net/zy/xiaozhuan/27_5752.svg
199,14,4,坪,1,1,0,正篆,卷.部首.頁：13下.土.286,坪說文‧土部,,是,bronze/glyphwiki,https://www.zdic.net/hans/坪/xiaozhuan,https://img.zdic.net/zy/xiaozhuan/27_576A.svg
200,14,5,埇,1,1,0,正篆,卷.部首.頁：7上.𢎘.142,埇說文‧𢎘部,,是,glyphwiki,https://www.zdic.net/hans/埇/xiaozhuan,https://img.zdic.net/zy/xiaozhuan/27_752C.svg
201,14,6,埤,1,1,0,正篆,卷.部首.頁：13下.土.288,埤說文‧土部,,是,glyphwiki,https://www.zdic.net/hans/埤/xiaozhuan,https://img.zdic.net/zy/xiaozhuan/27_57E4.svg
202,14,7,堋,1,1,0,正篆,卷.部首.頁：13下.土.289,堋說文‧土部,,是,bronze/glyphwiki,https://www.zdic.net/hans/堋/xiaozhuan,https://img.zdic.net/zy/xiaozhuan/27_580B.svg
203,14,8,堙,2,1,1,古文+正篆,卷.部首.頁：13下.土.288,堙說文‧土部 | 堙說文古文,,是,bronze/glyphwiki,https://www.zdic.net/hans/堙/xiaozhuan,https://img.zdic.net/zy/xiaozhuan/27_5794.svg;https://img.zdic.net/zy/xiaozhuan/27_EB6F.svg
204,14,9,堵,2,1,1,正篆+籀文,卷.部首.頁：13下.土.287,堵說文‧土部 | 堵說文籀文,,是,bronze/glyphwiki,https://www.zdic.net/hans/堵/xiaozhuan,https://img.zdic.net/zy/xiaozhuan/27_5835.svg;https://img.zdic.net/zy/xiaozhuan/27_EB58.svg
205,14,10,塘,1,1,0,正篆,卷.部首.頁：13下.土.290,塘說文‧土部,,是,bronze/glyphwiki,https://www.zdic.net/hans/塘/xiaozhuan,https://img.zdic.net/zy/xiaozhuan/27_5858.svg
206,14,11,墐,1,1,0,正篆,卷.部首.頁：13下.土.287,墐說文‧土部,,是,glyphwiki,https://www.zdic.net/hans/墐/xiaozhuan,https://img.zdic.net/zy/xiaozhuan/27_5890.svg
207,14,12,墨,1,1,0,正篆,卷.部首.頁：13下.土.287,墨說文‧土部,,是,bronze/glyphwiki,https://www.zdic.net/hans/墨/xiaozhuan,https://img.zdic.net/zy/xiaozhuan/27_58A8.svg
208,14,13,壮,1,1,0,正篆,卷.部首.頁：1上.士.14,壮說文‧士部,,是,bronze/glyphwiki,https://www.zdic.net/hans/壮/xiaozhuan,https://img.zdic.net/zy/xiaozhuan/27_58EF.svg
209,14,14,奈,1,1,0,正篆,卷.部首.頁：6上.木.114,奈說文‧木部,,是,glyphwiki,https://www.zdic.net/hans/奈/xiaozhuan,https://img.zdic.net/zy/xiaozhuan/27_67F0.svg
210,14,15,奎,1,1,0,正篆,卷.部首.頁：10下.大.213,奎說文‧大部,,是,bronze/glyphwiki,https://www.zdic.net/hans/奎/xiaozhuan,https://img.zdic.net/zy/xiaozhuan/27_594E.svg
211,15,1,奭,2,1,1,古文+正篆,卷.部首.頁：4上.皕.74,奭說文‧皕部 | 奭說文古文,,是,glyphwiki/oracle-bone,https://www.zdic.net/hans/奭/xiaozhuan,https://img.zdic.net/zy/xiaozhuan/27_596D.svg;https://img.zdic.net/zy/xiaozhuan/27_F29F.svg
212,15,2,奸,1,1,0,正篆,卷.部首.頁：12下.女.264,奸說文‧女部,,是,bronze/glyphwiki,https://www.zdic.net/hans/奸/xiaozhuan,https://img.zdic.net/zy/xiaozhuan/27_5978.svg
213,15,3,妣,2,1,1,正篆+籀文,卷.部首.頁：12下.女.259,妣說文‧女部 | 妣說文籀文,,是,bronze/glyphwiki,https://www.zdic.net/hans/妣/xiaozhuan,https://img.zdic.net/zy/xiaozhuan/27_59A3.svg;https://img.zdic.net/zy/xiaozhuan/27_EA34.svg
214,15,4,始,1,1,0,正篆,卷.部首.頁：12下.女.260,始說文‧女部,,是,bronze/glyphwiki,https://www.zdic.net/hans/始/xiaozhuan,https://img.zdic.net/zy/xiaozhuan/27_59CB.svg
215,15,5,娄,2,1,1,古文+正篆,卷.部首.頁：12下.女.264,娄說文‧女部 | 娄說文古文,,是,bronze/glyphwiki,https://www.zdic.net/hans/娄/xiaozhuan,https://img.zdic.net/zy/xiaozhuan/27_5A41.svg;https://img.zdic.net/zy/xiaozhuan/27_EA74.svg
216,15,6,婤,1,1,0,正篆,卷.部首.頁：12下.女.260,婤說文‧女部,,是,bronze/glyphwiki/oracle-bone,https://www.zdic.net/hans/婤/xiaozhuan,https://img.zdic.net/zy/xiaozhuan/27_5A64.svg
217,15,7,嫜,1,1,0,正篆,卷.部首.頁：3上.音.58,嫜說文‧音部,,是,bronze/glyphwiki,https://www.zdic.net/hans/嫜/xiaozhuan,https://img.zdic.net/zy/xiaozhuan/27_7AE0.svg
218,15,8,嬗,1,1,0,正篆,卷.部首.頁：12下.女.262,嬗說文‧女部,,是,bronze/glyphwiki,https://www.zdic.net/hans/嬗/xiaozhuan,https://img.zdic.net/zy/xiaozhuan/27_5B17.svg
219,15,9,孖,1,1,0,正篆,卷.部首.頁：11上.水.231,孖說文‧水部,,是,glyphwiki,https://www.zdic.net/hans/孖/xiaozhuan,https://img.zdic.net/zy/xiaozhuan/27_6ECB.svg
220,15,10,宇,2,1,1,正篆+籀文,卷.部首.頁：7下.宀.150,宇說文‧宀部 | 宇說文籀文,,是,bronze/glyphwiki,https://www.zdic.net/hans/宇/xiaozhuan,https://img.zdic.net/zy/xiaozhuan/27_5B87.svg;https://img.zdic.net/zy/xiaozhuan/27_E615.svg
221,15,11,审,2,1,1,正篆+篆文,卷.部首.頁：2上.釆.28,审說文‧釆部 | 审說文篆文,,是,bronze/glyphwiki,https://www.zdic.net/hans/审/xiaozhuan,https://img.zdic.net/zy/xiaozhuan/27_F127.svg;https://img.zdic.net/zy/xiaozhuan/27_5BE9.svg
222,15,12,宽,1,1,0,正篆,卷.部首.頁：7下.宀.151,宽說文‧宀部,,是,bronze/glyphwiki,https://www.zdic.net/hans/宽/xiaozhuan,https://img.zdic.net/zy/xiaozhuan/27_5BEC.svg
223,15,13,密,1,1,0,正篆,卷.部首.頁：9下.山.190,密說文‧山部,,是,bronze/glyphwiki,https://www.zdic.net/hans/密/xiaozhuan,https://img.zdic.net/zy/xiaozhuan/27_5BC6.svg
224,15,14,寓,2,1,1,或體+正篆,卷.部首.頁：7下.宀.151,寓說文‧宀部 | 寓說文或體,,是,bronze/glyphwiki,https://www.zdic.net/hans/寓/xiaozhuan,https://img.zdic.net/zy/xiaozhuan/27_5BD3.svg;https://img.zdic.net/zy/xiaozhuan/27_E627.svg
225,15,15,少,1,1,0,正篆,卷.部首.頁：2上.小.28,少說文‧小部,,是,bronze/glyphwiki/oracle-bone,https://www.zdic.net/hans/少/xiaozhuan,https://img.zdic.net/zy/xiaozhuan/27_5C11.svg
226,16,1,巍,1,1,0,正篆,卷.部首.頁：9上.嵬.189,巍說文‧嵬部,,是,bronze/glyphwiki,https://www.zdic.net/hans/巍/xiaozhuan,https://img.zdic.net/zy/xiaozhuan/27_5DCD.svg
227,16,2,帏,1,1,0,正篆,卷.部首.頁：7下.巾.159,帏說文‧巾部,,是,bronze/glyphwiki,https://www.zdic.net/hans/帏/xiaozhuan,https://img.zdic.net/zy/xiaozhuan/27_5E43.svg
228,16,3,帔,1,1,0,正篆,卷.部首.頁：7下.巾.158,帔說文‧巾部,,是,bronze/glyphwiki,https://www.zdic.net/hans/帔/xiaozhuan,https://img.zdic.net/zy/xiaozhuan/27_5E14.svg
229,16,4,席,2,1,1,古文+正篆,卷.部首.頁：7下.巾.159,席說文‧巾部 | 席說文古文,,是,bronze/glyphwiki,https://www.zdic.net/hans/席/xiaozhuan,https://img.zdic.net/zy/xiaozhuan/27_5E2D.svg;https://img.zdic.net/zy/xiaozhuan/27_E691.svg
230,16,5,庄,2,1,1,古文+正篆,卷.部首.頁：1下.艸.15,庄說文‧艸部 | 庄說文古文,,是,bronze/glyphwiki,https://www.zdic.net/hans/庄/xiaozhuan,https://img.zdic.net/zy/xiaozhuan/27_838A.svg;https://img.zdic.net/zy/xiaozhuan/27_E04B.svg
231,16,6,应,1,1,0,正篆,卷.部首.頁：10下.心.217,应說文‧心部,,是,bronze/glyphwiki,https://www.zdic.net/hans/应/xiaozhuan,https://img.zdic.net/zy/xiaozhuan/27_61C9.svg
232,16,7,庙,2,1,1,古文+正篆,卷.部首.頁：9下.广.193,庙說文‧广部 | 庙說文古文,,是,bronze/glyphwiki,https://www.zdic.net/hans/庙/xiaozhuan,https://img.zdic.net/zy/xiaozhuan/27_5EDF.svg;https://img.zdic.net/zy/xiaozhuan/27_E7E1.svg
233,16,8,庸,1,1,0,正篆,卷.部首.頁：3下.用.70,庸說文‧用部,,是,bronze/glyphwiki/oracle-bone,https://www.zdic.net/hans/庸/xiaozhuan,https://img.zdic.net/zy/xiaozhuan/27_5EB8.svg
234,16,9,廒,1,1,0,正篆,卷.部首.頁：4下.放.84、6下.出.127,廒說文‧放部,,是,bronze/glyphwiki,https://www.zdic.net/hans/廒/xiaozhuan,https://img.zdic.net/zy/xiaozhuan/27_6556.svg
235,16,10,弁,3,1,2,或體+正篆+籀文,卷.部首.頁：8下.皃.177,弁說文‧皃部 | 弁說文籀文 | 弁說文或體,,是,bronze/glyphwiki,https://www.zdic.net/hans/弁/xiaozhuan,https://img.zdic.net/zy/xiaozhuan/27_F077.svg;https://img.zdic.net/zy/xiaozhuan/27_EDFB.svg;https://img.zdic.net/zy/xiaozhuan/27_5F01.svg
236,16,11,张,1,1,0,正篆,卷.部首.頁：12下.弓.269,张說文‧弓部,,是,bronze/glyphwiki,https://www.zdic.net/hans/张/xiaozhuan,https://img.zdic.net/zy/xiaozhuan/27_5F35.svg
237,16,12,弩,1,1,0,正篆,卷.部首.頁：12下.弓.270,弩說文‧弓部,,是,bronze/glyphwiki,https://www.zdic.net/hans/弩/xiaozhuan,https://img.zdic.net/zy/xiaozhuan/27_5F29.svg
238,16,13,弸,1,1,0,正篆,卷.部首.頁：12下.弓.270,弸說文‧弓部,,是,glyphwiki,https://www.zdic.net/hans/弸/xiaozhuan,https://img.zdic.net/zy/xiaozhuan/27_5F38.svg
239,16,14,彤,1,1,0,正篆,卷.部首.頁：5下.丹.106,彤說文‧丹部,,是,bronze/glyphwiki,https://www.zdic.net/hans/彤/xiaozhuan,https://img.zdic.net/zy/xiaozhuan/27_5F64.svg
240,16,15,彼,1,1,0,正篆,卷.部首.頁：2下.彳.43,彼說文‧彳部,,是,bronze/glyphwiki,https://www.zdic.net/hans/彼/xiaozhuan,https://img.zdic.net/zy/xiaozhuan/27_5F7C.svg
241,17,1,循,1,1,0,正篆,卷.部首.頁：2下.彳.43,循說文‧彳部,,是,glyphwiki,https://www.zdic.net/hans/循/xiaozhuan,https://img.zdic.net/zy/xiaozhuan/27_5FAA.svg
242,17,2,忌,1,1,0,正篆,卷.部首.頁：10下.心.221,忌說文‧心部,,是,bronze/glyphwiki,https://www.zdic.net/hans/忌/xiaozhuan,https://img.zdic.net/zy/xiaozhuan/27_5FCC.svg
243,17,3,志,1,1,0,正篆,卷.部首.頁：10下.心.217,志說文‧心部,,是,bronze/glyphwiki,https://www.zdic.net/hans/志/xiaozhuan,https://img.zdic.net/zy/xiaozhuan/27_5FD7.svg
244,17,4,怠,1,1,0,正篆,卷.部首.頁：10下.心.220,怠說文‧心部,,是,bronze/glyphwiki,https://www.zdic.net/hans/怠/xiaozhuan,https://img.zdic.net/zy/xiaozhuan/27_6020.svg
245,17,5,恐,2,1,1,古文+正篆,卷.部首.頁：10下.心.223,恐說文‧心部 | 恐說文古文,,是,bronze/glyphwiki,https://www.zdic.net/hans/恐/xiaozhuan,https://img.zdic.net/zy/xiaozhuan/27_6050.svg;https://img.zdic.net/zy/xiaozhuan/27_E926.svg
246,17,6,恕,2,1,1,古文+正篆,卷.部首.頁：10下.心.218,恕說文‧心部 | 恕說文古文,,是,bronze/glyphwiki,https://www.zdic.net/hans/恕/xiaozhuan,https://img.zdic.net/zy/xiaozhuan/27_6055.svg;https://img.zdic.net/zy/xiaozhuan/27_E8E5.svg
247,17,7,恙,1,1,0,正篆,卷.部首.頁：10下.心.222,恙說文‧心部,,是,glyphwiki/oracle-bone,https://www.zdic.net/hans/恙/xiaozhuan,https://img.zdic.net/zy/xiaozhuan/27_6059.svg
248,17,8,息,1,1,0,正篆,卷.部首.頁：10下.心.217,息說文‧心部,,是,bronze/glyphwiki,https://www.zdic.net/hans/息/xiaozhuan,https://img.zdic.net/zy/xiaozhuan/27_606F.svg
249,17,9,恿,3,1,2,古文+或體+正篆,卷.部首.頁：13下.力.292,恿說文‧力部 | 恿說文或體 | 恿說文古文,,是,bronze/glyphwiki,https://www.zdic.net/hans/恿/xiaozhuan,https://img.zdic.net/zy/xiaozhuan/27_52C7.svg;https://img.zdic.net/zy/xiaozhuan/27_EB9E.svg;https://img.zdic.net/zy/xiaozhuan/27_607F.svg
250,17,10,悔,1,1,0,正篆,卷.部首.頁：10下.心.221,悔說文‧心部,,是,bronze/glyphwiki,https://www.zdic.net/hans/悔/xiaozhuan,https://img.zdic.net/zy/xiaozhuan/27_6094.svg
251,17,11,惑,1,1,0,正篆,卷.部首.頁：10下.心.221,惑說文‧心部,,是,bronze/glyphwiki,https://www.zdic.net/hans/惑/xiaozhuan,https://img.zdic.net/zy/xiaozhuan/27_60D1.svg
252,17,12,惟,1,1,0,正篆,卷.部首.頁：10下.心.218,惟說文‧心部,,是,bronze/glyphwiki,https://www.zdic.net/hans/惟/xiaozhuan,https://img.zdic.net/zy/xiaozhuan/27_60DF.svg
253,17,13,惧,2,1,1,古文+正篆,卷.部首.頁：10下.心.218,惧說文‧心部 | 惧說文古文,,是,bronze/glyphwiki,https://www.zdic.net/hans/惧/xiaozhuan,https://img.zdic.net/zy/xiaozhuan/27_61FC.svg;https://img.zdic.net/zy/xiaozhuan/27_E8ED.svg
254,17,14,愆,2,1,1,正篆+籀文,卷.部首.頁：10下.心.221、10下.心.218,愆說文籀文 | 愆說文‧心部,愆說文或體,是,bronze/glyphwiki,https://www.zdic.net/hans/愆/xiaozhuan,https://img.zdic.net/zy/xiaozhuan/27_E90E.svg;https://img.zdic.net/zy/xiaozhuan/27_6106.svg
255,17,15,愉,1,1,0,正篆,卷.部首.頁：10下.心.220,愉說文‧心部,,是,bronze/glyphwiki,https://www.zdic.net/hans/愉/xiaozhuan,https://img.zdic.net/zy/xiaozhuan/27_6109.svg
256,18,1,愚,1,1,0,正篆,卷.部首.頁：10下.心.220,愚說文‧心部,,是,bronze/glyphwiki,https://www.zdic.net/hans/愚/xiaozhuan,https://img.zdic.net/zy/xiaozhuan/27_611A.svg
257,18,2,愠,1,1,0,正篆,卷.部首.頁：10下.心.221,愠說文‧心部,,是,bronze/glyphwiki,https://www.zdic.net/hans/愠/xiaozhuan,https://img.zdic.net/zy/xiaozhuan/27_614D.svg
258,18,3,慈,1,1,0,正篆,卷.部首.頁：10下.心.218,慈說文‧心部,,是,bronze/glyphwiki,https://www.zdic.net/hans/慈/xiaozhuan,https://img.zdic.net/zy/xiaozhuan/27_6148.svg
259,18,4,憋,1,1,0,正篆,卷.部首.頁：4下.冎.86,憋說文‧冎部,,是,glyphwiki,https://www.zdic.net/hans/憋/xiaozhuan,https://img.zdic.net/zy/xiaozhuan/27_5225.svg
260,18,5,戟,1,1,0,正篆,卷.部首.頁：12下.戈.266,戟說文‧戈部,,是,bronze/glyphwiki,https://www.zdic.net/hans/戟/xiaozhuan,https://img.zdic.net/zy/xiaozhuan/27_621F.svg
261,18,6,扑,1,1,0,正篆,卷.部首.頁：12上.手.256,扑說文‧手部,,是,bronze/glyphwiki,https://www.zdic.net/hans/扑/xiaozhuan,https://img.zdic.net/zy/xiaozhuan/27_64B2.svg
262,18,7,扞,1,1,0,正篆,卷.部首.頁：12上.手.257,扞說文‧手部,,是,glyphwiki,https://www.zdic.net/hans/扞/xiaozhuan,https://img.zdic.net/zy/xiaozhuan/27_625E.svg
263,18,8,扶,2,1,1,古文+正篆,卷.部首.頁：12上.手.251,扶說文‧手部 | 扶說文古文,,是,bronze/glyphwiki,https://www.zdic.net/hans/扶/xiaozhuan,https://img.zdic.net/zy/xiaozhuan/27_6276.svg;https://img.zdic.net/zy/xiaozhuan/27_E9FC.svg
264,18,9,扺,1,1,0,正篆,卷.部首.頁：12上.手.256,扺說文‧手部,,是,glyphwiki,https://www.zdic.net/hans/扺/xiaozhuan,https://img.zdic.net/zy/xiaozhuan/27_627A.svg
265,18,10,找,1,1,0,正篆,卷.部首.頁：3下.爪.63,找說文‧爪部,,是,bronze/glyphwiki,https://www.zdic.net/hans/找/xiaozhuan,https://img.zdic.net/zy/xiaozhuan/27_722A.svg
266,18,11,择,1,1,0,正篆,卷.部首.頁：12上.手.252,择說文‧手部,,是,bronze/glyphwiki,https://www.zdic.net/hans/择/xiaozhuan,https://img.zdic.net/zy/xiaozhuan/27_64C7.svg
267,18,12,挚,1,1,0,正篆,卷.部首.頁：12上.手.251,挚說文‧手部,,是,glyphwiki,https://www.zdic.net/hans/挚/xiaozhuan,https://img.zdic.net/zy/xiaozhuan/27_646F.svg
268,18,13,挛,1,1,0,正篆,卷.部首.頁：12上.手.255,挛說文‧手部,,是,bronze/glyphwiki,https://www.zdic.net/hans/挛/xiaozhuan,https://img.zdic.net/zy/xiaozhuan/27_6523.svg
269,18,14,振,1,1,0,正篆,卷.部首.頁：12上.手.254,振說文‧手部,,是,bronze/glyphwiki,https://www.zdic.net/hans/振/xiaozhuan,https://img.zdic.net/zy/xiaozhuan/27_632F.svg
270,18,15,捧,1,1,0,正篆,卷.部首.頁：3上.廾.59,捧說文‧廾部,,是,bronze/glyphwiki,https://www.zdic.net/hans/捧/xiaozhuan,https://img.zdic.net/zy/xiaozhuan/27_5949.svg
271,19,1,搏,1,1,0,正篆,卷.部首.頁：12上.手.251,搏說文‧手部,,是,bronze/glyphwiki,https://www.zdic.net/hans/搏/xiaozhuan,https://img.zdic.net/zy/xiaozhuan/27_640F.svg
272,19,2,撕,1,1,0,正篆,卷.部首.頁：14上.斤.300,撕說文‧斤部,,是,bronze/glyphwiki,https://www.zdic.net/hans/撕/xiaozhuan,https://img.zdic.net/zy/xiaozhuan/27_65AF.svg
273,19,3,攻,1,1,0,正篆,卷.部首.頁：3下.攴.69,攻說文‧攴部,,是,bronze/glyphwiki,https://www.zdic.net/hans/攻/xiaozhuan,https://img.zdic.net/zy/xiaozhuan/27_653B.svg
274,19,4,敔,1,1,0,正篆,卷.部首.頁：3下.攴.69,敔說文‧攴部,,是,bronze/glyphwiki,https://www.zdic.net/hans/敔/xiaozhuan,https://img.zdic.net/zy/xiaozhuan/27_6554.svg
275,19,5,旃,2,1,1,或體+正篆,卷.部首.頁：7上.㫃.140,旃說文‧㫃部 | 旃說文或體,,是,bronze/glyphwiki,https://www.zdic.net/hans/旃/xiaozhuan,https://img.zdic.net/zy/xiaozhuan/27_65C3.svg;https://img.zdic.net/zy/xiaozhuan/27_E5A7.svg
276,19,6,旄,1,1,0,正篆,卷.部首.頁：7上.㫃.141,旄說文‧㫃部,,是,bronze/glyphwiki,https://www.zdic.net/hans/旄/xiaozhuan,https://img.zdic.net/zy/xiaozhuan/27_65C4.svg
277,19,7,昊,1,1,0,正篆,卷.部首.頁：10下.夰.215,昊說文‧夰部,,是,bronze/glyphwiki,https://www.zdic.net/hans/昊/xiaozhuan,https://img.zdic.net/zy/xiaozhuan/27_660A.svg
278,19,8,星,3,1,2,古文+或體+正篆,卷.部首.頁：7上.晶.141,星說文‧晶部 | 星說文古文 | 星說文或體,,是,bronze/glyphwiki/oracle-bone,https://www.zdic.net/hans/星/xiaozhuan,https://img.zdic.net/zy/xiaozhuan/27_E5AD.svg;https://img.zdic.net/zy/xiaozhuan/27_E5AE.svg;https://img.zdic.net/zy/xiaozhuan/27_661F.svg
279,19,9,晨,1,1,0,正篆,卷.部首.頁：3上.䢅.60、7上.晶.141,晨說文‧䢅部,,是,glyphwiki,https://www.zdic.net/hans/晨/xiaozhuan,https://img.zdic.net/zy/xiaozhuan/27_F39A.svg
280,19,10,暲,1,1,0,正篆,卷.部首.頁：3上.音.58,暲說文‧音部,,是,glyphwiki,https://www.zdic.net/hans/暲/xiaozhuan,https://img.zdic.net/zy/xiaozhuan/27_7AE0.svg
281,19,11,术,2,1,1,或體+正篆,卷.部首.頁：7上.禾.144,术說文‧禾部 | 术說文或體,,是,glyphwiki,https://www.zdic.net/hans/术/xiaozhuan,https://img.zdic.net/zy/xiaozhuan/27_79EB.svg;https://img.zdic.net/zy/xiaozhuan/27_672E.svg
282,19,12,杞,1,1,0,正篆,卷.部首.頁：6上.木.117,杞說文‧木部,,是,bronze/glyphwiki/oracle-bone,https://www.zdic.net/hans/杞/xiaozhuan,https://img.zdic.net/zy/xiaozhuan/27_675E.svg
283,19,13,杠,1,1,0,正篆,卷.部首.頁：6上.木.121,杠說文‧木部,,是,bronze/glyphwiki,https://www.zdic.net/hans/杠/xiaozhuan,https://img.zdic.net/zy/xiaozhuan/27_6760.svg
284,19,14,枋,1,1,0,正篆,卷.部首.頁：6上.木.117,枋說文‧木部,,是,bronze/glyphwiki,https://www.zdic.net/hans/枋/xiaozhuan,https://img.zdic.net/zy/xiaozhuan/27_678B.svg
285,19,15,枲,2,1,1,正篆+籀文,卷.部首.頁：7下.𣎳.149,枲說文‧𣎳部 | 枲說文籀文,,是,glyphwiki,https://www.zdic.net/hans/枲/xiaozhuan,https://img.zdic.net/zy/xiaozhuan/27_67B2.svg;https://img.zdic.net/zy/xiaozhuan/27_E606.svg
286,20,1,柖,1,1,0,正篆,卷.部首.頁：6上.木.119,柖說文‧木部,,是,glyphwiki,https://www.zdic.net/hans/柖/xiaozhuan,https://img.zdic.net/zy/xiaozhuan/27_E4FA.svg
287,20,2,柠,2,1,1,或體+正篆,卷.部首.頁：6上.木.117,柠說文‧木部 | 柠說文或體,,是,bronze/glyphwiki,https://www.zdic.net/hans/柠/xiaozhuan,https://img.zdic.net/zy/xiaozhuan/27_696E.svg;https://img.zdic.net/zy/xiaozhuan/27_E4E6.svg
288,20,3,柢,1,1,0,正篆,卷.部首.頁：6上.木.118,柢說文‧木部,,是,bronze/glyphwiki,https://www.zdic.net/hans/柢/xiaozhuan,https://img.zdic.net/zy/xiaozhuan/27_67E2.svg
289,20,4,柰,1,1,0,正篆,卷.部首.頁：6上.木.114,柰說文‧木部,,是,glyphwiki/oracle-bone,https://www.zdic.net/hans/柰/xiaozhuan,https://img.zdic.net/zy/xiaozhuan/27_67F0.svg
290,20,5,框,2,1,1,或體+正篆,卷.部首.頁：12下.匚.268,框說文‧匚部 | 框說文或體,,是,bronze/glyphwiki,https://www.zdic.net/hans/框/xiaozhuan,https://img.zdic.net/zy/xiaozhuan/27_5321.svg;https://img.zdic.net/zy/xiaozhuan/27_7B50.svg
291,20,6,桌,2,1,1,古文+正篆,卷.部首.頁：8上.匕.168,桌說文‧匕部 | 桌說文古文,,是,bronze/glyphwiki,https://www.zdic.net/hans/桌/xiaozhuan,https://img.zdic.net/zy/xiaozhuan/27_5353.svg;https://img.zdic.net/zy/xiaozhuan/27_E6D1.svg
292,20,7,桯,1,1,0,正篆,卷.部首.頁：6上.木.121,桯說文‧木部,,是,glyphwiki,https://www.zdic.net/hans/桯/xiaozhuan,https://img.zdic.net/zy/xiaozhuan/27_686F.svg
293,20,8,棓,1,1,0,正篆,卷.部首.頁：6上.木.123,棓說文‧木部,,是,glyphwiki,https://www.zdic.net/hans/棓/xiaozhuan,https://img.zdic.net/zy/xiaozhuan/27_68D3.svg
294,20,9,棠,1,1,0,正篆,卷.部首.頁：6上.木.115,棠說文‧木部,,是,bronze/glyphwiki,https://www.zdic.net/hans/棠/xiaozhuan,https://img.zdic.net/zy/xiaozhuan/27_68E0.svg
295,20,10,棫,1,1,0,正篆,卷.部首.頁：6上.木.116,棫說文‧木部,,是,bronze/glyphwiki,https://www.zdic.net/hans/棫/xiaozhuan,https://img.zdic.net/zy/xiaozhuan/27_68EB.svg
296,20,11,植,2,1,1,或體+正篆,卷.部首.頁：6上.木.120,植說文‧木部 | 植說文或體,,是,bronze/glyphwiki,https://www.zdic.net/hans/植/xiaozhuan,https://img.zdic.net/zy/xiaozhuan/27_690D.svg;https://img.zdic.net/zy/xiaozhuan/27_E504.svg
297,20,12,楒,1,1,0,正篆,卷.部首.頁：10下.思.216,楒說文‧思部,,是,glyphwiki,https://www.zdic.net/hans/楒/xiaozhuan,https://img.zdic.net/zy/xiaozhuan/27_601D.svg
298,20,13,楮,2,1,1,或體+正篆,卷.部首.頁：6上.木.117,楮說文‧木部 | 楮說文或體,,是,bronze/glyphwiki,https://www.zdic.net/hans/楮/xiaozhuan,https://img.zdic.net/zy/xiaozhuan/27_696E.svg;https://img.zdic.net/zy/xiaozhuan/27_E4E6.svg
299,20,14,槃,3,1,2,古文+正篆+籀文,卷.部首.頁：6上.木.122,槃說文‧木部 | 槃說文古文 | 槃說文籀文,,是,glyphwiki,https://www.zdic.net/hans/槃/xiaozhuan,https://img.zdic.net/zy/xiaozhuan/27_69C3.svg;https://img.zdic.net/zy/xiaozhuan/27_E512.svg;https://img.zdic.net/zy/xiaozhuan/27_76E4.svg
300,20,15,槱,2,1,1,或體+正篆,卷.部首.頁：6上.木.125,槱說文‧木部 | 槱說文或體,,是,glyphwiki,https://www.zdic.net/hans/槱/xiaozhuan,https://img.zdic.net/zy/xiaozhuan/27_69F1.svg;https://img.zdic.net/zy/xiaozhuan/27_E52C.svg
301,21,1,樟,1,1,0,正篆,卷.部首.頁：3上.音.58,樟說文‧音部,,是,bronze/glyphwiki,https://www.zdic.net/hans/樟/xiaozhuan,https://img.zdic.net/zy/xiaozhuan/27_7AE0.svg
302,21,2,橹,2,1,1,或體+正篆,卷.部首.頁：6上.木.124,橹說文‧木部 | 橹說文或體,,是,bronze/glyphwiki,https://www.zdic.net/hans/橹/xiaozhuan,https://img.zdic.net/zy/xiaozhuan/27_6AD3.svg;https://img.zdic.net/zy/xiaozhuan/27_E520.svg
303,21,3,步,1,1,0,正篆,卷.部首.頁：2上.步.38,步說文‧步部,,是,bronze/glyphwiki/oracle-bone,https://www.zdic.net/hans/步/xiaozhuan,https://img.zdic.net/zy/xiaozhuan/27_6B65.svg
304,21,4,毁,2,1,1,古文+正篆,卷.部首.頁：13下.土.289,毁說文‧土部 | 毁說文古文,,是,bronze/glyphwiki,https://www.zdic.net/hans/毁/xiaozhuan,https://img.zdic.net/zy/xiaozhuan/27_6BC0.svg;https://img.zdic.net/zy/xiaozhuan/27_EB70.svg
305,21,5,氮,1,1,0,正篆,卷.部首.頁：11上.水.236,氮說文‧水部,,是,glyphwiki,https://www.zdic.net/hans/氮/xiaozhuan,https://img.zdic.net/zy/xiaozhuan/27_6DE1.svg
306,21,6,污,1,1,0,正篆,卷.部首.頁：11上.水.235,污說文‧水部,,是,bronze/glyphwiki,https://www.zdic.net/hans/污/xiaozhuan,https://img.zdic.net/zy/xiaozhuan/27_6C59.svg
307,21,7,汤,1,1,0,正篆,卷.部首.頁：11上.水.235,汤說文‧水部,,是,bronze/glyphwiki,https://www.zdic.net/hans/汤/xiaozhuan,https://img.zdic.net/zy/xiaozhuan/27_6E6F.svg
308,21,8,沇,1,1,0,正篆,卷.部首.頁：11上.水.226、11上.水.233,沇說文‧水部,,是,bronze/glyphwiki,https://www.zdic.net/hans/沇/xiaozhuan,https://img.zdic.net/zy/xiaozhuan/27_6C87.svg
309,21,9,沐,1,1,0,正篆,卷.部首.頁：11上.水.236,沐說文‧水部,,是,glyphwiki,https://www.zdic.net/hans/沐/xiaozhuan,https://img.zdic.net/zy/xiaozhuan/27_6C90.svg
310,21,10,注,1,1,0,正篆,卷.部首.頁：11上.水.233,注說文‧水部,,是,glyphwiki,https://www.zdic.net/hans/注/xiaozhuan,https://img.zdic.net/zy/xiaozhuan/27_6CE8.svg
311,21,11,泫,1,1,0,正篆,卷.部首.頁：11上.水.229,泫說文‧水部,,是,bronze/glyphwiki,https://www.zdic.net/hans/泫/xiaozhuan,https://img.zdic.net/zy/xiaozhuan/27_6CEB.svg
312,21,12,泷,1,1,0,正篆,卷.部首.頁：11上.水.234,泷說文‧水部,,是,glyphwiki/oracle-bone,https://www.zdic.net/hans/泷/xiaozhuan,https://img.zdic.net/zy/xiaozhuan/27_7027.svg
313,21,13,泾,1,1,0,正篆,卷.部首.頁：11上.水.225,泾說文‧水部,,是,bronze/glyphwiki,https://www.zdic.net/hans/泾/xiaozhuan,https://img.zdic.net/zy/xiaozhuan/27_6D87.svg
314,21,14,洒,1,1,0,正篆,卷.部首.頁：11上.水.236,洒說文‧水部,,是,glyphwiki/oracle-bone,https://www.zdic.net/hans/洒/xiaozhuan,https://img.zdic.net/zy/xiaozhuan/27_6D12.svg
315,21,15,津,2,1,1,古文+正篆,卷.部首.頁：11上.水.233,津說文‧水部 | 津說文古文,,是,bronze/glyphwiki,https://www.zdic.net/hans/津/xiaozhuan,https://img.zdic.net/zy/xiaozhuan/27_6D25.svg;https://img.zdic.net/zy/xiaozhuan/27_E953.svg
316,22,1,流,2,1,1,正篆+篆文,卷.部首.頁：11下.沝.239,流說文‧沝部 | 流說文篆文,,是,bronze/glyphwiki,https://www.zdic.net/hans/流/xiaozhuan,https://img.zdic.net/zy/xiaozhuan/27_E971.svg;https://img.zdic.net/zy/xiaozhuan/27_6D41.svg
317,22,2,浅,1,1,0,正篆,卷.部首.頁：11上.水.231,浅說文‧水部,,是,bronze/glyphwiki,https://www.zdic.net/hans/浅/xiaozhuan,https://img.zdic.net/zy/xiaozhuan/27_6DFA.svg
318,22,3,涕,1,1,0,正篆,卷.部首.頁：11上.水.237,涕說文‧水部,,是,bronze/glyphwiki,https://www.zdic.net/hans/涕/xiaozhuan,https://img.zdic.net/zy/xiaozhuan/27_6D95.svg
319,22,4,涴,1,1,0,正篆,卷.部首.頁：11上.水.235,涴說文‧水部,,是,glyphwiki,https://www.zdic.net/hans/涴/xiaozhuan,https://img.zdic.net/zy/xiaozhuan/27_6C59.svg
320,22,5,淡,1,1,0,正篆,卷.部首.頁：11上.水.236,淡說文‧水部,,是,glyphwiki,https://www.zdic.net/hans/淡/xiaozhuan,https://img.zdic.net/zy/xiaozhuan/27_6DE1.svg
321,22,6,淳,1,1,0,正篆,卷.部首.頁：11上.水.237,淳說文‧水部,,是,bronze/glyphwiki,https://www.zdic.net/hans/淳/xiaozhuan,https://img.zdic.net/zy/xiaozhuan/27_6DF3.svg
322,22,7,清,1,1,0,正篆,卷.部首.頁：11上.水.231,清說文‧水部,,是,bronze/glyphwiki,https://www.zdic.net/hans/清/xiaozhuan,https://img.zdic.net/zy/xiaozhuan/27_6E05.svg
323,22,8,渊,3,1,2,古文+或體+正篆,卷.部首.頁：11上.水.231,渊說文‧水部 | 渊說文或體 | 渊說文古文,,是,bronze/glyphwiki/oracle-bone,https://www.zdic.net/hans/渊/xiaozhuan,https://img.zdic.net/zy/xiaozhuan/27_6DF5.svg;https://img.zdic.net/zy/xiaozhuan/27_F68B.svg;https://img.zdic.net/zy/xiaozhuan/27_EED6.svg
324,22,9,渠,1,1,0,正篆,卷.部首.頁：11上.水.232,渠說文‧水部,,是,bronze/glyphwiki,https://www.zdic.net/hans/渠/xiaozhuan,https://img.zdic.net/zy/xiaozhuan/27_6E20.svg
325,22,10,溉,1,1,0,正篆,卷.部首.頁：11上.水.227,溉說文‧水部,,是,bronze/glyphwiki,https://www.zdic.net/hans/溉/xiaozhuan,https://img.zdic.net/zy/xiaozhuan/27_6E89.svg
326,22,11,滉,1,1,0,正篆,卷.部首.頁：11上.水.232,滉說文‧水部,,是,glyphwiki,https://www.zdic.net/hans/滉/xiaozhuan,https://img.zdic.net/zy/xiaozhuan/27_6F62.svg
327,22,12,滋,1,1,0,正篆,卷.部首.頁：11上.水.231,滋說文‧水部,,是,glyphwiki,https://www.zdic.net/hans/滋/xiaozhuan,https://img.zdic.net/zy/xiaozhuan/27_6ECB.svg
328,22,13,滩,2,1,1,俗字+正篆,卷.部首.頁：11上.水.233,滩說文‧水部 | 滩說文俗字,,是,bronze/glyphwiki,https://www.zdic.net/hans/滩/xiaozhuan,https://img.zdic.net/zy/xiaozhuan/27_E94F.svg;https://img.zdic.net/zy/xiaozhuan/27_7058.svg
329,22,14,滫,1,1,0,正篆,卷.部首.頁：11上.水.236,滫說文‧水部,,是,glyphwiki,https://www.zdic.net/hans/滫/xiaozhuan,https://img.zdic.net/zy/xiaozhuan/27_6EEB.svg
330,22,15,漾,2,1,1,古文+正篆,卷.部首.頁：11上.水.225,漾說文‧水部 | 漾說文古文,,是,bronze/glyphwiki,https://www.zdic.net/hans/漾/xiaozhuan,https://img.zdic.net/zy/xiaozhuan/27_6F3E.svg;https://img.zdic.net/zy/xiaozhuan/27_7001.svg
331,23,1,潢,1,1,0,正篆,卷.部首.頁：11上.水.232,潢說文‧水部,,是,bronze/glyphwiki,https://www.zdic.net/hans/潢/xiaozhuan,https://img.zdic.net/zy/xiaozhuan/27_6F62.svg
332,23,2,澍,1,1,0,正篆,卷.部首.頁：11上.水.234,澍說文‧水部,,是,glyphwiki,https://www.zdic.net/hans/澍/xiaozhuan,https://img.zdic.net/zy/xiaozhuan/27_6F8D.svg
333,23,3,澧,1,1,0,正篆,卷.部首.頁：11上.水.226,澧說文‧水部,,是,bronze/glyphwiki,https://www.zdic.net/hans/澧/xiaozhuan,https://img.zdic.net/zy/xiaozhuan/27_6FA7.svg
334,23,4,瀼,1,1,0,正篆,卷.部首.頁：11上.水.238,瀼說文‧水部,,是,glyphwiki/oracle-bone,https://www.zdic.net/hans/瀼/xiaozhuan,https://img.zdic.net/zy/xiaozhuan/27_703C.svg
335,23,5,灞,2,1,1,古文+正篆,卷.部首.頁：7上.月.141,灞說文‧月部 | 灞說文古文,,是,bronze/glyphwiki,https://www.zdic.net/hans/灞/xiaozhuan,https://img.zdic.net/zy/xiaozhuan/27_9738.svg;https://img.zdic.net/zy/xiaozhuan/27_E5B1.svg
336,23,6,炽,2,1,1,古文+正篆,卷.部首.頁：10上.火.210,炽說文‧火部 | 炽說文古文,,是,bronze/glyphwiki,https://www.zdic.net/hans/炽/xiaozhuan,https://img.zdic.net/zy/xiaozhuan/27_71BE.svg;https://img.zdic.net/zy/xiaozhuan/27_E895.svg
337,23,7,煞,4,1,3,古文+正篆,卷.部首.頁：3下.殺.66,煞說文‧殺部 | 煞說文古文 | 煞說文古文 | 煞說文古文,,是,bronze/glyphwiki,https://www.zdic.net/hans/煞/xiaozhuan,https://img.zdic.net/zy/xiaozhuan/27_6BBA.svg;https://img.zdic.net/zy/xiaozhuan/27_E2AB.svg;https://img.zdic.net/zy/xiaozhuan/27_E2AC.svg;https://img.zdic.net/zy/xiaozhuan/27_EDB0.svg
338,23,8,煮,3,1,2,或體+正篆,卷.部首.頁：3下.䰜.63,煮說文‧䰜部 | 煮說文或體 | 煮說文或體,,是,bronze/glyphwiki,https://www.zdic.net/hans/煮/xiaozhuan,https://img.zdic.net/zy/xiaozhuan/27_F10A.svg;https://img.zdic.net/zy/xiaozhuan/27_716E.svg;https://img.zdic.net/zy/xiaozhuan/27_E27C.svg
339,23,9,牂,1,1,0,正篆,卷.部首.頁：4上.羊.78,牂說文‧羊部,,是,glyphwiki,https://www.zdic.net/hans/牂/xiaozhuan,https://img.zdic.net/zy/xiaozhuan/27_7242.svg
340,23,10,狸,1,1,0,正篆,卷.部首.頁：9下.豸.198,狸說文‧豸部,,是,bronze/glyphwiki,https://www.zdic.net/hans/狸/xiaozhuan,https://img.zdic.net/zy/xiaozhuan/27_8C8D.svg
341,23,11,猰,1,1,0,正篆,卷.部首.頁：10上.犬.206,猰說文‧犬部,,是,glyphwiki,https://www.zdic.net/hans/猰/xiaozhuan,https://img.zdic.net/zy/xiaozhuan/27_7330.svg
342,23,12,玃,1,1,0,正篆,卷.部首.頁：10上.犬.205,玃說文‧犬部,,是,glyphwiki,https://www.zdic.net/hans/玃/xiaozhuan,https://img.zdic.net/zy/xiaozhuan/27_7383.svg
343,23,13,珏,2,1,1,或體+正篆,卷.部首.頁：1上.玨.14,珏說文‧玨部 | 珏說文或體,,是,bronze/glyphwiki,https://www.zdic.net/hans/珏/xiaozhuan,https://img.zdic.net/zy/xiaozhuan/27_73A8.svg;https://img.zdic.net/zy/xiaozhuan/27_E045.svg
344,23,14,琮,1,1,0,正篆,卷.部首.頁：1上.玉.11,琮說文‧玉部,,是,bronze/glyphwiki/oracle-bone,https://www.zdic.net/hans/琮/xiaozhuan,https://img.zdic.net/zy/xiaozhuan/27_742E.svg
345,23,15,璜,1,1,0,正篆,卷.部首.頁：1上.玉.11,璜說文‧玉部,,是,bronze/glyphwiki,https://www.zdic.net/hans/璜/xiaozhuan,https://img.zdic.net/zy/xiaozhuan/27_749C.svg
346,24,1,瓶,2,1,1,或體+正篆,卷.部首.頁：5下.缶.109,瓶說文‧缶部 | 瓶說文或體,,是,bronze/glyphwiki,https://www.zdic.net/hans/瓶/xiaozhuan,https://img.zdic.net/zy/xiaozhuan/27_7F3E.svg;https://img.zdic.net/zy/xiaozhuan/27_74F6.svg
347,24,2,甾,2,1,1,古文+正篆,卷.部首.頁：12下.甾.268,甾說文‧甾部 | 甾說文古文,,是,bronze/glyphwiki,https://www.zdic.net/hans/甾/xiaozhuan,https://img.zdic.net/zy/xiaozhuan/27_753E.svg;https://img.zdic.net/zy/xiaozhuan/27_EA94.svg
348,24,3,畤,1,1,0,正篆,卷.部首.頁：13下.田.291,畤說文‧田部,,是,glyphwiki,https://www.zdic.net/hans/畤/xiaozhuan,https://img.zdic.net/zy/xiaozhuan/27_7564.svg
349,24,4,疔,1,1,0,正篆,卷.部首.頁：7下.疒.154,疔說文‧疒部,,是,bronze/glyphwiki,https://www.zdic.net/hans/疔/xiaozhuan,https://img.zdic.net/zy/xiaozhuan/27_F544.svg
350,24,5,疥,1,1,0,正篆,卷.部首.頁：7下.疒.155,疥說文‧疒部,,是,bronze/glyphwiki,https://www.zdic.net/hans/疥/xiaozhuan,https://img.zdic.net/zy/xiaozhuan/27_75A5.svg
351,24,6,疰,1,1,0,正篆,卷.部首.頁：11上.水.233,疰說文‧水部,,是,glyphwiki,https://www.zdic.net/hans/疰/xiaozhuan,https://img.zdic.net/zy/xiaozhuan/27_6CE8.svg
352,24,7,痈,1,1,0,正篆,卷.部首.頁：7下.疒.155,痈說文‧疒部,,是,bronze/glyphwiki,https://www.zdic.net/hans/痈/xiaozhuan,https://img.zdic.net/zy/xiaozhuan/27_7670.svg
353,24,8,痰,1,1,0,正篆,卷.部首.頁：11上.水.236,痰說文‧水部,,是,glyphwiki,https://www.zdic.net/hans/痰/xiaozhuan,https://img.zdic.net/zy/xiaozhuan/27_6DE1.svg
354,24,9,瘥,1,1,0,正篆,卷.部首.頁：7下.疒.156,瘥說文‧疒部,,是,bronze/glyphwiki,https://www.zdic.net/hans/瘥/xiaozhuan,https://img.zdic.net/zy/xiaozhuan/27_7625.svg
355,24,10,瘳,1,1,0,正篆,卷.部首.頁：7下.疒.156,瘳說文‧疒部,,是,bronze/glyphwiki,https://www.zdic.net/hans/瘳/xiaozhuan,https://img.zdic.net/zy/xiaozhuan/27_7633.svg
356,24,11,盉,1,1,0,正篆,卷.部首.頁：5上.皿.104,盉說文‧皿部,,是,bronze/glyphwiki/oracle-bone,https://www.zdic.net/hans/盉/xiaozhuan,https://img.zdic.net/zy/xiaozhuan/27_76C9.svg
357,24,12,益,1,1,0,正篆,卷.部首.頁：5上.皿.104,益說文‧皿部,,是,bronze/glyphwiki/oracle-bone,https://www.zdic.net/hans/益/xiaozhuan,https://img.zdic.net/zy/xiaozhuan/27_76CA.svg
358,24,13,盘,3,1,2,古文+正篆+籀文,卷.部首.頁：6上.木.122,盘說文‧木部 | 盘說文古文 | 盘說文籀文,,是,bronze/glyphwiki,https://www.zdic.net/hans/盘/xiaozhuan,https://img.zdic.net/zy/xiaozhuan/27_69C3.svg;https://img.zdic.net/zy/xiaozhuan/27_E512.svg;https://img.zdic.net/zy/xiaozhuan/27_76E4.svg
359,24,14,眯,1,1,0,正篆,卷.部首.頁：4上.目.73,眯說文‧目部,,是,bronze/glyphwiki,https://www.zdic.net/hans/眯/xiaozhuan,https://img.zdic.net/zy/xiaozhuan/27_772F.svg
360,24,15,眶,2,1,1,或體+正篆,卷.部首.頁：12下.匚.268,眶說文‧匚部 | 眶說文或體,,是,bronze/glyphwiki,https://www.zdic.net/hans/眶/xiaozhuan,https://img.zdic.net/zy/xiaozhuan/27_5321.svg;https://img.zdic.net/zy/xiaozhuan/27_7B50.svg
361,25,1,睎,1,1,0,正篆,卷.部首.頁：4上.目.72,睎說文‧目部,,是,glyphwiki,https://www.zdic.net/hans/睎/xiaozhuan,https://img.zdic.net/zy/xiaozhuan/27_774E.svg
362,25,2,瞋,2,1,1,或體+正篆,卷.部首.頁：4上.目.72,瞋說文‧目部 | 瞋說文或體,,是,glyphwiki,https://www.zdic.net/hans/瞋/xiaozhuan,https://img.zdic.net/zy/xiaozhuan/27_778B.svg;https://img.zdic.net/zy/xiaozhuan/27_E2FC.svg
363,25,3,砂,2,1,1,或體+正篆,卷.部首.頁：11上.水.232,砂說文‧水部 | 砂說文或體,,是,bronze/glyphwiki,https://www.zdic.net/hans/砂/xiaozhuan,https://img.zdic.net/zy/xiaozhuan/27_6C99.svg;https://img.zdic.net/zy/xiaozhuan/27_E94B.svg
364,25,4,磬,3,1,2,古文+正篆+籀文,卷.部首.頁：9下.石.195,磬說文‧石部 | 磬說文籀文 | 磬說文古文,,是,bronze/glyphwiki/oracle-bone,https://www.zdic.net/hans/磬/xiaozhuan,https://img.zdic.net/zy/xiaozhuan/27_78EC.svg;https://img.zdic.net/zy/xiaozhuan/27_F558.svg;https://img.zdic.net/zy/xiaozhuan/27_785C.svg
365,25,5,礁,2,1,1,或體+正篆,卷.部首.頁：10上.火.209,礁說文‧火部 | 礁說文或體,,是,bronze/glyphwiki,https://www.zdic.net/hans/礁/xiaozhuan,https://img.zdic.net/zy/xiaozhuan/27_E88B.svg;https://img.zdic.net/zy/xiaozhuan/27_7126.svg
366,25,6,祗,1,1,0,正篆,卷.部首.頁：1上.示.7,祗說文‧示部,,是,bronze/glyphwiki,https://www.zdic.net/hans/祗/xiaozhuan,https://img.zdic.net/zy/xiaozhuan/27_7957.svg
367,25,7,祟,2,1,1,正篆+籀文,卷.部首.頁：1上.示.9,祟說文‧示部 | 祟說文籀文,,是,glyphwiki,https://www.zdic.net/hans/祟/xiaozhuan,https://img.zdic.net/zy/xiaozhuan/27_795F.svg;https://img.zdic.net/zy/xiaozhuan/27_E013.svg
368,25,8,祠,1,1,0,正篆,卷.部首.頁：1上.示.8,祠說文‧示部,,是,bronze/glyphwiki,https://www.zdic.net/hans/祠/xiaozhuan,https://img.zdic.net/zy/xiaozhuan/27_7960.svg
369,25,9,禋,2,1,1,正篆+籀文,卷.部首.頁：1上.示.8,禋說文‧示部 | 禋說文籀文,,是,bronze/glyphwiki,https://www.zdic.net/hans/禋/xiaozhuan,https://img.zdic.net/zy/xiaozhuan/27_798B.svg;https://img.zdic.net/zy/xiaozhuan/27_E007.svg
370,25,10,禘,1,1,0,正篆,卷.部首.頁：1上.示.8,禘說文‧示部,,是,glyphwiki,https://www.zdic.net/hans/禘/xiaozhuan,https://img.zdic.net/zy/xiaozhuan/27_7998.svg
371,25,11,私,1,1,0,正篆,卷.部首.頁：7上.禾.144,私說文‧禾部,,是,bronze/glyphwiki,https://www.zdic.net/hans/私/xiaozhuan,https://img.zdic.net/zy/xiaozhuan/27_79C1.svg
372,25,12,积,1,1,0,正篆,卷.部首.頁：7上.禾.145,积說文‧禾部,,是,bronze/glyphwiki,https://www.zdic.net/hans/积/xiaozhuan,https://img.zdic.net/zy/xiaozhuan/27_7A4D.svg
373,25,13,程,1,1,0,正篆,卷.部首.頁：7上.禾.146,程說文‧禾部,,是,bronze/glyphwiki,https://www.zdic.net/hans/程/xiaozhuan,https://img.zdic.net/zy/xiaozhuan/27_7A0B.svg
374,25,14,稻,1,1,0,正篆,卷.部首.頁：7上.禾.144,稻說文‧禾部,,是,bronze/glyphwiki,https://www.zdic.net/hans/稻/xiaozhuan,https://img.zdic.net/zy/xiaozhuan/27_7A3B.svg
375,25,15,稼,1,1,0,正篆,卷.部首.頁：7上.禾.144,稼說文‧禾部,,是,glyphwiki,https://www.zdic.net/hans/稼/xiaozhuan,https://img.zdic.net/zy/xiaozhuan/27_7A3C.svg
376,26,1,窑,1,1,0,正篆,卷.部首.頁：7下.穴.152,窑說文‧穴部,,是,bronze/glyphwiki,https://www.zdic.net/hans/窑/xiaozhuan,https://img.zdic.net/zy/xiaozhuan/27_7AAF.svg
377,26,2,竖,2,1,1,正篆+籀文,卷.部首.頁：3下.臤.65,竖說文‧臤部 | 竖說文籀文,,是,bronze/glyphwiki,https://www.zdic.net/hans/竖/xiaozhuan,https://img.zdic.net/zy/xiaozhuan/27_8C4E.svg;https://img.zdic.net/zy/xiaozhuan/27_E2A1.svg
378,26,3,符,1,1,0,正篆,卷.部首.頁：5上.竹.96,符說文‧竹部,,是,bronze/glyphwiki,https://www.zdic.net/hans/符/xiaozhuan,https://img.zdic.net/zy/xiaozhuan/27_7B26.svg
379,26,4,筑,1,1,0,正篆,卷.部首.頁：5上.竹.98,筑說文‧竹部,,是,bronze/glyphwiki,https://www.zdic.net/hans/筑/xiaozhuan,https://img.zdic.net/zy/xiaozhuan/27_7B51.svg
380,26,5,策,1,1,0,正篆,卷.部首.頁：5上.竹.98,策說文‧竹部,,是,bronze/glyphwiki,https://www.zdic.net/hans/策/xiaozhuan,https://img.zdic.net/zy/xiaozhuan/27_7B56.svg
381,26,6,筥,1,1,0,正篆,卷.部首.頁：5上.竹.96,筥說文‧竹部,,是,bronze/glyphwiki,https://www.zdic.net/hans/筥/xiaozhuan,https://img.zdic.net/zy/xiaozhuan/27_7B65.svg
382,26,7,筦,1,1,0,正篆,卷.部首.頁：5上.竹.96,筦說文‧竹部,,是,glyphwiki,https://www.zdic.net/hans/筦/xiaozhuan,https://img.zdic.net/zy/xiaozhuan/27_7B66.svg
383,26,8,簠,2,1,1,古文+正篆,卷.部首.頁：5上.竹.97,簠說文‧竹部 | 簠說文古文,,是,glyphwiki,https://www.zdic.net/hans/簠/xiaozhuan,https://img.zdic.net/zy/xiaozhuan/27_7C20.svg;https://img.zdic.net/zy/xiaozhuan/27_E3FF.svg
384,26,9,絜,1,1,0,正篆,卷.部首.頁：13上.糸.277,絜說文‧糸部,,是,glyphwiki,https://www.zdic.net/hans/絜/xiaozhuan,https://img.zdic.net/zy/xiaozhuan/27_7D5C.svg
385,26,10,縠,1,1,0,正篆,卷.部首.頁：13上.糸.273,縠說文‧糸部,,是,glyphwiki,https://www.zdic.net/hans/縠/xiaozhuan,https://img.zdic.net/zy/xiaozhuan/27_7E20.svg
386,26,11,縢,1,1,0,正篆,卷.部首.頁：13上.糸.276,縢說文‧糸部,,是,bronze/glyphwiki,https://www.zdic.net/hans/縢/xiaozhuan,https://img.zdic.net/zy/xiaozhuan/27_7E22.svg
387,26,12,繁,2,1,1,或體+正篆,卷.部首.頁：13上.糸.276,繁說文‧糸部 | 繁說文或體,,是,bronze/glyphwiki,https://www.zdic.net/hans/繁/xiaozhuan,https://img.zdic.net/zy/xiaozhuan/27_7E41.svg;https://img.zdic.net/zy/xiaozhuan/27_EAE3.svg
388,26,13,纪,1,1,0,正篆,卷.部首.頁：13上.糸.271,纪說文‧糸部,,是,bronze/glyphwiki,https://www.zdic.net/hans/纪/xiaozhuan,https://img.zdic.net/zy/xiaozhuan/27_7D00.svg
389,26,14,纳,1,1,0,正篆,卷.部首.頁：13上.糸.271,纳說文‧糸部,,是,bronze/glyphwiki,https://www.zdic.net/hans/纳/xiaozhuan,https://img.zdic.net/zy/xiaozhuan/27_7D0D.svg
390,26,15,绍,2,1,1,古文+正篆,卷.部首.頁：13上.糸.272,绍說文‧糸部 | 绍說文古文,,是,bronze/glyphwiki,https://www.zdic.net/hans/绍/xiaozhuan,https://img.zdic.net/zy/xiaozhuan/27_7D39.svg;https://img.zdic.net/zy/xiaozhuan/27_EABC.svg
391,27,1,经,1,1,0,正篆,卷.部首.頁：13上.糸.271,经說文‧糸部,,是,bronze/glyphwiki,https://www.zdic.net/hans/经/xiaozhuan,https://img.zdic.net/zy/xiaozhuan/27_7D93.svg
392,27,2,绩,1,1,0,正篆,卷.部首.頁：13上.糸.277,绩說文‧糸部,,是,bronze/glyphwiki,https://www.zdic.net/hans/绩/xiaozhuan,https://img.zdic.net/zy/xiaozhuan/27_7E3E.svg
393,27,3,绾,1,1,0,正篆,卷.部首.頁：13上.糸.273,绾說文‧糸部,,是,bronze/glyphwiki,https://www.zdic.net/hans/绾/xiaozhuan,https://img.zdic.net/zy/xiaozhuan/27_7DB0.svg
394,27,4,缄,1,1,0,正篆,卷.部首.頁：13上.糸.276,缄說文‧糸部,,是,bronze/glyphwiki,https://www.zdic.net/hans/缄/xiaozhuan,https://img.zdic.net/zy/xiaozhuan/27_7DD8.svg
395,27,5,缕,1,1,0,正篆,卷.部首.頁：13上.糸.275,缕說文‧糸部,,是,bronze/glyphwiki,https://www.zdic.net/hans/缕/xiaozhuan,https://img.zdic.net/zy/xiaozhuan/27_7E37.svg
396,27,6,缳,1,1,0,正篆,卷.部首.頁：13上.糸.272,缳說文‧糸部,,是,bronze/glyphwiki,https://www.zdic.net/hans/缳/xiaozhuan,https://img.zdic.net/zy/xiaozhuan/27_7E6F.svg
397,27,7,置,1,1,0,正篆,卷.部首.頁：7下.网.158,置說文‧网部,,是,glyphwiki,https://www.zdic.net/hans/置/xiaozhuan,https://img.zdic.net/zy/xiaozhuan/27_7F6E.svg
398,27,8,群,1,1,0,正篆,卷.部首.頁：4上.羊.78,群說文‧羊部,,是,bronze/glyphwiki,https://www.zdic.net/hans/群/xiaozhuan,https://img.zdic.net/zy/xiaozhuan/27_7FA4.svg
399,27,9,羱,2,1,1,正篆+篆文,卷.部首.頁：11下.灥.239,羱說文‧灥部 | 羱說文篆文,,是,glyphwiki,https://www.zdic.net/hans/羱/xiaozhuan,https://img.zdic.net/zy/xiaozhuan/27_F0F7.svg;https://img.zdic.net/zy/xiaozhuan/27_539F.svg
400,27,10,翌,1,1,0,正篆,卷.部首.頁：7上.日.139,翌說文‧日部,,是,bronze/glyphwiki/oracle-bone,https://www.zdic.net/hans/翌/xiaozhuan,https://img.zdic.net/zy/xiaozhuan/27_6631.svg
401,27,11,耇,1,1,0,正篆,卷.部首.頁：8上.老.173,耇說文‧老部,,是,bronze/glyphwiki,https://www.zdic.net/hans/耇/xiaozhuan,https://img.zdic.net/zy/xiaozhuan/27_8007.svg
402,27,12,耶,1,1,0,正篆,卷.部首.頁：6下.邑.135,耶說文‧邑部,,是,bronze/glyphwiki,https://www.zdic.net/hans/耶/xiaozhuan,https://img.zdic.net/zy/xiaozhuan/27_90AA.svg
403,27,13,肇,1,1,0,正篆,卷.部首.頁：3下.攴.67,肇說文‧攴部,,是,bronze/glyphwiki,https://www.zdic.net/hans/肇/xiaozhuan,https://img.zdic.net/zy/xiaozhuan/27_8087.svg
404,27,14,肤,2,1,1,正篆+籀文,卷.部首.頁：4下.肉.87,肤說文‧肉部 | 肤說文籀文,,是,bronze/glyphwiki,https://www.zdic.net/hans/肤/xiaozhuan,https://img.zdic.net/zy/xiaozhuan/27_81DA.svg;https://img.zdic.net/zy/xiaozhuan/27_819A.svg
405,27,15,胪,2,1,1,正篆+籀文,卷.部首.頁：4下.肉.87,胪說文‧肉部 | 胪說文籀文,,是,bronze/glyphwiki,https://www.zdic.net/hans/胪/xiaozhuan,https://img.zdic.net/zy/xiaozhuan/27_81DA.svg;https://img.zdic.net/zy/xiaozhuan/27_819A.svg
406,28,1,脐,1,1,0,正篆,卷.部首.頁：4下.肉.87,脐說文‧肉部,,是,bronze/glyphwiki,https://www.zdic.net/hans/脐/xiaozhuan,https://img.zdic.net/zy/xiaozhuan/27_81CD.svg
407,28,2,腊,2,1,1,正篆+籀文,卷.部首.頁：7上.日.139,腊說文‧日部 | 腊說文籀文,,是,bronze/glyphwiki,https://www.zdic.net/hans/腊/xiaozhuan,https://img.zdic.net/zy/xiaozhuan/27_6614.svg;https://img.zdic.net/zy/xiaozhuan/27_814A.svg
408,28,3,腑,1,1,0,正篆,卷.部首.頁：9下.广.192,腑說文‧广部,,是,bronze/glyphwiki,https://www.zdic.net/hans/腑/xiaozhuan,https://img.zdic.net/zy/xiaozhuan/27_5E9C.svg
409,28,4,腭,1,1,0,正篆,卷.部首.頁：6下.邑.134,腭說文‧邑部,,是,bronze/glyphwiki,https://www.zdic.net/hans/腭/xiaozhuan,https://img.zdic.net/zy/xiaozhuan/27_9102.svg
410,28,5,臂,1,1,0,正篆,卷.部首.頁：4下.肉.87,臂說文‧肉部,,是,bronze/glyphwiki,https://www.zdic.net/hans/臂/xiaozhuan,https://img.zdic.net/zy/xiaozhuan/27_81C2.svg
411,28,6,臑,1,1,0,正篆,卷.部首.頁：4下.肉.87,臑說文‧肉部,,是,glyphwiki,https://www.zdic.net/hans/臑/xiaozhuan,https://img.zdic.net/zy/xiaozhuan/27_81D1.svg
412,28,7,舄,2,1,1,正篆+篆文,卷.部首.頁：4上.烏.82,舄說文‧烏部 | 舄說文篆文,,是,bronze/glyphwiki,https://www.zdic.net/hans/舄/xiaozhuan,https://img.zdic.net/zy/xiaozhuan/27_8204.svg;https://img.zdic.net/zy/xiaozhuan/27_E369.svg
413,28,8,舆,1,1,0,正篆,卷.部首.頁：14上.車.301,舆說文‧車部,,是,bronze/glyphwiki,https://www.zdic.net/hans/舆/xiaozhuan,https://img.zdic.net/zy/xiaozhuan/27_8F3F.svg
414,28,9,艰,2,1,1,正篆+籀文,卷.部首.頁：13下.堇.290,艰說文‧堇部 | 艰說文籀文,,是,bronze/glyphwiki/oracle-bone,https://www.zdic.net/hans/艰/xiaozhuan,https://img.zdic.net/zy/xiaozhuan/27_8271.svg;https://img.zdic.net/zy/xiaozhuan/27_EB7F.svg
415,28,10,芋,1,1,0,正篆,卷.部首.頁：1下.艸.16,芋說文‧艸部,,是,bronze/glyphwiki,https://www.zdic.net/hans/芋/xiaozhuan,https://img.zdic.net/zy/xiaozhuan/27_828B.svg
416,28,11,芫,1,1,0,正篆,卷.部首.頁：1下.艸.21,芫說文‧艸部,,是,bronze/glyphwiki,https://www.zdic.net/hans/芫/xiaozhuan,https://img.zdic.net/zy/xiaozhuan/27_82AB.svg
417,28,12,芮,1,1,0,正篆,卷.部首.頁：1下.艸.23,芮說文‧艸部,,是,bronze/glyphwiki,https://www.zdic.net/hans/芮/xiaozhuan,https://img.zdic.net/zy/xiaozhuan/27_82AE.svg
418,28,13,芸,1,1,0,正篆,卷.部首.頁：1下.艸.19,芸說文‧艸部,,是,bronze/glyphwiki,https://www.zdic.net/hans/芸/xiaozhuan,https://img.zdic.net/zy/xiaozhuan/27_82B8.svg
419,28,14,苛,1,1,0,正篆,卷.部首.頁：1下.艸.23,苛說文‧艸部,,是,bronze/glyphwiki,https://www.zdic.net/hans/苛/xiaozhuan,https://img.zdic.net/zy/xiaozhuan/27_82DB.svg
420,28,15,英,1,1,0,正篆,卷.部首.頁：1下.艸.22,英說文‧艸部,,是,bronze/glyphwiki,https://www.zdic.net/hans/英/xiaozhuan,https://img.zdic.net/zy/xiaozhuan/27_82F1.svg
421,29,1,苻,1,1,0,正篆,卷.部首.頁：5上.竹.96,苻說文‧竹部,,是,bronze/glyphwiki,https://www.zdic.net/hans/苻/xiaozhuan,https://img.zdic.net/zy/xiaozhuan/27_7B26.svg
422,29,2,茅,1,1,0,正篆,卷.部首.頁：1下.艸.17,茅說文‧艸部,,是,bronze/glyphwiki,https://www.zdic.net/hans/茅/xiaozhuan,https://img.zdic.net/zy/xiaozhuan/27_8305.svg
423,29,3,茆,1,1,0,正篆,卷.部首.頁：1下.艸.26,茆說文‧艸部,,是,bronze/glyphwiki,https://www.zdic.net/hans/茆/xiaozhuan,https://img.zdic.net/zy/xiaozhuan/27_8306.svg
424,29,4,荖,2,1,1,正篆+籀文,卷.部首.頁：5上.左.99,荖說文‧左部 | 荖說文籀文,,是,glyphwiki,https://www.zdic.net/hans/荖/xiaozhuan,https://img.zdic.net/zy/xiaozhuan/27_5DEE.svg;https://img.zdic.net/zy/xiaozhuan/27_EC4D.svg
425,29,5,荠,1,1,0,正篆,卷.部首.頁：1下.艸.19,荠說文‧艸部,,是,bronze/glyphwiki,https://www.zdic.net/hans/荠/xiaozhuan,https://img.zdic.net/zy/xiaozhuan/27_85BA.svg
426,29,6,莆,1,1,0,正篆,卷.部首.頁：1下.艸.15,莆說文‧艸部,,是,bronze/glyphwiki,https://www.zdic.net/hans/莆/xiaozhuan,https://img.zdic.net/zy/xiaozhuan/27_8386.svg
427,29,7,营,1,1,0,正篆,卷.部首.頁：7下.宮.152,营說文‧宮部,,是,bronze/glyphwiki,https://www.zdic.net/hans/营/xiaozhuan,https://img.zdic.net/zy/xiaozhuan/27_71DF.svg
428,29,8,萦,1,1,0,正篆,卷.部首.頁：13上.糸.275,萦說文‧糸部,,是,bronze/glyphwiki,https://www.zdic.net/hans/萦/xiaozhuan,https://img.zdic.net/zy/xiaozhuan/27_7E08.svg
429,29,9,萩,1,1,0,正篆,卷.部首.頁：1下.艸.20,萩說文‧艸部,,是,glyphwiki,https://www.zdic.net/hans/萩/xiaozhuan,https://img.zdic.net/zy/xiaozhuan/27_8429.svg
430,29,10,葱,1,1,0,正篆,卷.部首.頁：1下.艸.25,葱說文‧艸部,,是,bronze/glyphwiki,https://www.zdic.net/hans/葱/xiaozhuan,https://img.zdic.net/zy/xiaozhuan/27_8525.svg
431,29,11,蒐,1,1,0,正篆,卷.部首.頁：1下.艸.19,蒐說文‧艸部,,是,bronze/glyphwiki,https://www.zdic.net/hans/蒐/xiaozhuan,https://img.zdic.net/zy/xiaozhuan/27_8490.svg
432,29,12,蓑,2,1,1,古文+正篆,卷.部首.頁：8上.衣.173,蓑說文‧衣部 | 蓑說文古文,,是,bronze/glyphwiki,https://www.zdic.net/hans/蓑/xiaozhuan,https://img.zdic.net/zy/xiaozhuan/27_8870.svg;https://img.zdic.net/zy/xiaozhuan/27_E6F4.svg
433,29,13,蕃,1,1,0,正篆,卷.部首.頁：1下.艸.27,蕃說文‧艸部,,是,bronze/glyphwiki,https://www.zdic.net/hans/蕃/xiaozhuan,https://img.zdic.net/zy/xiaozhuan/27_8543.svg
434,29,14,薛,1,1,0,正篆,卷.部首.頁：1下.艸.17,薛說文‧艸部,,是,bronze/glyphwiki/oracle-bone,https://www.zdic.net/hans/薛/xiaozhuan,https://img.zdic.net/zy/xiaozhuan/27_859B.svg
435,29,15,藨,1,1,0,正篆,卷.部首.頁：1下.艸.19,藨說文‧艸部,,是,glyphwiki,https://www.zdic.net/hans/藨/xiaozhuan,https://img.zdic.net/zy/xiaozhuan/27_85E8.svg
436,30,1,蘘,1,1,0,正篆,卷.部首.頁：1下.艸.16,蘘說文‧艸部,,是,glyphwiki,https://www.zdic.net/hans/蘘/xiaozhuan,https://img.zdic.net/zy/xiaozhuan/27_8618.svg
437,30,2,虏,1,1,0,正篆,卷.部首.頁：7上.毌.142,虏說文‧毌部,,是,bronze/glyphwiki,https://www.zdic.net/hans/虏/xiaozhuan,https://img.zdic.net/zy/xiaozhuan/27_865C.svg
438,30,3,虑,1,1,0,正篆,卷.部首.頁：10下.思.217,虑說文‧思部,,是,bronze/glyphwiki,https://www.zdic.net/hans/虑/xiaozhuan,https://img.zdic.net/zy/xiaozhuan/27_616E.svg
439,30,4,虤,1,1,0,正篆,卷.部首.頁：5上.虤.104,虤說文‧虤部,,是,glyphwiki,https://www.zdic.net/hans/虤/xiaozhuan,https://img.zdic.net/zy/xiaozhuan/27_8664.svg
440,30,5,街,1,1,0,正篆,卷.部首.頁：2下.行.44,街說文‧行部,,是,glyphwiki,https://www.zdic.net/hans/街/xiaozhuan,https://img.zdic.net/zy/xiaozhuan/27_8857.svg
441,30,6,袤,2,1,1,正篆+籀文,卷.部首.頁：8上.衣.170,袤說文‧衣部 | 袤說文籀文,,是,bronze/glyphwiki,https://www.zdic.net/hans/袤/xiaozhuan,https://img.zdic.net/zy/xiaozhuan/27_88A4.svg;https://img.zdic.net/zy/xiaozhuan/27_E6DF.svg
442,30,7,被,1,1,0,正篆,卷.部首.頁：8上.衣.172,被說文‧衣部,,是,bronze/glyphwiki,https://www.zdic.net/hans/被/xiaozhuan,https://img.zdic.net/zy/xiaozhuan/27_88AB.svg
443,30,8,裘,2,1,1,古文+正篆,卷.部首.頁：8上.裘.173,裘說文‧裘部 | 裘說文古文,,是,bronze/glyphwiki/oracle-bone,https://www.zdic.net/hans/裘/xiaozhuan,https://img.zdic.net/zy/xiaozhuan/27_88D8.svg;https://img.zdic.net/zy/xiaozhuan/27_6C42.svg
444,30,9,裛,1,1,0,正篆,卷.部首.頁：8上.衣.172,裛說文‧衣部,,是,glyphwiki,https://www.zdic.net/hans/裛/xiaozhuan,https://img.zdic.net/zy/xiaozhuan/27_88DB.svg
445,30,10,觞,2,1,1,正篆+籀文,卷.部首.頁：4下.角.94,觞說文‧角部 | 觞說文籀文,,是,bronze/glyphwiki,https://www.zdic.net/hans/觞/xiaozhuan,https://img.zdic.net/zy/xiaozhuan/27_89F4.svg;https://img.zdic.net/zy/xiaozhuan/27_E3E0.svg
446,30,11,觟,1,1,0,正篆,卷.部首.頁：4下.角.94,觟說文‧角部,,是,glyphwiki,https://www.zdic.net/hans/觟/xiaozhuan,https://img.zdic.net/zy/xiaozhuan/27_89DF.svg
447,30,12,训,1,1,0,正篆,卷.部首.頁：3上.言.51,训說文‧言部,,是,bronze/glyphwiki,https://www.zdic.net/hans/训/xiaozhuan,https://img.zdic.net/zy/xiaozhuan/27_8A13.svg
448,30,13,许,1,1,0,正篆,卷.部首.頁：3上.言.51,许說文‧言部,,是,bronze/glyphwiki,https://www.zdic.net/hans/许/xiaozhuan,https://img.zdic.net/zy/xiaozhuan/27_8A31.svg
449,30,14,讼,2,1,1,古文+正篆,卷.部首.頁：3上.言.56,讼說文‧言部 | 讼說文古文,,是,bronze/glyphwiki,https://www.zdic.net/hans/讼/xiaozhuan,https://img.zdic.net/zy/xiaozhuan/27_8A1F.svg;https://img.zdic.net/zy/xiaozhuan/27_E220.svg
450,30,15,诃,1,1,0,正篆,卷.部首.頁：3上.言.56,诃說文‧言部,,是,bronze/glyphwiki,https://www.zdic.net/hans/诃/xiaozhuan,https://img.zdic.net/zy/xiaozhuan/27_8A36.svg
451,31,1,词,1,1,0,正篆,卷.部首.頁：9上.司.186,词說文‧司部,,是,bronze/glyphwiki,https://www.zdic.net/hans/词/xiaozhuan,https://img.zdic.net/zy/xiaozhuan/27_8A5E.svg
452,31,2,诎,2,1,1,或體+正篆,卷.部首.頁：3上.言.57,诎說文‧言部 | 诎說文或體,,是,bronze/glyphwiki,https://www.zdic.net/hans/诎/xiaozhuan,https://img.zdic.net/zy/xiaozhuan/27_8A58.svg;https://img.zdic.net/zy/xiaozhuan/27_E225.svg
453,31,3,诒,1,1,0,正篆,卷.部首.頁：3上.言.54,诒說文‧言部,,是,bronze/glyphwiki,https://www.zdic.net/hans/诒/xiaozhuan,https://img.zdic.net/zy/xiaozhuan/27_8A52.svg
454,31,4,诛,1,1,0,正篆,卷.部首.頁：3上.言.57,诛說文‧言部,,是,bronze/glyphwiki,https://www.zdic.net/hans/诛/xiaozhuan,https://img.zdic.net/zy/xiaozhuan/27_8A85.svg
455,31,5,谁,1,1,0,正篆,卷.部首.頁：3上.言.57,谁說文‧言部,,是,bronze/glyphwiki,https://www.zdic.net/hans/谁/xiaozhuan,https://img.zdic.net/zy/xiaozhuan/27_8AB0.svg
456,31,6,谓,1,1,0,正篆,卷.部首.頁：3上.言.51,谓說文‧言部,,是,bronze/glyphwiki,https://www.zdic.net/hans/谓/xiaozhuan,https://img.zdic.net/zy/xiaozhuan/27_8B02.svg
457,31,7,谚,1,1,0,正篆,卷.部首.頁：3上.言.53,谚說文‧言部,,是,bronze/glyphwiki,https://www.zdic.net/hans/谚/xiaozhuan,https://img.zdic.net/zy/xiaozhuan/27_8AFA.svg
458,31,8,谴,1,1,0,正篆,卷.部首.頁：3上.言.56,谴說文‧言部,,是,bronze/glyphwiki,https://www.zdic.net/hans/谴/xiaozhuan,https://img.zdic.net/zy/xiaozhuan/27_8B74.svg
459,31,9,谿,1,1,0,正篆,卷.部首.頁：11下.谷.240,谿說文‧谷部,,是,glyphwiki,https://www.zdic.net/hans/谿/xiaozhuan,https://img.zdic.net/zy/xiaozhuan/27_8C3F.svg
460,31,10,貉,1,1,0,正篆,卷.部首.頁：9下.豸.198,貉說文‧豸部,,是,bronze/glyphwiki,https://www.zdic.net/hans/貉/xiaozhuan,https://img.zdic.net/zy/xiaozhuan/27_8C89.svg
461,31,11,貔,2,1,1,或體+正篆,卷.部首.頁：9下.豸.198,貔說文‧豸部 | 貔說文或體,,是,bronze/glyphwiki,https://www.zdic.net/hans/貔/xiaozhuan,https://img.zdic.net/zy/xiaozhuan/27_8C94.svg;https://img.zdic.net/zy/xiaozhuan/27_E815.svg
462,31,12,贱,1,1,0,正篆,卷.部首.頁：6下.貝.131,贱說文‧貝部,,是,bronze/glyphwiki,https://www.zdic.net/hans/贱/xiaozhuan,https://img.zdic.net/zy/xiaozhuan/27_8CE4.svg
463,31,13,贸,1,1,0,正篆,卷.部首.頁：6下.貝.130,贸說文‧貝部,,是,bronze/glyphwiki,https://www.zdic.net/hans/贸/xiaozhuan,https://img.zdic.net/zy/xiaozhuan/27_8CBF.svg
464,31,14,费,1,1,0,正篆,卷.部首.頁：6下.貝.130,费說文‧貝部,,是,bronze/glyphwiki,https://www.zdic.net/hans/费/xiaozhuan,https://img.zdic.net/zy/xiaozhuan/27_8CBB.svg
465,31,15,赁,1,1,0,正篆,卷.部首.頁：6下.貝.131,赁說文‧貝部,,是,bronze/glyphwiki,https://www.zdic.net/hans/赁/xiaozhuan,https://img.zdic.net/zy/xiaozhuan/27_8CC3.svg
466,32,1,赦,2,1,1,或體+正篆,卷.部首.頁：3下.攴.68,赦說文‧攴部 | 赦說文或體,,是,bronze/glyphwiki,https://www.zdic.net/hans/赦/xiaozhuan,https://img.zdic.net/zy/xiaozhuan/27_8D66.svg;https://img.zdic.net/zy/xiaozhuan/27_E2BF.svg
467,32,2,越,1,1,0,正篆,卷.部首.頁：2上.走.36,越說文‧走部,,是,bronze/glyphwiki,https://www.zdic.net/hans/越/xiaozhuan,https://img.zdic.net/zy/xiaozhuan/27_8D8A.svg
468,32,3,踔,1,1,0,正篆,卷.部首.頁：2下.足.46,踔說文‧足部,,是,bronze/glyphwiki,https://www.zdic.net/hans/踔/xiaozhuan,https://img.zdic.net/zy/xiaozhuan/27_8E14.svg
469,32,4,踞,1,1,0,正篆,卷.部首.頁：2下.足.47、8上.尸.174,踞說文‧足部,,是,bronze/glyphwiki,https://www.zdic.net/hans/踞/xiaozhuan,https://img.zdic.net/zy/xiaozhuan/27_8E1E.svg
470,32,5,蹯,3,1,2,古文+或體+正篆,卷.部首.頁：2上.釆.28,蹯說文‧釆部 | 蹯說文或體 | 蹯說文古文,,是,bronze/glyphwiki,https://www.zdic.net/hans/蹯/xiaozhuan,https://img.zdic.net/zy/xiaozhuan/27_756A.svg;https://img.zdic.net/zy/xiaozhuan/27_E0CF.svg;https://img.zdic.net/zy/xiaozhuan/27_F311.svg
471,32,6,轭,1,1,0,正篆,卷.部首.頁：14上.車.302,轭說文‧車部,,是,bronze/glyphwiki,https://www.zdic.net/hans/轭/xiaozhuan,https://img.zdic.net/zy/xiaozhuan/27_8EF6.svg
472,32,7,轸,1,1,0,正篆,卷.部首.頁：14上.車.301,轸說文‧車部,,是,bronze/glyphwiki,https://www.zdic.net/hans/轸/xiaozhuan,https://img.zdic.net/zy/xiaozhuan/27_8EEB.svg
473,32,8,载,1,1,0,正篆,卷.部首.頁：14上.車.302,载說文‧車部,,是,bronze/glyphwiki,https://www.zdic.net/hans/载/xiaozhuan,https://img.zdic.net/zy/xiaozhuan/27_8F09.svg
474,32,9,辖,1,1,0,正篆,卷.部首.頁：14上.車.302,辖說文‧車部,,是,glyphwiki,https://www.zdic.net/hans/辖/xiaozhuan,https://img.zdic.net/zy/xiaozhuan/27_8F44.svg
475,32,10,辨,1,1,0,正篆,卷.部首.頁：4下.刀.91,辨說文‧刀部,,是,bronze/glyphwiki,https://www.zdic.net/hans/辨/xiaozhuan,https://img.zdic.net/zy/xiaozhuan/27_8FA8.svg
476,32,11,连,1,1,0,正篆,卷.部首.頁：2下.辵.41,连說文‧辵部,,是,bronze/glyphwiki,https://www.zdic.net/hans/连/xiaozhuan,https://img.zdic.net/zy/xiaozhuan/27_9023.svg
477,32,12,迹,3,1,2,或體+正篆+籀文,卷.部首.頁：2下.辵.39,迹說文‧辵部 | 迹說文或體 | 迹說文籀文,,是,bronze/glyphwiki,https://www.zdic.net/hans/迹/xiaozhuan,https://img.zdic.net/zy/xiaozhuan/27_E156.svg;https://img.zdic.net/zy/xiaozhuan/27_8E5F.svg;https://img.zdic.net/zy/xiaozhuan/27_E157.svg
478,32,13,送,2,1,1,正篆+籀文,卷.部首.頁：2下.辵.40,送說文‧辵部 | 送說文籀文,,是,bronze/glyphwiki,https://www.zdic.net/hans/送/xiaozhuan,https://img.zdic.net/zy/xiaozhuan/27_9001.svg;https://img.zdic.net/zy/xiaozhuan/27_E16D.svg
479,32,14,逋,2,1,1,正篆+籀文,卷.部首.頁：2下.辵.41,逋說文‧辵部 | 逋說文籀文,,是,bronze/glyphwiki,https://www.zdic.net/hans/逋/xiaozhuan,https://img.zdic.net/zy/xiaozhuan/27_900B.svg;https://img.zdic.net/zy/xiaozhuan/27_E178.svg
480,32,15,逮,1,1,0,正篆,卷.部首.頁：2下.辵.40,逮說文‧辵部,,是,bronze/glyphwiki,https://www.zdic.net/hans/逮/xiaozhuan,https://img.zdic.net/zy/xiaozhuan/27_902E.svg
481,33,1,逾,1,1,0,正篆,卷.部首.頁：2下.辵.40,逾說文‧辵部,,是,bronze/glyphwiki,https://www.zdic.net/hans/逾/xiaozhuan,https://img.zdic.net/zy/xiaozhuan/27_903E.svg
482,33,2,遇,1,1,0,正篆,卷.部首.頁：2下.辵.40,遇說文‧辵部,,是,bronze/glyphwiki,https://www.zdic.net/hans/遇/xiaozhuan,https://img.zdic.net/zy/xiaozhuan/27_9047.svg
483,33,3,遗,1,1,0,正篆,卷.部首.頁：2下.辵.41,遗說文‧辵部,,是,bronze/glyphwiki,https://www.zdic.net/hans/遗/xiaozhuan,https://img.zdic.net/zy/xiaozhuan/27_907A.svg
484,33,4,遽,1,1,0,正篆,卷.部首.頁：2下.辵.42,遽說文‧辵部,,是,bronze/glyphwiki,https://www.zdic.net/hans/遽/xiaozhuan,https://img.zdic.net/zy/xiaozhuan/27_907D.svg
485,33,5,邗,1,1,0,正篆,卷.部首.頁：6下.邑.135,邗說文‧邑部,,是,bronze/glyphwiki,https://www.zdic.net/hans/邗/xiaozhuan,https://img.zdic.net/zy/xiaozhuan/27_9097.svg
486,33,6,邘,1,1,0,正篆,卷.部首.頁：6下.邑.133,邘說文‧邑部,,是,glyphwiki,https://www.zdic.net/hans/邘/xiaozhuan,https://img.zdic.net/zy/xiaozhuan/27_9098.svg
487,33,7,邠,2,1,1,或體+正篆,卷.部首.頁：6下.邑.132,邠說文‧邑部 | 邠說文或體,,是,glyphwiki,https://www.zdic.net/hans/邠/xiaozhuan,https://img.zdic.net/zy/xiaozhuan/27_90A0.svg;https://img.zdic.net/zy/xiaozhuan/27_8C73.svg
488,33,8,邡,1,1,0,正篆,卷.部首.頁：6下.邑.134,邡說文‧邑部,,是,bronze/glyphwiki,https://www.zdic.net/hans/邡/xiaozhuan,https://img.zdic.net/zy/xiaozhuan/27_90A1.svg
489,33,9,邨,1,1,0,正篆,卷.部首.頁：6下.邑.136,邨說文‧邑部,,是,glyphwiki,https://www.zdic.net/hans/邨/xiaozhuan,https://img.zdic.net/zy/xiaozhuan/27_E58B.svg
490,33,10,邾,1,1,0,正篆,卷.部首.頁：6下.邑.134,邾說文‧邑部,,是,bronze/glyphwiki,https://www.zdic.net/hans/邾/xiaozhuan,https://img.zdic.net/zy/xiaozhuan/27_90BE.svg
491,33,11,郑,1,1,0,正篆,卷.部首.頁：6下.邑.132,郑說文‧邑部,,是,bronze/glyphwiki,https://www.zdic.net/hans/郑/xiaozhuan,https://img.zdic.net/zy/xiaozhuan/27_912D.svg
492,33,12,郚,1,1,0,正篆,卷.部首.頁：6下.邑.135,郚說文‧邑部,,是,glyphwiki,https://www.zdic.net/hans/郚/xiaozhuan,https://img.zdic.net/zy/xiaozhuan/27_90DA.svg
493,33,13,郜,1,1,0,正篆,卷.部首.頁：6下.邑.135,郜說文‧邑部,,是,bronze/glyphwiki,https://www.zdic.net/hans/郜/xiaozhuan,https://img.zdic.net/zy/xiaozhuan/27_90DC.svg
494,33,14,郡,1,1,0,正篆,卷.部首.頁：6下.邑.131,郡說文‧邑部,,是,bronze/glyphwiki,https://www.zdic.net/hans/郡/xiaozhuan,https://img.zdic.net/zy/xiaozhuan/27_90E1.svg
495,33,15,郢,2,1,1,或體+正篆,卷.部首.頁：6下.邑.134,郢說文‧邑部 | 郢說文或體,,是,bronze/glyphwiki,https://www.zdic.net/hans/郢/xiaozhuan,https://img.zdic.net/zy/xiaozhuan/27_90E2.svg;https://img.zdic.net/zy/xiaozhuan/27_E56E.svg
496,34,1,郪,1,1,0,正篆,卷.部首.頁：6下.邑.134,郪說文‧邑部,,是,glyphwiki,https://www.zdic.net/hans/郪/xiaozhuan,https://img.zdic.net/zy/xiaozhuan/27_90EA.svg
497,34,2,郯,1,1,0,正篆,卷.部首.頁：6下.邑.135,郯說文‧邑部,,是,bronze/glyphwiki,https://www.zdic.net/hans/郯/xiaozhuan,https://img.zdic.net/zy/xiaozhuan/27_90EF.svg
498,34,3,鄂,1,1,0,正篆,卷.部首.頁：6下.邑.134,鄂說文‧邑部,,是,bronze/glyphwiki,https://www.zdic.net/hans/鄂/xiaozhuan,https://img.zdic.net/zy/xiaozhuan/27_9102.svg
499,34,4,鄗,1,1,0,正篆,卷.部首.頁：6下.邑.133,鄗說文‧邑部,,是,glyphwiki,https://www.zdic.net/hans/鄗/xiaozhuan,https://img.zdic.net/zy/xiaozhuan/27_9117.svg
500,34,5,鄜,1,1,0,正篆,卷.部首.頁：6下.邑.132,鄜說文‧邑部,,是,glyphwiki,https://www.zdic.net/hans/鄜/xiaozhuan,https://img.zdic.net/zy/xiaozhuan/27_911C.svg
501,34,6,鄱,1,1,0,正篆,卷.部首.頁：6下.邑.134,鄱說文‧邑部,,是,bronze/glyphwiki,https://www.zdic.net/hans/鄱/xiaozhuan,https://img.zdic.net/zy/xiaozhuan/27_9131.svg
502,34,7,酋,1,1,0,正篆,卷.部首.頁：14下.酋.313,酋說文‧酋部,,是,bronze/glyphwiki,https://www.zdic.net/hans/酋/xiaozhuan,https://img.zdic.net/zy/xiaozhuan/27_914B.svg
503,34,8,配,1,1,0,正篆,卷.部首.頁：14下.酉.312,配說文‧酉部,,是,bronze/glyphwiki,https://www.zdic.net/hans/配/xiaozhuan,https://img.zdic.net/zy/xiaozhuan/27_914D.svg
504,34,9,酱,3,1,2,古文+正篆+籀文,卷.部首.頁：14下.酉.313,酱說文‧酉部 | 酱說文古文 | 酱說文籀文,,是,bronze/glyphwiki,https://www.zdic.net/hans/酱/xiaozhuan,https://img.zdic.net/zy/xiaozhuan/27_91AC.svg;https://img.zdic.net/zy/xiaozhuan/27_EE5F.svg;https://img.zdic.net/zy/xiaozhuan/27_EC43.svg
505,34,10,醴,1,1,0,正篆,卷.部首.頁：14下.酉.312,醴說文‧酉部,,是,bronze/glyphwiki,https://www.zdic.net/hans/醴/xiaozhuan,https://img.zdic.net/zy/xiaozhuan/27_91B4.svg
506,34,11,释,1,1,0,正篆,卷.部首.頁：2上.釆.28,释說文‧釆部,,是,glyphwiki,https://www.zdic.net/hans/释/xiaozhuan,https://img.zdic.net/zy/xiaozhuan/27_91CB.svg
507,34,12,鉴,1,1,0,正篆,卷.部首.頁：14上.金.294,鉴說文‧金部,,是,bronze/glyphwiki,https://www.zdic.net/hans/鉴/xiaozhuan,https://img.zdic.net/zy/xiaozhuan/27_9451.svg
508,34,13,钦,1,1,0,正篆,卷.部首.頁：8下.欠.179,钦說文‧欠部,,是,bronze/glyphwiki,https://www.zdic.net/hans/钦/xiaozhuan,https://img.zdic.net/zy/xiaozhuan/27_6B3D.svg
509,34,14,钧,2,1,1,古文+正篆,卷.部首.頁：14上.金.296,钧說文‧金部 | 钧說文古文,,是,bronze/glyphwiki,https://www.zdic.net/hans/钧/xiaozhuan,https://img.zdic.net/zy/xiaozhuan/27_921E.svg;https://img.zdic.net/zy/xiaozhuan/27_EBB5.svg
510,34,15,钺,1,1,0,正篆,卷.部首.頁：14上.金.298,钺說文‧金部,,是,bronze/glyphwiki,https://www.zdic.net/hans/钺/xiaozhuan,https://img.zdic.net/zy/xiaozhuan/27_925E.svg
511,35,1,铎,1,1,0,正篆,卷.部首.頁：14上.金.297,铎說文‧金部,,是,bronze/glyphwiki,https://www.zdic.net/hans/铎/xiaozhuan,https://img.zdic.net/zy/xiaozhuan/27_9438.svg
512,35,2,锥,1,1,0,正篆,卷.部首.頁：14上.金.296,锥說文‧金部,,是,bronze/glyphwiki,https://www.zdic.net/hans/锥/xiaozhuan,https://img.zdic.net/zy/xiaozhuan/27_9310.svg
513,35,3,镬,1,1,0,正篆,卷.部首.頁：14上.金.294,镬說文‧金部,,是,bronze/glyphwiki,https://www.zdic.net/hans/镬/xiaozhuan,https://img.zdic.net/zy/xiaozhuan/27_944A.svg
514,35,4,闭,1,1,0,正篆,卷.部首.頁：12上.門.248,闭說文‧門部,,是,bronze/glyphwiki/oracle-bone,https://www.zdic.net/hans/闭/xiaozhuan,https://img.zdic.net/zy/xiaozhuan/27_9589.svg
515,35,5,闵,2,1,1,古文+正篆,卷.部首.頁：12上.門.249,闵說文‧門部 | 闵說文古文,,是,bronze/glyphwiki,https://www.zdic.net/hans/闵/xiaozhuan,https://img.zdic.net/zy/xiaozhuan/27_9594.svg;https://img.zdic.net/zy/xiaozhuan/27_E9E9.svg
516,35,6,阳,1,1,0,正篆,卷.部首.頁：14下.阜.304,阳說文‧阜部,,是,bronze/glyphwiki/oracle-bone,https://www.zdic.net/hans/阳/xiaozhuan,https://img.zdic.net/zy/xiaozhuan/27_967D.svg
517,35,7,隃,1,1,0,正篆,卷.部首.頁：14下.阜.306,隃說文‧阜部,,是,glyphwiki,https://www.zdic.net/hans/隃/xiaozhuan,https://img.zdic.net/zy/xiaozhuan/27_9683.svg
518,35,8,难,5,1,4,古文+或體+正篆,卷.部首.頁：4上.鳥.80,难說文‧鳥部 | 难說文或體 | 难說文古文 | 难說文古文 | 难說文古文,,是,bronze/glyphwiki,https://www.zdic.net/hans/难/xiaozhuan,https://img.zdic.net/zy/xiaozhuan/27_F09A.svg;https://img.zdic.net/zy/xiaozhuan/27_96E3.svg;https://img.zdic.net/zy/xiaozhuan/27_E347.svg;https://img.zdic.net/zy/xiaozhuan/27_E348.svg;https://img.zdic.net/zy/xiaozhuan/27_E349.svg
519,35,9,雠,1,1,0,正篆,卷.部首.頁：3上.言.51,雠說文‧言部,,是,bronze/glyphwiki,https://www.zdic.net/hans/雠/xiaozhuan,https://img.zdic.net/zy/xiaozhuan/27_8B8E.svg
520,35,10,霍,1,1,0,正篆,卷.部首.頁：4上.雔.79,霍說文‧雔部,,是,bronze/glyphwiki,https://www.zdic.net/hans/霍/xiaozhuan,https://img.zdic.net/zy/xiaozhuan/27_970D.svg
521,35,11,静,1,1,0,正篆,卷.部首.頁：5下.青.106,静說文‧青部,,是,bronze/glyphwiki,https://www.zdic.net/hans/静/xiaozhuan,https://img.zdic.net/zy/xiaozhuan/27_975C.svg
522,35,12,靳,1,1,0,正篆,卷.部首.頁：3下.革.61,靳說文‧革部,,是,bronze/glyphwiki,https://www.zdic.net/hans/靳/xiaozhuan,https://img.zdic.net/zy/xiaozhuan/27_9773.svg
523,35,13,韩,1,1,0,正篆,卷.部首.頁：5下.韋.113,韩說文‧韋部,,是,bronze/glyphwiki,https://www.zdic.net/hans/韩/xiaozhuan,https://img.zdic.net/zy/xiaozhuan/27_97D3.svg
524,35,14,颂,2,1,1,正篆+籀文,卷.部首.頁：9上.頁.181,颂說文‧頁部 | 颂說文籀文,,是,bronze/glyphwiki,https://www.zdic.net/hans/颂/xiaozhuan,https://img.zdic.net/zy/xiaozhuan/27_980C.svg;https://img.zdic.net/zy/xiaozhuan/27_E755.svg
525,35,15,颉,1,1,0,正篆,卷.部首.頁：9上.頁.183,颉說文‧頁部,,是,bronze/glyphwiki,https://www.zdic.net/hans/颉/xiaozhuan,https://img.zdic.net/zy/xiaozhuan/27_9821.svg
526,36,1,馈,1,1,0,正篆,卷.部首.頁：5下.食.107,馈說文‧食部,,是,bronze/glyphwiki,https://www.zdic.net/hans/馈/xiaozhuan,https://img.zdic.net/zy/xiaozhuan/27_994B.svg
527,36,2,馗,2,1,1,或體+正篆,卷.部首.頁：14下.九.308,馗說文‧九部 | 馗說文或體,,是,bronze/glyphwiki,https://www.zdic.net/hans/馗/xiaozhuan,https://img.zdic.net/zy/xiaozhuan/27_9997.svg;https://img.zdic.net/zy/xiaozhuan/27_9035.svg
528,36,3,驭,2,1,1,古文+正篆,卷.部首.頁：2下.彳.43,驭說文‧彳部 | 驭說文古文,,是,bronze/glyphwiki,https://www.zdic.net/hans/驭/xiaozhuan,https://img.zdic.net/zy/xiaozhuan/27_5FA1.svg;https://img.zdic.net/zy/xiaozhuan/27_99AD.svg
529,36,4,驲,1,1,0,正篆,卷.部首.頁：10上.馬.201,驲說文‧馬部,,是,glyphwiki,https://www.zdic.net/hans/驲/xiaozhuan,https://img.zdic.net/zy/xiaozhuan/27_99B9.svg
530,36,5,骑,1,1,0,正篆,卷.部首.頁：10上.馬.200,骑說文‧馬部,,是,bronze/glyphwiki/oracle-bone,https://www.zdic.net/hans/骑/xiaozhuan,https://img.zdic.net/zy/xiaozhuan/27_9A0E.svg
531,36,6,骓,1,1,0,正篆,卷.部首.頁：10上.馬.199,骓說文‧馬部,,是,bronze/glyphwiki,https://www.zdic.net/hans/骓/xiaozhuan,https://img.zdic.net/zy/xiaozhuan/27_9A05.svg
532,36,7,骰,1,1,0,正篆,卷.部首.頁：4下.肉.88,骰說文‧肉部,,是,bronze/glyphwiki,https://www.zdic.net/hans/骰/xiaozhuan,https://img.zdic.net/zy/xiaozhuan/27_80A1.svg
533,36,8,龢,1,1,0,正篆,卷.部首.頁：2下.龠.48,龢說文‧龠部,,是,bronze/glyphwiki/oracle-bone,https://www.zdic.net/hans/龢/xiaozhuan,https://img.zdic.net/zy/xiaozhuan/27_9FA2.svg
534,36,9,乩,1,1,0,正篆,卷.部首.頁：6下.稽.128,乩說文‧稽部,,是,glyphwiki,https://www.zdic.net/hans/乩/xiaozhuan,https://img.zdic.net/zy/xiaozhuan/27_7A3D.svg
535,36,10,亩,2,1,1,或體+正篆,卷.部首.頁：13下.田.290,亩說文‧田部 | 亩說文或體,,是,glyphwiki,https://www.zdic.net/hans/亩/xiaozhuan,https://img.zdic.net/zy/xiaozhuan/27_EB86.svg;https://img.zdic.net/zy/xiaozhuan/27_755D.svg
536,36,11,众,1,1,0,正篆,卷.部首.頁：8上.㐺.169,众說文‧㐺部,,是,bronze/glyphwiki/oracle-bone,https://www.zdic.net/hans/众/xiaozhuan,https://img.zdic.net/zy/xiaozhuan/27_773E.svg
537,36,12,伥,1,1,0,正篆,卷.部首.頁：8上.人.166,伥說文‧人部,,是,glyphwiki,https://www.zdic.net/hans/伥/xiaozhuan,https://img.zdic.net/zy/xiaozhuan/27_5000.svg
538,36,13,伪,1,1,0,正篆,卷.部首.頁：8上.人.166,伪說文‧人部,,是,glyphwiki,https://www.zdic.net/hans/伪/xiaozhuan,https://img.zdic.net/zy/xiaozhuan/27_507D.svg
539,36,14,佁,1,1,0,正篆,卷.部首.頁：8上.人.166,佁說文‧人部,,是,glyphwiki,https://www.zdic.net/hans/佁/xiaozhuan,https://img.zdic.net/zy/xiaozhuan/27_4F41.svg
540,36,15,佖,1,1,0,正篆,卷.部首.頁：8上.人.162,佖說文‧人部,,是,glyphwiki,https://www.zdic.net/hans/佖/xiaozhuan,https://img.zdic.net/zy/xiaozhuan/27_4F56.svg
541,37,1,侂,1,1,0,正篆,卷.部首.頁：8上.人.167,侂說文‧人部,,是,glyphwiki,https://www.zdic.net/hans/侂/xiaozhuan,https://img.zdic.net/zy/xiaozhuan/27_4F82.svg
542,37,2,侏,1,1,0,正篆,卷.部首.頁：8上.人.168,侏說文‧人部,,是,glyphwiki,https://www.zdic.net/hans/侏/xiaozhuan,https://img.zdic.net/zy/xiaozhuan/27_501C.svg
543,37,3,侔,1,1,0,正篆,卷.部首.頁：8上.人.164,侔說文‧人部,,是,bronze/glyphwiki,https://www.zdic.net/hans/侔/xiaozhuan,https://img.zdic.net/zy/xiaozhuan/27_4F94.svg
544,37,4,侹,1,1,0,正篆,卷.部首.頁：8上.人.163,侹說文‧人部,,是,glyphwiki,https://www.zdic.net/hans/侹/xiaozhuan,https://img.zdic.net/zy/xiaozhuan/27_4FB9.svg
545,37,5,倌,1,1,0,正篆,卷.部首.頁：8上.人.165,倌說文‧人部,,是,glyphwiki,https://www.zdic.net/hans/倌/xiaozhuan,https://img.zdic.net/zy/xiaozhuan/27_500C.svg
546,37,6,倒,1,1,0,正篆,卷.部首.頁：8上.人.168,倒說文‧人部,,是,glyphwiki,https://www.zdic.net/hans/倒/xiaozhuan,https://img.zdic.net/zy/xiaozhuan/27_5012.svg
547,37,7,倜,1,1,0,正篆,卷.部首.頁：8上.人.168,倜說文‧人部,,是,glyphwiki,https://www.zdic.net/hans/倜/xiaozhuan,https://img.zdic.net/zy/xiaozhuan/27_501C.svg
548,37,8,偿,1,1,0,正篆,卷.部首.頁：8上.人.165,偿說文‧人部,,是,bronze/glyphwiki,https://www.zdic.net/hans/偿/xiaozhuan,https://img.zdic.net/zy/xiaozhuan/27_511F.svg
549,37,9,僇,1,1,0,正篆,卷.部首.頁：8上.人.167,僇說文‧人部,,是,glyphwiki,https://www.zdic.net/hans/僇/xiaozhuan,https://img.zdic.net/zy/xiaozhuan/27_50C7.svg
550,37,10,冈,5,1,4,古文+或體+正篆+籀文,卷.部首.頁：7下.网.157,冈說文‧网部 | 冈說文或體 | 冈說文或體 | 冈說文古文 | 冈說文籀文,,是,bronze/glyphwiki/oracle-bone,https://www.zdic.net/hans/冈/xiaozhuan,https://img.zdic.net/zy/xiaozhuan/27_7F51.svg;https://img.zdic.net/zy/xiaozhuan/27_7F54.svg;https://img.zdic.net/zy/xiaozhuan/27_7DB2.svg;https://img.zdic.net/zy/xiaozhuan/27_E66A.svg;https://img.zdic.net/zy/xiaozhuan/27_E66B.svg
551,37,11,凌,2,1,1,或體+正篆,卷.部首.頁：11下.仌.240,凌說文‧仌部 | 凌說文或體,,是,bronze/glyphwiki,https://www.zdic.net/hans/凌/xiaozhuan,https://img.zdic.net/zy/xiaozhuan/27_E97B.svg;https://img.zdic.net/zy/xiaozhuan/27_51CC.svg
552,37,12,刊,1,1,0,正篆,卷.部首.頁：4下.刀.91,刊說文‧刀部,,是,glyphwiki,https://www.zdic.net/hans/刊/xiaozhuan,https://img.zdic.net/zy/xiaozhuan/27_520A.svg
553,37,13,刖,1,1,0,正篆,卷.部首.頁：4下.刀.92,刖說文‧刀部,,是,glyphwiki/oracle-bone,https://www.zdic.net/hans/刖/xiaozhuan,https://img.zdic.net/zy/xiaozhuan/27_5216.svg
554,37,14,刻,1,1,0,正篆,卷.部首.頁：4下.刀.91,刻說文‧刀部,,是,glyphwiki,https://www.zdic.net/hans/刻/xiaozhuan,https://img.zdic.net/zy/xiaozhuan/27_523B.svg
555,37,15,剋,1,1,0,正篆,卷.部首.頁：13下.力.292,剋說文‧力部,,是,glyphwiki,https://www.zdic.net/hans/剋/xiaozhuan,https://img.zdic.net/zy/xiaozhuan/27_52C0.svg
556,38,1,剥,2,1,1,或體+正篆,卷.部首.頁：4下.刀.92,剥說文‧刀部 | 剥說文或體,,是,glyphwiki,https://www.zdic.net/hans/剥/xiaozhuan,https://img.zdic.net/zy/xiaozhuan/27_525D.svg;https://img.zdic.net/zy/xiaozhuan/27_E3C7.svg
557,38,2,剽,1,1,0,正篆,卷.部首.頁：4下.刀.92,剽說文‧刀部,,是,glyphwiki,https://www.zdic.net/hans/剽/xiaozhuan,https://img.zdic.net/zy/xiaozhuan/27_527D.svg
558,38,3,劄,1,1,0,正篆,卷.部首.頁：6上.木.124,劄說文‧木部,,是,glyphwiki,https://www.zdic.net/hans/劄/xiaozhuan,https://img.zdic.net/zy/xiaozhuan/27_672D.svg
559,38,4,劐,1,1,0,正篆,卷.部首.頁：4下.刀.92,劐說文‧刀部,,是,glyphwiki,https://www.zdic.net/hans/劐/xiaozhuan,https://img.zdic.net/zy/xiaozhuan/27_5283.svg
560,38,5,劓,2,1,1,或體+正篆,卷.部首.頁：4下.刀.92,劓說文‧刀部 | 劓說文或體,,是,glyphwiki,https://www.zdic.net/hans/劓/xiaozhuan,https://img.zdic.net/zy/xiaozhuan/27_E3CC.svg;https://img.zdic.net/zy/xiaozhuan/27_5293.svg
561,38,6,劼,1,1,0,正篆,卷.部首.頁：13下.力.292,劼說文‧力部,,是,glyphwiki,https://www.zdic.net/hans/劼/xiaozhuan,https://img.zdic.net/zy/xiaozhuan/27_52BC.svg
562,38,7,劾,1,1,0,正篆,卷.部首.頁：13下.力.293,劾說文‧力部,,是,glyphwiki,https://www.zdic.net/hans/劾/xiaozhuan,https://img.zdic.net/zy/xiaozhuan/27_52BE.svg
563,38,8,勋,2,1,1,古文+正篆,卷.部首.頁：13下.力.292,勋說文‧力部 | 勋說文古文,,是,bronze/glyphwiki,https://www.zdic.net/hans/勋/xiaozhuan,https://img.zdic.net/zy/xiaozhuan/27_52F3.svg;https://img.zdic.net/zy/xiaozhuan/27_52DB.svg
564,38,9,勐,1,1,0,正篆,卷.部首.頁：10上.犬.205,勐說文‧犬部,,是,glyphwiki,https://www.zdic.net/hans/勐/xiaozhuan,https://img.zdic.net/zy/xiaozhuan/27_731B.svg
565,38,10,勤,1,1,0,正篆,卷.部首.頁：13下.力.292,勤說文‧力部,,是,bronze/glyphwiki,https://www.zdic.net/hans/勤/xiaozhuan,https://img.zdic.net/zy/xiaozhuan/27_52E4.svg
566,38,11,匾,1,1,0,正篆,卷.部首.頁：2下.冊.48,匾說文‧冊部,,是,glyphwiki,https://www.zdic.net/hans/匾/xiaozhuan,https://img.zdic.net/zy/xiaozhuan/27_6241.svg
567,38,12,半,1,1,0,正篆,卷.部首.頁：2上.半.28,半說文‧半部,,是,bronze/glyphwiki,https://www.zdic.net/hans/半/xiaozhuan,https://img.zdic.net/zy/xiaozhuan/27_534A.svg
568,38,13,卞,3,1,2,或體+正篆+籀文,卷.部首.頁：8下.皃.177,卞說文‧皃部 | 卞說文籀文 | 卞說文或體,,是,glyphwiki,https://www.zdic.net/hans/卞/xiaozhuan,https://img.zdic.net/zy/xiaozhuan/27_F077.svg;https://img.zdic.net/zy/xiaozhuan/27_EDFB.svg;https://img.zdic.net/zy/xiaozhuan/27_5F01.svg
569,38,14,厕,1,1,0,正篆,卷.部首.頁：9下.广.192,厕說文‧广部,,是,glyphwiki,https://www.zdic.net/hans/厕/xiaozhuan,https://img.zdic.net/zy/xiaozhuan/27_5EC1.svg
570,38,15,厖,1,1,0,正篆,卷.部首.頁：9下.厂.194,厖說文‧厂部,,是,glyphwiki,https://www.zdic.net/hans/厖/xiaozhuan,https://img.zdic.net/zy/xiaozhuan/27_5396.svg
571,39,1,叵,1,1,0,正篆,卷.部首.頁：5上.可.101,叵說文‧可部,,是,glyphwiki/oracle-bone,https://www.zdic.net/hans/叵/xiaozhuan,https://img.zdic.net/zy/xiaozhuan/27_53F5.svg
572,39,2,吒,1,1,0,正篆,卷.部首.頁：2上.口.33,吒說文‧口部,,是,bronze/glyphwiki,https://www.zdic.net/hans/吒/xiaozhuan,https://img.zdic.net/zy/xiaozhuan/27_5412.svg
573,39,3,味,1,1,0,正篆,卷.部首.頁：2上.口.31,味說文‧口部,,是,glyphwiki,https://www.zdic.net/hans/味/xiaozhuan,https://img.zdic.net/zy/xiaozhuan/27_5473.svg
574,39,4,呼,1,1,0,正篆,卷.部首.頁：2上.口.31,呼說文‧口部,,是,bronze/glyphwiki,https://www.zdic.net/hans/呼/xiaozhuan,https://img.zdic.net/zy/xiaozhuan/27_547C.svg
575,39,5,哺,1,1,0,正篆,卷.部首.頁：2上.口.31,哺說文‧口部,,是,glyphwiki,https://www.zdic.net/hans/哺/xiaozhuan,https://img.zdic.net/zy/xiaozhuan/27_54FA.svg
576,39,6,唿,1,1,0,正篆,卷.部首.頁：2上.口.31,唿說文‧口部,,是,bronze/glyphwiki,https://www.zdic.net/hans/唿/xiaozhuan,https://img.zdic.net/zy/xiaozhuan/27_547C.svg
577,39,7,啮,1,1,0,正篆,卷.部首.頁：2下.齒.45,啮說文‧齒部,,是,glyphwiki,https://www.zdic.net/hans/啮/xiaozhuan,https://img.zdic.net/zy/xiaozhuan/27_9F67.svg
578,39,8,喆,2,1,1,古文+正篆,卷.部首.頁：2上.口.32、10下.心.217,喆說文‧口部 | 喆說文古文,喆說文或體,是,glyphwiki,https://www.zdic.net/hans/喆/xiaozhuan,https://img.zdic.net/zy/xiaozhuan/27_54F2.svg;https://img.zdic.net/zy/xiaozhuan/27_E0F0.svg
579,39,9,喏,1,1,0,正篆,卷.部首.頁：3上.言.51,喏說文‧言部,,是,bronze/glyphwiki,https://www.zdic.net/hans/喏/xiaozhuan,https://img.zdic.net/zy/xiaozhuan/27_8AFE.svg
580,39,10,喙,1,1,0,正篆,卷.部首.頁：2上.口.30,喙說文‧口部,,是,glyphwiki,https://www.zdic.net/hans/喙/xiaozhuan,https://img.zdic.net/zy/xiaozhuan/27_5599.svg
581,39,11,喻,1,1,0,正篆,卷.部首.頁：3上.言.51,喻說文‧言部,,是,glyphwiki,https://www.zdic.net/hans/喻/xiaozhuan,https://img.zdic.net/zy/xiaozhuan/27_8AED.svg
582,39,12,嗞,1,1,0,正篆,卷.部首.頁：2上.口.34,嗞說文‧口部,,是,glyphwiki,https://www.zdic.net/hans/嗞/xiaozhuan,https://img.zdic.net/zy/xiaozhuan/27_E105.svg
583,39,13,嗣,2,1,1,古文+正篆,卷.部首.頁：2下.冊.48,嗣說文‧冊部 | 嗣說文古文,,是,bronze/glyphwiki,https://www.zdic.net/hans/嗣/xiaozhuan,https://img.zdic.net/zy/xiaozhuan/27_55E3.svg;https://img.zdic.net/zy/xiaozhuan/27_E1D8.svg
584,39,14,嗽,1,1,0,正篆,卷.部首.頁：8下.欠.180,嗽說文‧欠部,,是,bronze/glyphwiki,https://www.zdic.net/hans/嗽/xiaozhuan,https://img.zdic.net/zy/xiaozhuan/27_6B36.svg
585,39,15,嚎,1,1,0,正篆,卷.部首.頁：5上.号.101,嚎說文‧号部,,是,bronze/glyphwiki,https://www.zdic.net/hans/嚎/xiaozhuan,https://img.zdic.net/zy/xiaozhuan/27_F583.svg
586,40,1,圬,1,1,0,正篆,卷.部首.頁：6上.木.121,圬說文‧木部,,是,bronze/glyphwiki,https://www.zdic.net/hans/圬/xiaozhuan,https://img.zdic.net/zy/xiaozhuan/27_6747.svg
587,40,2,场,1,1,0,正篆,卷.部首.頁：13下.土.289,场說文‧土部,,是,glyphwiki,https://www.zdic.net/hans/场/xiaozhuan,https://img.zdic.net/zy/xiaozhuan/27_5834.svg
588,40,3,块,2,1,1,或體+正篆,卷.部首.頁：13下.土.286,块說文‧土部 | 块說文或體,,是,glyphwiki,https://www.zdic.net/hans/块/xiaozhuan,https://img.zdic.net/zy/xiaozhuan/27_F679.svg;https://img.zdic.net/zy/xiaozhuan/27_584A.svg
589,40,4,坚,1,1,0,正篆,卷.部首.頁：3下.臤.65,坚說文‧臤部,,是,glyphwiki,https://www.zdic.net/hans/坚/xiaozhuan,https://img.zdic.net/zy/xiaozhuan/27_5805.svg
590,40,5,坠,1,1,0,正篆,卷.部首.頁：13下.土.290,坠說文‧土部,,是,glyphwiki/oracle-bone,https://www.zdic.net/hans/坠/xiaozhuan,https://img.zdic.net/zy/xiaozhuan/27_589C.svg
591,40,6,坡,1,1,0,正篆,卷.部首.頁：13下.土.286,坡說文‧土部,,是,bronze/glyphwiki,https://www.zdic.net/hans/坡/xiaozhuan,https://img.zdic.net/zy/xiaozhuan/27_5761.svg
592,40,7,坦,1,1,0,正篆,卷.部首.頁：13下.土.287,坦說文‧土部,,是,glyphwiki,https://www.zdic.net/hans/坦/xiaozhuan,https://img.zdic.net/zy/xiaozhuan/27_5766.svg
593,40,8,坷,1,1,0,正篆,卷.部首.頁：13下.土.289,坷說文‧土部,,是,glyphwiki,https://www.zdic.net/hans/坷/xiaozhuan,https://img.zdic.net/zy/xiaozhuan/27_5777.svg
594,40,9,垄,1,1,0,正篆,卷.部首.頁：13下.土.289,垄說文‧土部,,是,bronze/glyphwiki,https://www.zdic.net/hans/垄/xiaozhuan,https://img.zdic.net/zy/xiaozhuan/27_58DF.svg
595,40,10,型,1,1,0,正篆,卷.部首.頁：13下.土.287,型說文‧土部,,是,bamboo-silk/bronze/glyphwiki,https://www.zdic.net/hans/型/xiaozhuan,https://img.zdic.net/zy/xiaozhuan/27_578B.svg
596,40,11,埃,1,1,0,正篆,卷.部首.頁：13下.土.289,埃說文‧土部,,是,glyphwiki,https://www.zdic.net/hans/埃/xiaozhuan,https://img.zdic.net/zy/xiaozhuan/27_57C3.svg
597,40,12,堤,1,1,0,正篆,卷.部首.頁：13下.土.287,堤說文‧土部,,是,glyphwiki,https://www.zdic.net/hans/堤/xiaozhuan,https://img.zdic.net/zy/xiaozhuan/27_5824.svg
598,40,13,塍,1,1,0,正篆,卷.部首.頁：13下.土.286,塍說文‧土部,,是,bronze/glyphwiki,https://www.zdic.net/hans/塍/xiaozhuan,https://img.zdic.net/zy/xiaozhuan/27_584D.svg
599,40,14,填,1,1,0,正篆,卷.部首.頁：13下.土.287,填說文‧土部,,是,glyphwiki,https://www.zdic.net/hans/填/xiaozhuan,https://img.zdic.net/zy/xiaozhuan/27_586B.svg
600,40,15,墉,1,1,0,正篆,卷.部首.頁：13下.土.288、5下.𩫏.110,墉說文‧土部,墉說文古文,是,bronze/glyphwiki/oracle-bone,https://www.zdic.net/hans/墉/xiaozhuan,https://img.zdic.net/zy/xiaozhuan/27_5889.svg
601,41,1,壁,1,1,0,正篆,卷.部首.頁：13下.土.287,壁說文‧土部,,是,glyphwiki,https://www.zdic.net/hans/壁/xiaozhuan,https://img.zdic.net/zy/xiaozhuan/27_58C1.svg
602,41,2,壤,1,1,0,正篆,卷.部首.頁：13下.土.286,壤說文‧土部,,是,glyphwiki,https://www.zdic.net/hans/壤/xiaozhuan,https://img.zdic.net/zy/xiaozhuan/27_58E4.svg
603,41,3,夤,2,1,1,正篆+籀文,卷.部首.頁：7上.夕.142,夤說文‧夕部 | 夤說文籀文,,是,bronze/glyphwiki,https://www.zdic.net/hans/夤/xiaozhuan,https://img.zdic.net/zy/xiaozhuan/27_5924.svg;https://img.zdic.net/zy/xiaozhuan/27_E5B8.svg
604,41,4,奂,1,1,0,正篆,卷.部首.頁：3上.廾.59,奂說文‧廾部,,是,bronze/glyphwiki,https://www.zdic.net/hans/奂/xiaozhuan,https://img.zdic.net/zy/xiaozhuan/27_5950.svg
605,41,5,奇,1,1,0,正篆,卷.部首.頁：5上.可.101,奇說文‧可部,,是,glyphwiki,https://www.zdic.net/hans/奇/xiaozhuan,https://img.zdic.net/zy/xiaozhuan/27_5947.svg
606,41,6,妫,1,1,0,正篆,卷.部首.頁：12下.女.258,妫說文‧女部,,是,bronze/glyphwiki,https://www.zdic.net/hans/妫/xiaozhuan,https://img.zdic.net/zy/xiaozhuan/27_5AAF.svg
607,41,7,姊,1,1,0,正篆,卷.部首.頁：12下.女.259,姊說文‧女部,,是,bronze/glyphwiki,https://www.zdic.net/hans/姊/xiaozhuan,https://img.zdic.net/zy/xiaozhuan/27_59CA.svg
608,41,8,姞,1,1,0,正篆,卷.部首.頁：12下.女.258,姞說文‧女部,,是,bronze/glyphwiki,https://www.zdic.net/hans/姞/xiaozhuan,https://img.zdic.net/zy/xiaozhuan/27_59DE.svg
609,41,9,姬,1,1,0,正篆,卷.部首.頁：12下.女.258,姬說文‧女部,,是,bronze/glyphwiki/oracle-bone,https://www.zdic.net/hans/姬/xiaozhuan,https://img.zdic.net/zy/xiaozhuan/27_59EC.svg
610,41,10,姽,1,1,0,正篆,卷.部首.頁：12下.女.261,姽說文‧女部,,是,glyphwiki,https://www.zdic.net/hans/姽/xiaozhuan,https://img.zdic.net/zy/xiaozhuan/27_59FD.svg
611,41,11,娀,1,1,0,正篆,卷.部首.頁：12下.女.260,娀說文‧女部,,是,glyphwiki,https://www.zdic.net/hans/娀/xiaozhuan,https://img.zdic.net/zy/xiaozhuan/27_5A00.svg
612,41,12,娈,1,1,0,正篆,卷.部首.頁：12下.女.261、12下.女.263,娈說文‧女部,,是,bronze/glyphwiki,https://www.zdic.net/hans/娈/xiaozhuan,https://img.zdic.net/zy/xiaozhuan/27_5B4C.svg
613,41,13,娟,1,1,0,正篆,卷.部首.頁：12下.女.265,娟說文‧女部,,是,bronze/glyphwiki,https://www.zdic.net/hans/娟/xiaozhuan,https://img.zdic.net/zy/xiaozhuan/27_5A1F.svg
614,41,14,娠,1,1,0,正篆,卷.部首.頁：12下.女.259,娠說文‧女部,,是,glyphwiki/oracle-bone,https://www.zdic.net/hans/娠/xiaozhuan,https://img.zdic.net/zy/xiaozhuan/27_5A20.svg
615,41,15,娥,1,1,0,正篆,卷.部首.頁：12下.女.260,娥說文‧女部,,是,glyphwiki/oracle-bone,https://www.zdic.net/hans/娥/xiaozhuan,https://img.zdic.net/zy/xiaozhuan/27_5A25.svg
616,42,1,婘,1,1,0,正篆,卷.部首.頁：4上.目.72,婘說文‧目部,,是,glyphwiki,https://www.zdic.net/hans/婘/xiaozhuan,https://img.zdic.net/zy/xiaozhuan/27_7737.svg
617,42,2,婚,2,1,1,正篆+籀文,卷.部首.頁：12下.女.259、12上.耳.250,婚說文‧女部 | 婚說文籀文,,是,bronze/glyphwiki,https://www.zdic.net/hans/婚/xiaozhuan,https://img.zdic.net/zy/xiaozhuan/27_5A5A.svg;https://img.zdic.net/zy/xiaozhuan/27_EDF8.svg
618,42,3,婢,1,1,0,正篆,卷.部首.頁：12下.女.260,婢說文‧女部,,是,glyphwiki,https://www.zdic.net/hans/婢/xiaozhuan,https://img.zdic.net/zy/xiaozhuan/27_5A62.svg
619,42,4,婧,1,1,0,正篆,卷.部首.頁：12下.女.261,婧說文‧女部,,是,bronze/glyphwiki,https://www.zdic.net/hans/婧/xiaozhuan,https://img.zdic.net/zy/xiaozhuan/27_5A67.svg
620,42,5,婺,1,1,0,正篆,卷.部首.頁：12下.女.262,婺說文‧女部,,是,glyphwiki,https://www.zdic.net/hans/婺/xiaozhuan,https://img.zdic.net/zy/xiaozhuan/27_5A7A.svg
621,42,6,媄,1,1,0,正篆,卷.部首.頁：12下.女.260,媄說文‧女部,,是,glyphwiki,https://www.zdic.net/hans/媄/xiaozhuan,https://img.zdic.net/zy/xiaozhuan/27_5A84.svg
622,42,7,媱,1,1,0,正篆,卷.部首.頁：12下.女.261,媱說文‧女部,,是,glyphwiki,https://www.zdic.net/hans/媱/xiaozhuan,https://img.zdic.net/zy/xiaozhuan/27_5AB1.svg
623,42,8,媾,1,1,0,正篆,卷.部首.頁：12下.女.259,媾說文‧女部,,是,bronze/glyphwiki,https://www.zdic.net/hans/媾/xiaozhuan,https://img.zdic.net/zy/xiaozhuan/27_5ABE.svg
624,42,9,嫁,1,1,0,正篆,卷.部首.頁：12下.女.259,嫁說文‧女部,,是,glyphwiki,https://www.zdic.net/hans/嫁/xiaozhuan,https://img.zdic.net/zy/xiaozhuan/27_5AC1.svg
625,42,10,嫔,1,1,0,正篆,卷.部首.頁：12下.女.262,嫔說文‧女部,,是,glyphwiki,https://www.zdic.net/hans/嫔/xiaozhuan,https://img.zdic.net/zy/xiaozhuan/27_5B2A.svg
626,42,11,嫚,1,1,0,正篆,卷.部首.頁：12下.女.264,嫚說文‧女部,,是,glyphwiki,https://www.zdic.net/hans/嫚/xiaozhuan,https://img.zdic.net/zy/xiaozhuan/27_5ADA.svg
627,42,12,嫽,1,1,0,正篆,卷.部首.頁：12下.女.260,嫽說文‧女部,,是,glyphwiki,https://www.zdic.net/hans/嫽/xiaozhuan,https://img.zdic.net/zy/xiaozhuan/27_5AFD.svg
628,42,13,孓,1,1,0,正篆,卷.部首.頁：14下.了.310,孓說文‧了部,,是,bronze/glyphwiki,https://www.zdic.net/hans/孓/xiaozhuan,https://img.zdic.net/zy/xiaozhuan/27_5B53.svg
629,42,14,存,1,1,0,正篆,卷.部首.頁：14下.子.310,存說文‧子部,,是,glyphwiki,https://www.zdic.net/hans/存/xiaozhuan,https://img.zdic.net/zy/xiaozhuan/27_5B58.svg
630,42,15,孝,1,1,0,正篆,卷.部首.頁：8上.老.173,孝說文‧老部,,是,bronze/glyphwiki,https://www.zdic.net/hans/孝/xiaozhuan,https://img.zdic.net/zy/xiaozhuan/27_5B5D.svg
631,43,1,孪,1,1,0,正篆,卷.部首.頁：14下.子.310,孪說文‧子部,,是,bronze/glyphwiki,https://www.zdic.net/hans/孪/xiaozhuan,https://img.zdic.net/zy/xiaozhuan/27_5B7F.svg
632,43,2,孽,1,1,0,正篆,卷.部首.頁：14下.子.310,孽說文‧子部,,是,glyphwiki/oracle-bone,https://www.zdic.net/hans/孽/xiaozhuan,https://img.zdic.net/zy/xiaozhuan/27_5B7D.svg
633,43,3,完,1,1,0,正篆,卷.部首.頁：7下.宀.150,完說文‧宀部,,是,glyphwiki,https://www.zdic.net/hans/完/xiaozhuan,https://img.zdic.net/zy/xiaozhuan/27_5B8C.svg
634,43,4,宙,1,1,0,正篆,卷.部首.頁：7下.宀.151,宙說文‧宀部,,是,glyphwiki,https://www.zdic.net/hans/宙/xiaozhuan,https://img.zdic.net/zy/xiaozhuan/27_5B99.svg
635,43,5,宴,1,1,0,正篆,卷.部首.頁：7下.宀.150,宴說文‧宀部,,是,bronze/glyphwiki,https://www.zdic.net/hans/宴/xiaozhuan,https://img.zdic.net/zy/xiaozhuan/27_5BB4.svg
636,43,6,寄,1,1,0,正篆,卷.部首.頁：7下.宀.151,寄說文‧宀部,,是,glyphwiki,https://www.zdic.net/hans/寄/xiaozhuan,https://img.zdic.net/zy/xiaozhuan/27_5BC4.svg
637,43,7,寐,1,1,0,正篆,卷.部首.頁：7下.㝱.153,寐說文‧㝱部,,是,bronze/glyphwiki,https://www.zdic.net/hans/寐/xiaozhuan,https://img.zdic.net/zy/xiaozhuan/27_5BD0.svg
638,43,8,射,2,1,1,或體+正篆,卷.部首.頁：5下.矢.110,射說文‧矢部 | 射說文或體,,是,bronze/glyphwiki/oracle-bone,https://www.zdic.net/hans/射/xiaozhuan,https://img.zdic.net/zy/xiaozhuan/27_F0F5.svg;https://img.zdic.net/zy/xiaozhuan/27_5C04.svg
639,43,9,岍,2,1,1,古文+正篆,卷.部首.頁：12上.門.248,岍說文‧門部 | 岍說文古文,,是,glyphwiki,https://www.zdic.net/hans/岍/xiaozhuan,https://img.zdic.net/zy/xiaozhuan/27_958B.svg;https://img.zdic.net/zy/xiaozhuan/27_E9E1.svg
640,43,10,峦,1,1,0,正篆,卷.部首.頁：9下.山.190,峦說文‧山部,,是,bronze/glyphwiki,https://www.zdic.net/hans/峦/xiaozhuan,https://img.zdic.net/zy/xiaozhuan/27_5DD2.svg
641,43,11,峻,2,1,1,或體+正篆,卷.部首.頁：9下.山.190,峻說文‧山部 | 峻說文或體,,是,bronze/glyphwiki,https://www.zdic.net/hans/峻/xiaozhuan,https://img.zdic.net/zy/xiaozhuan/27_E7CA.svg;https://img.zdic.net/zy/xiaozhuan/27_5CFB.svg
642,43,12,崤,1,1,0,正篆,卷.部首.頁：3下.殳.66,崤說文‧殳部,,是,glyphwiki,https://www.zdic.net/hans/崤/xiaozhuan,https://img.zdic.net/zy/xiaozhuan/27_6BBD.svg
643,43,13,崧,1,1,0,正篆,卷.部首.頁：9下.山.191,崧說文‧山部,,是,glyphwiki,https://www.zdic.net/hans/崧/xiaozhuan,https://img.zdic.net/zy/xiaozhuan/27_5D69.svg
644,43,14,巧,1,1,0,正篆,卷.部首.頁：5上.工.100,巧說文‧工部,,是,glyphwiki,https://www.zdic.net/hans/巧/xiaozhuan,https://img.zdic.net/zy/xiaozhuan/27_5DE7.svg
645,43,15,帨,2,1,1,或體+正篆,卷.部首.頁：7下.巾.158,帨說文‧巾部 | 帨說文或體,,是,glyphwiki,https://www.zdic.net/hans/帨/xiaozhuan,https://img.zdic.net/zy/xiaozhuan/27_5E25.svg;https://img.zdic.net/zy/xiaozhuan/27_5E28.svg
646,44,1,帱,1,1,0,正篆,卷.部首.頁：7下.巾.159,帱說文‧巾部,,是,bronze/glyphwiki,https://www.zdic.net/hans/帱/xiaozhuan,https://img.zdic.net/zy/xiaozhuan/27_5E6C.svg
647,44,2,幖,1,1,0,正篆,卷.部首.頁：7下.巾.159,幖說文‧巾部,,是,glyphwiki,https://www.zdic.net/hans/幖/xiaozhuan,https://img.zdic.net/zy/xiaozhuan/27_E68C.svg
648,44,3,幻,1,1,0,正篆,卷.部首.頁：4下.予.84,幻說文‧予部,,是,bronze/glyphwiki,https://www.zdic.net/hans/幻/xiaozhuan,https://img.zdic.net/zy/xiaozhuan/27_5E7B.svg
649,44,4,庇,1,1,0,正篆,卷.部首.頁：9下.广.193,庇說文‧广部,,是,glyphwiki,https://www.zdic.net/hans/庇/xiaozhuan,https://img.zdic.net/zy/xiaozhuan/27_5E87.svg
650,44,5,庐,1,1,0,正篆,卷.部首.頁：9下.广.192,庐說文‧广部,,是,bronze/glyphwiki,https://www.zdic.net/hans/庐/xiaozhuan,https://img.zdic.net/zy/xiaozhuan/27_5EEC.svg
651,44,6,廙,1,1,0,正篆,卷.部首.頁：9下.广.193,廙說文‧广部,,是,bronze/glyphwiki,https://www.zdic.net/hans/廙/xiaozhuan,https://img.zdic.net/zy/xiaozhuan/27_5ED9.svg
652,44,7,弊,2,1,1,或體+正篆,卷.部首.頁：10上.犬.205,弊說文‧犬部 | 弊說文或體,,是,bronze/glyphwiki,https://www.zdic.net/hans/弊/xiaozhuan,https://img.zdic.net/zy/xiaozhuan/27_7358.svg;https://img.zdic.net/zy/xiaozhuan/27_6583.svg
653,44,8,式,1,1,0,正篆,卷.部首.頁：5上.工.100,式說文‧工部,,是,glyphwiki,https://www.zdic.net/hans/式/xiaozhuan,https://img.zdic.net/zy/xiaozhuan/27_5F0F.svg
654,44,9,弗,1,1,0,正篆,卷.部首.頁：12下.丿.265,弗說文‧丿部,,是,bronze/glyphwiki/oracle-bone,https://www.zdic.net/hans/弗/xiaozhuan,https://img.zdic.net/zy/xiaozhuan/27_5F17.svg
655,44,10,弦,1,1,0,正篆,卷.部首.頁：12下.弦.270,弦說文‧弦部,,是,glyphwiki,https://www.zdic.net/hans/弦/xiaozhuan,https://img.zdic.net/zy/xiaozhuan/27_5F26.svg
656,44,11,弧,1,1,0,正篆,卷.部首.頁：12下.弓.269,弧說文‧弓部,,是,bronze/glyphwiki,https://www.zdic.net/hans/弧/xiaozhuan,https://img.zdic.net/zy/xiaozhuan/27_5F27.svg
657,44,12,弨,1,1,0,正篆,卷.部首.頁：12下.弓.269,弨說文‧弓部,,是,bronze/glyphwiki,https://www.zdic.net/hans/弨/xiaozhuan,https://img.zdic.net/zy/xiaozhuan/27_5F28.svg
658,44,13,彷,1,1,0,正篆,卷.部首.頁：12下.女.263,彷說文‧女部,,是,bronze/glyphwiki/oracle-bone,https://www.zdic.net/hans/彷/xiaozhuan,https://img.zdic.net/zy/xiaozhuan/27_59A8.svg
659,44,14,待,1,1,0,正篆,卷.部首.頁：2下.彳.43,待說文‧彳部,,是,bronze/glyphwiki,https://www.zdic.net/hans/待/xiaozhuan,https://img.zdic.net/zy/xiaozhuan/27_5F85.svg
660,44,15,徛,1,1,0,正篆,卷.部首.頁：2下.彳.43,徛說文‧彳部,,是,glyphwiki,https://www.zdic.net/hans/徛/xiaozhuan,https://img.zdic.net/zy/xiaozhuan/27_5F9B.svg
661,45,1,徼,1,1,0,正篆,卷.部首.頁：2下.彳.43,徼說文‧彳部,,是,glyphwiki,https://www.zdic.net/hans/徼/xiaozhuan,https://img.zdic.net/zy/xiaozhuan/27_5FBC.svg
662,45,2,忞,1,1,0,正篆,卷.部首.頁：10下.心.219,忞說文‧心部,,是,glyphwiki,https://www.zdic.net/hans/忞/xiaozhuan,https://img.zdic.net/zy/xiaozhuan/27_5FDE.svg
663,45,3,忡,1,1,0,正篆,卷.部首.頁：10下.心.223,忡說文‧心部,,是,glyphwiki,https://www.zdic.net/hans/忡/xiaozhuan,https://img.zdic.net/zy/xiaozhuan/27_5FE1.svg
664,45,4,快,1,1,0,正篆,卷.部首.頁：10下.心.217,快說文‧心部,,是,glyphwiki,https://www.zdic.net/hans/快/xiaozhuan,https://img.zdic.net/zy/xiaozhuan/27_5FEB.svg
665,45,5,忻,1,1,0,正篆,卷.部首.頁：10下.心.217,忻說文‧心部,,是,glyphwiki,https://www.zdic.net/hans/忻/xiaozhuan,https://img.zdic.net/zy/xiaozhuan/27_5FFB.svg
666,45,6,怏,1,1,0,正篆,卷.部首.頁：10下.心.221,怏說文‧心部,,是,bronze/glyphwiki,https://www.zdic.net/hans/怏/xiaozhuan,https://img.zdic.net/zy/xiaozhuan/27_600F.svg
667,45,7,怒,1,1,0,正篆,卷.部首.頁：10下.心.221,怒說文‧心部,,是,glyphwiki,https://www.zdic.net/hans/怒/xiaozhuan,https://img.zdic.net/zy/xiaozhuan/27_6012.svg
668,45,8,怜,1,1,0,正篆,卷.部首.頁：10下.心.223,怜說文‧心部,,是,glyphwiki,https://www.zdic.net/hans/怜/xiaozhuan,https://img.zdic.net/zy/xiaozhuan/27_6190.svg
669,45,9,性,1,1,0,正篆,卷.部首.頁：10下.心.217,性說文‧心部,,是,bronze/glyphwiki,https://www.zdic.net/hans/性/xiaozhuan,https://img.zdic.net/zy/xiaozhuan/27_6027.svg
670,45,10,怨,2,1,1,古文+正篆,卷.部首.頁：10下.心.221,怨說文‧心部 | 怨說文古文,,是,glyphwiki,https://www.zdic.net/hans/怨/xiaozhuan,https://img.zdic.net/zy/xiaozhuan/27_6028.svg;https://img.zdic.net/zy/xiaozhuan/27_E912.svg
671,45,11,怪,1,1,0,正篆,卷.部首.頁：10下.心.220,怪說文‧心部,,是,glyphwiki,https://www.zdic.net/hans/怪/xiaozhuan,https://img.zdic.net/zy/xiaozhuan/27_602A.svg
672,45,12,怿,1,1,0,正篆,卷.部首.頁：10下.心.224,怿說文‧心部,,是,glyphwiki,https://www.zdic.net/hans/怿/xiaozhuan,https://img.zdic.net/zy/xiaozhuan/27_61CC.svg
673,45,13,恓,1,1,0,正篆,卷.部首.頁：10下.心.219,恓說文‧心部,,是,glyphwiki,https://www.zdic.net/hans/恓/xiaozhuan,https://img.zdic.net/zy/xiaozhuan/27_6064.svg
674,45,14,恔,1,1,0,正篆,卷.部首.頁：10下.心.217,恔說文‧心部,,是,glyphwiki,https://www.zdic.net/hans/恔/xiaozhuan,https://img.zdic.net/zy/xiaozhuan/27_6054.svg
675,45,15,恚,1,1,0,正篆,卷.部首.頁：10下.心.221,恚說文‧心部,,是,glyphwiki,https://www.zdic.net/hans/恚/xiaozhuan,https://img.zdic.net/zy/xiaozhuan/27_605A.svg
676,46,1,恧,1,1,0,正篆,卷.部首.頁：10下.心.223,恧說文‧心部,,是,glyphwiki,https://www.zdic.net/hans/恧/xiaozhuan,https://img.zdic.net/zy/xiaozhuan/27_6067.svg
677,46,2,恩,1,1,0,正篆,卷.部首.頁：10下.心.218,恩說文‧心部,,是,glyphwiki,https://www.zdic.net/hans/恩/xiaozhuan,https://img.zdic.net/zy/xiaozhuan/27_6069.svg
678,46,3,恻,1,1,0,正篆,卷.部首.頁：10下.心.222,恻說文‧心部,,是,glyphwiki,https://www.zdic.net/hans/恻/xiaozhuan,https://img.zdic.net/zy/xiaozhuan/27_60FB.svg
679,46,4,悍,1,1,0,正篆,卷.部首.頁：10下.心.220,悍說文‧心部,,是,glyphwiki,https://www.zdic.net/hans/悍/xiaozhuan,https://img.zdic.net/zy/xiaozhuan/27_608D.svg
680,46,5,患,3,1,2,古文+正篆,卷.部首.頁：10下.心.223,患說文‧心部 | 患說文古文 | 患說文古文,,是,glyphwiki,https://www.zdic.net/hans/患/xiaozhuan,https://img.zdic.net/zy/xiaozhuan/27_60A3.svg;https://img.zdic.net/zy/xiaozhuan/27_E923.svg;https://img.zdic.net/zy/xiaozhuan/27_E924.svg
681,46,6,悫,1,1,0,正篆,卷.部首.頁：10下.心.217,悫說文‧心部,,是,glyphwiki,https://www.zdic.net/hans/悫/xiaozhuan,https://img.zdic.net/zy/xiaozhuan/27_6128.svg
682,46,7,悸,1,1,0,正篆,卷.部首.頁：10下.心.221,悸說文‧心部,,是,glyphwiki,https://www.zdic.net/hans/悸/xiaozhuan,https://img.zdic.net/zy/xiaozhuan/27_60B8.svg
683,46,8,情,1,1,0,正篆,卷.部首.頁：10下.心.217,情說文‧心部,,是,glyphwiki,https://www.zdic.net/hans/情/xiaozhuan,https://img.zdic.net/zy/xiaozhuan/27_60C5.svg
684,46,9,惔,1,1,0,正篆,卷.部首.頁：10下.心.222,惔說文‧心部,,是,glyphwiki,https://www.zdic.net/hans/惔/xiaozhuan,https://img.zdic.net/zy/xiaozhuan/27_60D4.svg
685,46,10,惙,1,1,0,正篆,卷.部首.頁：10下.心.222,惙說文‧心部,,是,glyphwiki,https://www.zdic.net/hans/惙/xiaozhuan,https://img.zdic.net/zy/xiaozhuan/27_60D9.svg
686,46,11,想,1,1,0,正篆,卷.部首.頁：10下.心.218,想說文‧心部,,是,bronze/glyphwiki,https://www.zdic.net/hans/想/xiaozhuan,https://img.zdic.net/zy/xiaozhuan/27_60F3.svg
687,46,12,慆,1,1,0,正篆,卷.部首.頁：10下.心.219,慆說文‧心部,,是,glyphwiki,https://www.zdic.net/hans/慆/xiaozhuan,https://img.zdic.net/zy/xiaozhuan/27_6146.svg
688,46,13,慌,1,1,0,正篆,卷.部首.頁：1下.艸.23,慌說文‧艸部,,是,bronze/glyphwiki,https://www.zdic.net/hans/慌/xiaozhuan,https://img.zdic.net/zy/xiaozhuan/27_8352.svg
689,46,14,扇,1,1,0,正篆,卷.部首.頁：12上.戶.247,扇說文‧戶部,,是,glyphwiki,https://www.zdic.net/hans/扇/xiaozhuan,https://img.zdic.net/zy/xiaozhuan/27_6247.svg
690,46,15,扎,1,1,0,正篆,卷.部首.頁：6上.木.124,扎說文‧木部,,是,glyphwiki,https://www.zdic.net/hans/扎/xiaozhuan,https://img.zdic.net/zy/xiaozhuan/27_672D.svg
691,47,1,扬,2,1,1,古文+正篆,卷.部首.頁：12上.手.254,扬說文‧手部 | 扬說文古文,,是,bronze/glyphwiki,https://www.zdic.net/hans/扬/xiaozhuan,https://img.zdic.net/zy/xiaozhuan/27_63DA.svg;https://img.zdic.net/zy/xiaozhuan/27_EA15.svg
692,47,2,扰,1,1,0,正篆,卷.部首.頁：12上.手.253,扰說文‧手部,,是,bronze/glyphwiki,https://www.zdic.net/hans/扰/xiaozhuan,https://img.zdic.net/zy/xiaozhuan/27_64FE.svg
693,47,3,扼,2,1,1,或體+正篆,卷.部首.頁：12上.手.252,扼說文‧手部 | 扼說文或體,,是,glyphwiki,https://www.zdic.net/hans/扼/xiaozhuan,https://img.zdic.net/zy/xiaozhuan/27_6439.svg;https://img.zdic.net/zy/xiaozhuan/27_627C.svg
694,47,4,抄,1,1,0,正篆,卷.部首.頁：14上.金.298,抄說文‧金部,,是,glyphwiki,https://www.zdic.net/hans/抄/xiaozhuan,https://img.zdic.net/zy/xiaozhuan/27_9214.svg
695,47,5,抉,1,1,0,正篆,卷.部首.頁：12上.手.253,抉說文‧手部,,是,glyphwiki,https://www.zdic.net/hans/抉/xiaozhuan,https://img.zdic.net/zy/xiaozhuan/27_6289.svg
696,47,6,抵,1,1,0,正篆,卷.部首.頁：12上.手.251,抵說文‧手部,,是,glyphwiki,https://www.zdic.net/hans/抵/xiaozhuan,https://img.zdic.net/zy/xiaozhuan/27_62B5.svg
697,47,7,抻,1,1,0,正篆,卷.部首.頁：8上.人.165,抻說文‧人部,,是,bronze/glyphwiki,https://www.zdic.net/hans/抻/xiaozhuan,https://img.zdic.net/zy/xiaozhuan/27_4F38.svg
698,47,8,拂,1,1,0,正篆,卷.部首.頁：12上.手.257,拂說文‧手部,,是,glyphwiki,https://www.zdic.net/hans/拂/xiaozhuan,https://img.zdic.net/zy/xiaozhuan/27_62C2.svg
699,47,9,拃,1,1,0,正篆,卷.部首.頁：6上.木.116,拃說文‧木部,,是,glyphwiki,https://www.zdic.net/hans/拃/xiaozhuan,https://img.zdic.net/zy/xiaozhuan/27_67DE.svg
700,47,10,拇,1,1,0,正篆,卷.部首.頁：12上.手.250,拇說文‧手部,,是,bronze/glyphwiki,https://www.zdic.net/hans/拇/xiaozhuan,https://img.zdic.net/zy/xiaozhuan/27_62C7.svg
701,47,11,拊,1,1,0,正篆,卷.部首.頁：12上.手.252,拊說文‧手部,,是,glyphwiki,https://www.zdic.net/hans/拊/xiaozhuan,https://img.zdic.net/zy/xiaozhuan/27_62CA.svg
702,47,12,持,1,1,0,正篆,卷.部首.頁：12上.手.251,持說文‧手部,,是,bronze/glyphwiki,https://www.zdic.net/hans/持/xiaozhuan,https://img.zdic.net/zy/xiaozhuan/27_6301.svg
703,47,13,挈,1,1,0,正篆,卷.部首.頁：12上.手.251,挈說文‧手部,,是,glyphwiki,https://www.zdic.net/hans/挈/xiaozhuan,https://img.zdic.net/zy/xiaozhuan/27_6308.svg
704,47,14,捉,1,1,0,正篆,卷.部首.頁：12上.手.252,捉說文‧手部,,是,glyphwiki,https://www.zdic.net/hans/捉/xiaozhuan,https://img.zdic.net/zy/xiaozhuan/27_6349.svg
705,47,15,捕,1,1,0,正篆,卷.部首.頁：12上.手.257,捕說文‧手部,,是,glyphwiki,https://www.zdic.net/hans/捕/xiaozhuan,https://img.zdic.net/zy/xiaozhuan/27_6355.svg
706,48,1,捭,1,1,0,正篆,卷.部首.頁：12上.手.256,捭說文‧手部,,是,glyphwiki,https://www.zdic.net/hans/捭/xiaozhuan,https://img.zdic.net/zy/xiaozhuan/27_636D.svg
707,48,2,掖,1,1,0,正篆,卷.部首.頁：12上.手.257,掖說文‧手部,,是,glyphwiki,https://www.zdic.net/hans/掖/xiaozhuan,https://img.zdic.net/zy/xiaozhuan/27_6396.svg
708,48,3,掾,1,1,0,正篆,卷.部首.頁：12上.手.252,掾說文‧手部,,是,glyphwiki,https://www.zdic.net/hans/掾/xiaozhuan,https://img.zdic.net/zy/xiaozhuan/27_63BE.svg
709,48,4,揄,1,1,0,正篆,卷.部首.頁：12上.手.254,揄說文‧手部,,是,glyphwiki,https://www.zdic.net/hans/揄/xiaozhuan,https://img.zdic.net/zy/xiaozhuan/27_63C4.svg
710,48,5,提,1,1,0,正篆,卷.部首.頁：12上.手.252,提說文‧手部,,是,glyphwiki,https://www.zdic.net/hans/提/xiaozhuan,https://img.zdic.net/zy/xiaozhuan/27_63D0.svg
711,48,6,揳,1,1,0,正篆,卷.部首.頁：13上.糸.277,揳說文‧糸部,,是,glyphwiki,https://www.zdic.net/hans/揳/xiaozhuan,https://img.zdic.net/zy/xiaozhuan/27_7D5C.svg
712,48,7,援,1,1,0,正篆,卷.部首.頁：12上.手.255,援說文‧手部,,是,glyphwiki,https://www.zdic.net/hans/援/xiaozhuan,https://img.zdic.net/zy/xiaozhuan/27_63F4.svg
713,48,8,攫,1,1,0,正篆,卷.部首.頁：12上.手.255,攫說文‧手部,,是,glyphwiki,https://www.zdic.net/hans/攫/xiaozhuan,https://img.zdic.net/zy/xiaozhuan/27_652B.svg
714,48,9,敌,1,1,0,正篆,卷.部首.頁：3下.攴.68,敌說文‧攴部,,是,bronze/glyphwiki,https://www.zdic.net/hans/敌/xiaozhuan,https://img.zdic.net/zy/xiaozhuan/27_6575.svg
715,48,10,敏,1,1,0,正篆,卷.部首.頁：3下.攴.67,敏說文‧攴部,,是,bronze/glyphwiki/oracle-bone,https://www.zdic.net/hans/敏/xiaozhuan,https://img.zdic.net/zy/xiaozhuan/27_654F.svg
716,48,11,数,1,1,0,正篆,卷.部首.頁：3下.攴.68,数說文‧攴部,,是,glyphwiki,https://www.zdic.net/hans/数/xiaozhuan,https://img.zdic.net/zy/xiaozhuan/27_6578.svg
717,48,12,整,1,1,0,正篆,卷.部首.頁：3下.攴.67,整說文‧攴部,,是,bronze/glyphwiki,https://www.zdic.net/hans/整/xiaozhuan,https://img.zdic.net/zy/xiaozhuan/27_6574.svg
718,48,13,料,1,1,0,正篆,卷.部首.頁：14上.斗.300,料說文‧斗部,,是,bronze/glyphwiki,https://www.zdic.net/hans/料/xiaozhuan,https://img.zdic.net/zy/xiaozhuan/27_6599.svg
719,48,14,斛,1,1,0,正篆,卷.部首.頁：14上.斗.300,斛說文‧斗部,,是,bronze/glyphwiki,https://www.zdic.net/hans/斛/xiaozhuan,https://img.zdic.net/zy/xiaozhuan/27_659B.svg
720,48,15,施,1,1,0,正篆,卷.部首.頁：7上.㫃.140,施說文‧㫃部,,是,glyphwiki,https://www.zdic.net/hans/施/xiaozhuan,https://img.zdic.net/zy/xiaozhuan/27_65BD.svg
721,49,1,旆,1,1,0,正篆,卷.部首.頁：7上.㫃.140,旆說文‧㫃部,,是,glyphwiki,https://www.zdic.net/hans/旆/xiaozhuan,https://img.zdic.net/zy/xiaozhuan/27_65C6.svg
722,49,2,旌,1,1,0,正篆,卷.部首.頁：7上.㫃.140,旌說文‧㫃部,,是,glyphwiki,https://www.zdic.net/hans/旌/xiaozhuan,https://img.zdic.net/zy/xiaozhuan/27_65CC.svg
723,49,3,旱,1,1,0,正篆,卷.部首.頁：7上.日.138,旱說文‧日部,,是,glyphwiki,https://www.zdic.net/hans/旱/xiaozhuan,https://img.zdic.net/zy/xiaozhuan/27_65F1.svg
724,49,4,旸,1,1,0,正篆,卷.部首.頁：7上.日.138,旸說文‧日部,,是,glyphwiki,https://www.zdic.net/hans/旸/xiaozhuan,https://img.zdic.net/zy/xiaozhuan/27_6698.svg
725,49,5,昕,1,1,0,正篆,卷.部首.頁：7上.日.139,昕說文‧日部,,是,glyphwiki,https://www.zdic.net/hans/昕/xiaozhuan,https://img.zdic.net/zy/xiaozhuan/27_6615.svg
726,49,6,昭,1,1,0,正篆,卷.部首.頁：7上.日.137,昭說文‧日部,,是,glyphwiki,https://www.zdic.net/hans/昭/xiaozhuan,https://img.zdic.net/zy/xiaozhuan/27_662D.svg
727,49,7,昶,1,1,0,正篆,卷.部首.頁：7上.日.139,昶說文‧日部,,是,bronze/glyphwiki,https://www.zdic.net/hans/昶/xiaozhuan,https://img.zdic.net/zy/xiaozhuan/27_6636.svg
728,49,8,晏,1,1,0,正篆,卷.部首.頁：7上.日.138,晏說文‧日部,,是,glyphwiki,https://www.zdic.net/hans/晏/xiaozhuan,https://img.zdic.net/zy/xiaozhuan/27_664F.svg
729,49,9,晞,1,1,0,正篆,卷.部首.頁：7上.日.139,晞說文‧日部,,是,glyphwiki,https://www.zdic.net/hans/晞/xiaozhuan,https://img.zdic.net/zy/xiaozhuan/27_665E.svg
730,49,10,晦,1,1,0,正篆,卷.部首.頁：7上.日.138,晦說文‧日部,,是,bamboo-silk/glyphwiki,https://www.zdic.net/hans/晦/xiaozhuan,https://img.zdic.net/zy/xiaozhuan/27_6666.svg
731,49,11,暑,1,1,0,正篆,卷.部首.頁：7上.日.139,暑說文‧日部,,是,glyphwiki,https://www.zdic.net/hans/暑/xiaozhuan,https://img.zdic.net/zy/xiaozhuan/27_6691.svg
732,49,12,暿,1,1,0,正篆,卷.部首.頁：10上.火.208,暿說文‧火部,,是,glyphwiki,https://www.zdic.net/hans/暿/xiaozhuan,https://img.zdic.net/zy/xiaozhuan/27_71B9.svg
733,49,13,曌,1,1,0,正篆,卷.部首.頁：10上.火.209,曌說文‧火部,,是,glyphwiki,https://www.zdic.net/hans/曌/xiaozhuan,https://img.zdic.net/zy/xiaozhuan/27_7167.svg
734,49,14,曛,1,1,0,正篆,卷.部首.頁：1下.屮.15,曛說文‧屮部,,是,bronze/glyphwiki,https://www.zdic.net/hans/曛/xiaozhuan,https://img.zdic.net/zy/xiaozhuan/27_718F.svg
735,49,15,曝,2,1,1,古文+正篆,卷.部首.頁：7上.日.139,曝說文‧日部 | 曝說文古文,,是,glyphwiki,https://www.zdic.net/hans/曝/xiaozhuan,https://img.zdic.net/zy/xiaozhuan/27_66B4.svg;https://img.zdic.net/zy/xiaozhuan/27_E5A0.svg
736,50,1,朳,1,1,0,正篆,卷.部首.頁：12上.手.258,朳說文‧手部,,是,glyphwiki,https://www.zdic.net/hans/朳/xiaozhuan,https://img.zdic.net/zy/xiaozhuan/27_634C.svg
737,50,2,朽,2,1,1,或體+正篆,卷.部首.頁：4下.歹.85,朽說文‧歹部 | 朽說文或體,,是,bronze/glyphwiki,https://www.zdic.net/hans/朽/xiaozhuan,https://img.zdic.net/zy/xiaozhuan/27_E37C.svg;https://img.zdic.net/zy/xiaozhuan/27_673D.svg
738,50,3,杌,1,1,0,正篆,卷.部首.頁：6上.木.125,杌說文‧木部,,是,bronze/glyphwiki,https://www.zdic.net/hans/杌/xiaozhuan,https://img.zdic.net/zy/xiaozhuan/27_67EE.svg
739,50,4,材,1,1,0,正篆,卷.部首.頁：6上.木.119,材說文‧木部,,是,glyphwiki,https://www.zdic.net/hans/材/xiaozhuan,https://img.zdic.net/zy/xiaozhuan/27_6750.svg
740,50,5,条,1,1,0,正篆,卷.部首.頁：6上.木.118,条說文‧木部,,是,glyphwiki,https://www.zdic.net/hans/条/xiaozhuan,https://img.zdic.net/zy/xiaozhuan/27_689D.svg
741,50,6,杧,1,1,0,正篆,卷.部首.頁：1下.艸.22,杧說文‧艸部,,是,glyphwiki,https://www.zdic.net/hans/杧/xiaozhuan,https://img.zdic.net/zy/xiaozhuan/27_8292.svg
742,50,7,杳,1,1,0,正篆,卷.部首.頁：6上.木.119,杳說文‧木部,,是,glyphwiki,https://www.zdic.net/hans/杳/xiaozhuan,https://img.zdic.net/zy/xiaozhuan/27_6773.svg
743,50,8,杵,1,1,0,正篆,卷.部首.頁：6上.木.122,杵說文‧木部,,是,glyphwiki,https://www.zdic.net/hans/杵/xiaozhuan,https://img.zdic.net/zy/xiaozhuan/27_6775.svg
744,50,9,松,2,1,1,或體+正篆,卷.部首.頁：6上.木.118,松說文‧木部 | 松說文或體,,是,bronze/glyphwiki,https://www.zdic.net/hans/松/xiaozhuan,https://img.zdic.net/zy/xiaozhuan/27_677E.svg;https://img.zdic.net/zy/xiaozhuan/27_E4EB.svg
745,50,10,枅,1,1,0,正篆,卷.部首.頁：6上.木.120,枅說文‧木部,,是,glyphwiki,https://www.zdic.net/hans/枅/xiaozhuan,https://img.zdic.net/zy/xiaozhuan/27_6785.svg
746,50,11,枉,1,1,0,正篆,卷.部首.頁：6上.木.119,枉說文‧木部,,是,glyphwiki,https://www.zdic.net/hans/枉/xiaozhuan,https://img.zdic.net/zy/xiaozhuan/27_6789.svg
747,50,12,枚,1,1,0,正篆,卷.部首.頁：6上.木.118,枚說文‧木部,,是,bronze/glyphwiki/oracle-bone,https://www.zdic.net/hans/枚/xiaozhuan,https://img.zdic.net/zy/xiaozhuan/27_679A.svg
748,50,13,枭,1,1,0,正篆,卷.部首.頁：6上.木.125,枭說文‧木部,,是,glyphwiki,https://www.zdic.net/hans/枭/xiaozhuan,https://img.zdic.net/zy/xiaozhuan/27_689F.svg
749,50,14,枳,1,1,0,正篆,卷.部首.頁：6上.木.117,枳說文‧木部,,是,glyphwiki,https://www.zdic.net/hans/枳/xiaozhuan,https://img.zdic.net/zy/xiaozhuan/27_67B3.svg
750,50,15,柙,1,1,0,正篆,卷.部首.頁：6上.木.125,柙說文‧木部,柙說文古文,是,glyphwiki,https://www.zdic.net/hans/柙/xiaozhuan,https://img.zdic.net/zy/xiaozhuan/27_67D9.svg
751,51,1,柜,1,1,0,正篆,卷.部首.頁：6上.木.117,柜說文‧木部,,是,glyphwiki,https://www.zdic.net/hans/柜/xiaozhuan,https://img.zdic.net/zy/xiaozhuan/27_67DC.svg
752,51,2,柯,1,1,0,正篆,卷.部首.頁：6上.木.123,柯說文‧木部,,是,bronze/glyphwiki,https://www.zdic.net/hans/柯/xiaozhuan,https://img.zdic.net/zy/xiaozhuan/27_67EF.svg
753,51,3,柱,1,1,0,正篆,卷.部首.頁：6上.木.120,柱說文‧木部,,是,glyphwiki,https://www.zdic.net/hans/柱/xiaozhuan,https://img.zdic.net/zy/xiaozhuan/27_67F1.svg
754,51,4,栉,1,1,0,正篆,卷.部首.頁：6上.木.121,栉說文‧木部,,是,glyphwiki,https://www.zdic.net/hans/栉/xiaozhuan,https://img.zdic.net/zy/xiaozhuan/27_6ADB.svg
755,51,5,株,1,1,0,正篆,卷.部首.頁：6上.木.118,株說文‧木部,,是,glyphwiki,https://www.zdic.net/hans/株/xiaozhuan,https://img.zdic.net/zy/xiaozhuan/27_682A.svg
756,51,6,样,1,1,0,正篆,卷.部首.頁：6上.木.116,样說文‧木部,,是,glyphwiki,https://www.zdic.net/hans/样/xiaozhuan,https://img.zdic.net/zy/xiaozhuan/27_6A23.svg
757,51,7,栻,1,1,0,正篆,卷.部首.頁：5上.工.100,栻說文‧工部,,是,glyphwiki,https://www.zdic.net/hans/栻/xiaozhuan,https://img.zdic.net/zy/xiaozhuan/27_5F0F.svg
758,51,8,栽,1,1,0,正篆,卷.部首.頁：6上.木.120,栽說文‧木部,,是,glyphwiki/oracle-bone,https://www.zdic.net/hans/栽/xiaozhuan,https://img.zdic.net/zy/xiaozhuan/27_683D.svg
759,51,9,桂,1,1,0,正篆,卷.部首.頁：6上.木.115,桂說文‧木部,,是,glyphwiki,https://www.zdic.net/hans/桂/xiaozhuan,https://img.zdic.net/zy/xiaozhuan/27_6842.svg
760,51,10,案,1,1,0,正篆,卷.部首.頁：6上.木.122,案說文‧木部,,是,glyphwiki,https://www.zdic.net/hans/案/xiaozhuan,https://img.zdic.net/zy/xiaozhuan/27_6848.svg
761,51,11,桊,1,1,0,正篆,卷.部首.頁：6上.木.123,桊說文‧木部,,是,glyphwiki,https://www.zdic.net/hans/桊/xiaozhuan,https://img.zdic.net/zy/xiaozhuan/27_E51B.svg
762,51,12,桎,1,1,0,正篆,卷.部首.頁：6上.木.125,桎說文‧木部,,是,glyphwiki,https://www.zdic.net/hans/桎/xiaozhuan,https://img.zdic.net/zy/xiaozhuan/27_684E.svg
763,51,13,桧,1,1,0,正篆,卷.部首.頁：6上.木.118,桧說文‧木部,,是,glyphwiki,https://www.zdic.net/hans/桧/xiaozhuan,https://img.zdic.net/zy/xiaozhuan/27_6A9C.svg
764,51,14,梃,1,1,0,正篆,卷.部首.頁：6上.木.119,梃說文‧木部,,是,glyphwiki,https://www.zdic.net/hans/梃/xiaozhuan,https://img.zdic.net/zy/xiaozhuan/27_6883.svg
765,51,15,梗,1,1,0,正篆,卷.部首.頁：6上.木.118,梗說文‧木部,,是,glyphwiki,https://www.zdic.net/hans/梗/xiaozhuan,https://img.zdic.net/zy/xiaozhuan/27_6897.svg
766,52,1,梳,1,1,0,正篆,卷.部首.頁：6上.木.121,梳說文‧木部,,是,glyphwiki,https://www.zdic.net/hans/梳/xiaozhuan,https://img.zdic.net/zy/xiaozhuan/27_68B3.svg
767,52,2,梼,1,1,0,正篆,卷.部首.頁：6上.木.125,梼說文‧木部,,是,glyphwiki,https://www.zdic.net/hans/梼/xiaozhuan,https://img.zdic.net/zy/xiaozhuan/27_6AAE.svg
768,52,3,棐,1,1,0,正篆,卷.部首.頁：6上.木.125,棐說文‧木部,,是,glyphwiki,https://www.zdic.net/hans/棐/xiaozhuan,https://img.zdic.net/zy/xiaozhuan/27_68D0.svg
769,52,4,棪,1,1,0,正篆,卷.部首.頁：6上.木.115,棪說文‧木部,,是,glyphwiki,https://www.zdic.net/hans/棪/xiaozhuan,https://img.zdic.net/zy/xiaozhuan/27_68EA.svg
770,52,5,棺,1,1,0,正篆,卷.部首.頁：6上.木.125,棺說文‧木部,,是,bronze/glyphwiki,https://www.zdic.net/hans/棺/xiaozhuan,https://img.zdic.net/zy/xiaozhuan/27_68FA.svg
771,52,6,椁,1,1,0,正篆,卷.部首.頁：6上.木.125,椁說文‧木部,,是,bronze/glyphwiki,https://www.zdic.net/hans/椁/xiaozhuan,https://img.zdic.net/zy/xiaozhuan/27_E530.svg
772,52,7,椅,1,1,0,正篆,卷.部首.頁：6上.木.115,椅說文‧木部,,是,glyphwiki,https://www.zdic.net/hans/椅/xiaozhuan,https://img.zdic.net/zy/xiaozhuan/27_6905.svg
773,52,8,椎,1,1,0,正篆,卷.部首.頁：6上.木.123,椎說文‧木部,,是,glyphwiki/oracle-bone,https://www.zdic.net/hans/椎/xiaozhuan,https://img.zdic.net/zy/xiaozhuan/27_690E.svg
774,52,9,椓,1,1,0,正篆,卷.部首.頁：6上.木.124,椓說文‧木部,,是,glyphwiki,https://www.zdic.net/hans/椓/xiaozhuan,https://img.zdic.net/zy/xiaozhuan/27_6913.svg
775,52,10,椸,1,1,0,正篆,卷.部首.頁：6上.木.126,椸說文‧木部,,是,glyphwiki/oracle-bone,https://www.zdic.net/hans/椸/xiaozhuan,https://img.zdic.net/zy/xiaozhuan/27_6938.svg
776,52,11,椹,1,1,0,正篆,卷.部首.頁：9下.石.196,椹說文‧石部,,是,glyphwiki,https://www.zdic.net/hans/椹/xiaozhuan,https://img.zdic.net/zy/xiaozhuan/27_7827.svg
777,52,12,楚,1,1,0,正篆,卷.部首.頁：6上.林.126,楚說文‧林部,,是,bronze/glyphwiki/oracle-bone,https://www.zdic.net/hans/楚/xiaozhuan,https://img.zdic.net/zy/xiaozhuan/27_695A.svg
778,52,13,楝,1,1,0,正篆,卷.部首.頁：6上.木.117,楝說文‧木部,,是,glyphwiki,https://www.zdic.net/hans/楝/xiaozhuan,https://img.zdic.net/zy/xiaozhuan/27_695D.svg
779,52,14,楷,1,1,0,正篆,卷.部首.頁：6上.木.115,楷說文‧木部,,是,bronze/glyphwiki,https://www.zdic.net/hans/楷/xiaozhuan,https://img.zdic.net/zy/xiaozhuan/27_6977.svg
780,52,15,楼,1,1,0,正篆,卷.部首.頁：6上.木.120,楼說文‧木部,,是,glyphwiki,https://www.zdic.net/hans/楼/xiaozhuan,https://img.zdic.net/zy/xiaozhuan/27_6A13.svg
781,53,1,榆,1,1,0,正篆,卷.部首.頁：6上.木.118,榆說文‧木部,,是,glyphwiki,https://www.zdic.net/hans/榆/xiaozhuan,https://img.zdic.net/zy/xiaozhuan/27_6986.svg
782,53,2,榭,1,1,0,正篆,卷.部首.頁：6上.木.126,榭說文‧木部,,是,bronze/glyphwiki,https://www.zdic.net/hans/榭/xiaozhuan,https://img.zdic.net/zy/xiaozhuan/27_69AD.svg
783,53,3,槐,1,1,0,正篆,卷.部首.頁：6上.木.117,槐說文‧木部,,是,bronze/glyphwiki,https://www.zdic.net/hans/槐/xiaozhuan,https://img.zdic.net/zy/xiaozhuan/27_69D0.svg
784,53,4,橇,1,1,0,正篆,卷.部首.頁：6上.木.124,橇說文‧木部,,是,glyphwiki,https://www.zdic.net/hans/橇/xiaozhuan,https://img.zdic.net/zy/xiaozhuan/27_6A4B.svg
785,53,5,橑,1,1,0,正篆,卷.部首.頁：6上.木.120,橑說文‧木部,,是,glyphwiki,https://www.zdic.net/hans/橑/xiaozhuan,https://img.zdic.net/zy/xiaozhuan/27_6A51.svg
786,53,6,橱,1,1,0,正篆,卷.部首.頁：9下.广.192,橱說文‧广部,,是,bronze/glyphwiki,https://www.zdic.net/hans/橱/xiaozhuan,https://img.zdic.net/zy/xiaozhuan/27_5EDA.svg
787,53,7,歃,1,1,0,正篆,卷.部首.頁：8下.欠.180,歃說文‧欠部,,是,bronze/glyphwiki,https://www.zdic.net/hans/歃/xiaozhuan,https://img.zdic.net/zy/xiaozhuan/27_6B43.svg
788,53,8,殇,1,1,0,正篆,卷.部首.頁：4下.歹.85,殇說文‧歹部,,是,glyphwiki,https://www.zdic.net/hans/殇/xiaozhuan,https://img.zdic.net/zy/xiaozhuan/27_6BA4.svg
789,53,9,殊,1,1,0,正篆,卷.部首.頁：4下.歹.85,殊說文‧歹部,,是,glyphwiki,https://www.zdic.net/hans/殊/xiaozhuan,https://img.zdic.net/zy/xiaozhuan/27_6B8A.svg
790,53,10,殣,1,1,0,正篆,卷.部首.頁：4下.歹.85,殣說文‧歹部,,是,glyphwiki,https://www.zdic.net/hans/殣/xiaozhuan,https://img.zdic.net/zy/xiaozhuan/27_6BA3.svg
791,53,11,毂,1,1,0,正篆,卷.部首.頁：14上.車.302,毂說文‧車部,,是,glyphwiki,https://www.zdic.net/hans/毂/xiaozhuan,https://img.zdic.net/zy/xiaozhuan/27_8F42.svg
792,53,12,毌,1,1,0,正篆,卷.部首.頁：7上.毌.142,毌說文‧毌部,,是,glyphwiki/oracle-bone,https://www.zdic.net/hans/毌/xiaozhuan,https://img.zdic.net/zy/xiaozhuan/27_6BCC.svg
793,53,13,毙,2,1,1,或體+正篆,卷.部首.頁：10上.犬.205,毙說文‧犬部 | 毙說文或體,,是,bronze/glyphwiki,https://www.zdic.net/hans/毙/xiaozhuan,https://img.zdic.net/zy/xiaozhuan/27_7358.svg;https://img.zdic.net/zy/xiaozhuan/27_6583.svg
794,53,14,氧,2,1,1,古文+正篆,卷.部首.頁：5下.食.107,氧說文‧食部 | 氧說文古文,,是,glyphwiki,https://www.zdic.net/hans/氧/xiaozhuan,https://img.zdic.net/zy/xiaozhuan/27_990A.svg;https://img.zdic.net/zy/xiaozhuan/27_E475.svg
795,53,15,江,1,1,0,正篆,卷.部首.頁：11上.水.224,江說文‧水部,,是,bronze/glyphwiki,https://www.zdic.net/hans/江/xiaozhuan,https://img.zdic.net/zy/xiaozhuan/27_6C5F.svg
796,54,1,汪,1,1,0,正篆,卷.部首.頁：11上.水.229,汪說文‧水部,,是,bronze/glyphwiki,https://www.zdic.net/hans/汪/xiaozhuan,https://img.zdic.net/zy/xiaozhuan/27_6C6A.svg
797,54,2,汭,1,1,0,正篆,卷.部首.頁：11上.水.229,汭說文‧水部,,是,glyphwiki,https://www.zdic.net/hans/汭/xiaozhuan,https://img.zdic.net/zy/xiaozhuan/27_6C6D.svg
798,54,3,汲,1,1,0,正篆,卷.部首.頁：11上.水.237,汲說文‧水部,,是,bronze/glyphwiki,https://www.zdic.net/hans/汲/xiaozhuan,https://img.zdic.net/zy/xiaozhuan/27_6C72.svg
799,54,4,沁,1,1,0,正篆,卷.部首.頁：11上.水.225,沁說文‧水部,,是,glyphwiki/oracle-bone,https://www.zdic.net/hans/沁/xiaozhuan,https://img.zdic.net/zy/xiaozhuan/27_6C81.svg
800,54,5,沃,1,1,0,正篆,卷.部首.頁：11上.水.233,沃說文‧水部,,是,glyphwiki,https://www.zdic.net/hans/沃/xiaozhuan,https://img.zdic.net/zy/xiaozhuan/27_6C83.svg
801,54,6,沅,1,1,0,正篆,卷.部首.頁：11上.水.225,沅說文‧水部,,是,bronze/glyphwiki,https://www.zdic.net/hans/沅/xiaozhuan,https://img.zdic.net/zy/xiaozhuan/27_6C85.svg
802,54,7,沟,1,1,0,正篆,卷.部首.頁：11上.水.232,沟說文‧水部,,是,glyphwiki,https://www.zdic.net/hans/沟/xiaozhuan,https://img.zdic.net/zy/xiaozhuan/27_6E9D.svg
803,54,8,沦,1,1,0,正篆,卷.部首.頁：11上.水.230,沦說文‧水部,,是,bronze/glyphwiki,https://www.zdic.net/hans/沦/xiaozhuan,https://img.zdic.net/zy/xiaozhuan/27_6DEA.svg
804,54,9,沫,1,1,0,正篆,卷.部首.頁：11上.水.225,沫說文‧水部,,是,glyphwiki/oracle-bone,https://www.zdic.net/hans/沫/xiaozhuan,https://img.zdic.net/zy/xiaozhuan/27_6CAB.svg
805,54,10,治,1,1,0,正篆,卷.部首.頁：11上.水.227,治說文‧水部,,是,glyphwiki,https://www.zdic.net/hans/治/xiaozhuan,https://img.zdic.net/zy/xiaozhuan/27_6CBB.svg
806,54,11,沼,1,1,0,正篆,卷.部首.頁：11上.水.232,沼說文‧水部,,是,glyphwiki,https://www.zdic.net/hans/沼/xiaozhuan,https://img.zdic.net/zy/xiaozhuan/27_6CBC.svg
807,54,12,泞,1,1,0,正篆,卷.部首.頁：11上.水.232,泞說文‧水部,,是,glyphwiki,https://www.zdic.net/hans/泞/xiaozhuan,https://img.zdic.net/zy/xiaozhuan/27_6FD8.svg
808,54,13,泸,1,1,0,正篆,卷.部首.頁：11上.水.238,泸說文‧水部,,是,bronze/glyphwiki,https://www.zdic.net/hans/泸/xiaozhuan,https://img.zdic.net/zy/xiaozhuan/27_7018.svg
809,54,14,泽,1,1,0,正篆,卷.部首.頁：11上.水.231,泽說文‧水部,,是,glyphwiki,https://www.zdic.net/hans/泽/xiaozhuan,https://img.zdic.net/zy/xiaozhuan/27_6FA4.svg
810,54,15,洎,1,1,0,正篆,卷.部首.頁：11上.水.235,洎說文‧水部,,是,glyphwiki/oracle-bone,https://www.zdic.net/hans/洎/xiaozhuan,https://img.zdic.net/zy/xiaozhuan/27_6D0E.svg
811,55,1,洚,1,1,0,正篆,卷.部首.頁：11上.水.229,洚說文‧水部,,是,glyphwiki,https://www.zdic.net/hans/洚/xiaozhuan,https://img.zdic.net/zy/xiaozhuan/27_6D1A.svg
812,55,2,洨,1,1,0,正篆,卷.部首.頁：11上.水.228,洨說文‧水部,,是,glyphwiki,https://www.zdic.net/hans/洨/xiaozhuan,https://img.zdic.net/zy/xiaozhuan/27_6D28.svg
813,55,3,洭,1,1,0,正篆,卷.部首.頁：11上.水.226,洭說文‧水部,,是,glyphwiki,https://www.zdic.net/hans/洭/xiaozhuan,https://img.zdic.net/zy/xiaozhuan/27_6D2D.svg
814,55,4,测,1,1,0,正篆,卷.部首.頁：11上.水.230,测說文‧水部,,是,bronze/glyphwiki,https://www.zdic.net/hans/测/xiaozhuan,https://img.zdic.net/zy/xiaozhuan/27_6E2C.svg
815,55,5,济,1,1,0,正篆,卷.部首.頁：11上.水.228,济說文‧水部,,是,bronze/glyphwiki,https://www.zdic.net/hans/济/xiaozhuan,https://img.zdic.net/zy/xiaozhuan/27_6FDF.svg
816,55,6,浚,1,1,0,正篆,卷.部首.頁：11上.水.235,浚說文‧水部,,是,glyphwiki,https://www.zdic.net/hans/浚/xiaozhuan,https://img.zdic.net/zy/xiaozhuan/27_6D5A.svg
817,55,7,浛,1,1,0,正篆,卷.部首.頁：11上.水.234,浛說文‧水部,,是,glyphwiki,https://www.zdic.net/hans/浛/xiaozhuan,https://img.zdic.net/zy/xiaozhuan/27_6DB5.svg
818,55,8,浥,1,1,0,正篆,卷.部首.頁：11上.水.232,浥說文‧水部,,是,glyphwiki,https://www.zdic.net/hans/浥/xiaozhuan,https://img.zdic.net/zy/xiaozhuan/27_6D65.svg
819,55,9,涑,1,1,0,正篆,卷.部首.頁：11上.水.237,涑說文‧水部,,是,bronze/glyphwiki,https://www.zdic.net/hans/涑/xiaozhuan,https://img.zdic.net/zy/xiaozhuan/27_6D91.svg
820,55,10,涘,1,1,0,正篆,卷.部首.頁：11上.水.232,涘說文‧水部,,是,glyphwiki,https://www.zdic.net/hans/涘/xiaozhuan,https://img.zdic.net/zy/xiaozhuan/27_6D98.svg
821,55,11,淆,1,1,0,正篆,卷.部首.頁：3下.殳.66,淆說文‧殳部,,是,glyphwiki,https://www.zdic.net/hans/淆/xiaozhuan,https://img.zdic.net/zy/xiaozhuan/27_6BBD.svg
822,55,12,淖,1,1,0,正篆,卷.部首.頁：11上.水.231,淖說文‧水部,,是,bronze/glyphwiki,https://www.zdic.net/hans/淖/xiaozhuan,https://img.zdic.net/zy/xiaozhuan/27_6DD6.svg
823,55,13,淜,1,1,0,正篆,卷.部首.頁：11上.水.233,淜說文‧水部,,是,glyphwiki,https://www.zdic.net/hans/淜/xiaozhuan,https://img.zdic.net/zy/xiaozhuan/27_6DDC.svg
824,55,14,淠,1,1,0,正篆,卷.部首.頁：11上.水.226,淠說文‧水部,,是,bronze/glyphwiki,https://www.zdic.net/hans/淠/xiaozhuan,https://img.zdic.net/zy/xiaozhuan/27_6DE0.svg
825,55,15,淫,1,1,0,正篆,卷.部首.頁：11上.水.231,淫說文‧水部,,是,glyphwiki,https://www.zdic.net/hans/淫/xiaozhuan,https://img.zdic.net/zy/xiaozhuan/27_6DEB.svg
826,56,1,渍,1,1,0,正篆,卷.部首.頁：11上.水.234,渍說文‧水部,,是,glyphwiki,https://www.zdic.net/hans/渍/xiaozhuan,https://img.zdic.net/zy/xiaozhuan/27_6F2C.svg
827,56,2,渚,1,1,0,正篆,卷.部首.頁：11上.水.228,渚說文‧水部,,是,glyphwiki,https://www.zdic.net/hans/渚/xiaozhuan,https://img.zdic.net/zy/xiaozhuan/27_6E1A.svg
828,56,3,渟,2,1,1,或體+正篆,卷.部首.頁：11上.水.235,渟說文‧水部 | 渟說文或體,,是,glyphwiki,https://www.zdic.net/hans/渟/xiaozhuan,https://img.zdic.net/zy/xiaozhuan/27_6C40.svg;https://img.zdic.net/zy/xiaozhuan/27_E960.svg
829,56,4,渡,1,1,0,正篆,卷.部首.頁：11上.水.233,渡說文‧水部,,是,glyphwiki,https://www.zdic.net/hans/渡/xiaozhuan,https://img.zdic.net/zy/xiaozhuan/27_6E21.svg
830,56,5,渭,1,1,0,正篆,卷.部首.頁：11上.水.225,渭說文‧水部,,是,glyphwiki,https://www.zdic.net/hans/渭/xiaozhuan,https://img.zdic.net/zy/xiaozhuan/27_6E2D.svg
831,56,6,湄,1,1,0,正篆,卷.部首.頁：11上.水.232,湄說文‧水部,,是,glyphwiki/oracle-bone,https://www.zdic.net/hans/湄/xiaozhuan,https://img.zdic.net/zy/xiaozhuan/27_6E44.svg
832,56,7,湓,1,1,0,正篆,卷.部首.頁：11上.水.225,湓說文‧水部,,是,bronze/glyphwiki,https://www.zdic.net/hans/湓/xiaozhuan,https://img.zdic.net/zy/xiaozhuan/27_6C7E.svg
833,56,8,湝,1,1,0,正篆,卷.部首.頁：11上.水.229,湝說文‧水部,,是,glyphwiki,https://www.zdic.net/hans/湝/xiaozhuan,https://img.zdic.net/zy/xiaozhuan/27_6E5D.svg
834,56,9,溃,1,1,0,正篆,卷.部首.頁：11上.水.231,溃說文‧水部,,是,glyphwiki,https://www.zdic.net/hans/溃/xiaozhuan,https://img.zdic.net/zy/xiaozhuan/27_6F70.svg
835,56,10,滂,1,1,0,正篆,卷.部首.頁：11上.水.229,滂說文‧水部,,是,bronze/glyphwiki,https://www.zdic.net/hans/滂/xiaozhuan,https://img.zdic.net/zy/xiaozhuan/27_6EC2.svg
836,56,11,滑,1,1,0,正篆,卷.部首.頁：11上.水.231,滑說文‧水部,,是,bronze/glyphwiki,https://www.zdic.net/hans/滑/xiaozhuan,https://img.zdic.net/zy/xiaozhuan/27_6ED1.svg
837,56,12,滔,1,1,0,正篆,卷.部首.頁：11上.水.229,滔說文‧水部,,是,bronze/glyphwiki,https://www.zdic.net/hans/滔/xiaozhuan,https://img.zdic.net/zy/xiaozhuan/27_6ED4.svg
838,56,13,漆,1,1,0,正篆,卷.部首.頁：11上.水.225,漆說文‧水部,,是,bronze/glyphwiki,https://www.zdic.net/hans/漆/xiaozhuan,https://img.zdic.net/zy/xiaozhuan/27_6F06.svg
839,56,14,漻,1,1,0,正篆,卷.部首.頁：11上.水.229,漻說文‧水部,,是,glyphwiki,https://www.zdic.net/hans/漻/xiaozhuan,https://img.zdic.net/zy/xiaozhuan/27_6F3B.svg
840,56,15,潘,1,1,0,正篆,卷.部首.頁：11上.水.236,潘說文‧水部,,是,bronze/glyphwiki,https://www.zdic.net/hans/潘/xiaozhuan,https://img.zdic.net/zy/xiaozhuan/27_6F58.svg
841,57,1,澂,1,1,0,正篆,卷.部首.頁：11上.水.231,澂說文‧水部,,是,glyphwiki,https://www.zdic.net/hans/澂/xiaozhuan,https://img.zdic.net/zy/xiaozhuan/27_6F82.svg
842,57,2,激,1,1,0,正篆,卷.部首.頁：11上.水.230,激說文‧水部,,是,glyphwiki,https://www.zdic.net/hans/激/xiaozhuan,https://img.zdic.net/zy/xiaozhuan/27_6FC0.svg
843,57,3,濒,1,1,0,正篆,卷.部首.頁：11下.瀕.239,濒說文‧瀕部,,是,bronze/glyphwiki,https://www.zdic.net/hans/濒/xiaozhuan,https://img.zdic.net/zy/xiaozhuan/27_7015.svg
844,57,4,濞,1,1,0,正篆,卷.部首.頁：11上.水.230,濞說文‧水部,,是,glyphwiki/oracle-bone,https://www.zdic.net/hans/濞/xiaozhuan,https://img.zdic.net/zy/xiaozhuan/27_6FDE.svg
845,57,5,濡,1,1,0,正篆,卷.部首.頁：11上.水.228,濡說文‧水部,,是,glyphwiki,https://www.zdic.net/hans/濡/xiaozhuan,https://img.zdic.net/zy/xiaozhuan/27_6FE1.svg
846,57,6,瀹,1,1,0,正篆,卷.部首.頁：11上.水.236,瀹說文‧水部,,是,bronze/glyphwiki,https://www.zdic.net/hans/瀹/xiaozhuan,https://img.zdic.net/zy/xiaozhuan/27_7039.svg
847,57,7,灈,1,1,0,正篆,卷.部首.頁：11上.水.227,灈說文‧水部,,是,glyphwiki,https://www.zdic.net/hans/灈/xiaozhuan,https://img.zdic.net/zy/xiaozhuan/27_7048.svg
848,57,8,灌,1,1,0,正篆,卷.部首.頁：11上.水.226,灌說文‧水部,,是,glyphwiki,https://www.zdic.net/hans/灌/xiaozhuan,https://img.zdic.net/zy/xiaozhuan/27_704C.svg
849,57,9,灶,2,1,1,或體+正篆,卷.部首.頁：7下.穴.152,灶說文‧穴部 | 灶說文或體,,是,glyphwiki,https://www.zdic.net/hans/灶/xiaozhuan,https://img.zdic.net/zy/xiaozhuan/27_E632.svg;https://img.zdic.net/zy/xiaozhuan/27_E633.svg
850,57,10,灸,1,1,0,正篆,卷.部首.頁：10上.火.209,灸說文‧火部,,是,glyphwiki,https://www.zdic.net/hans/灸/xiaozhuan,https://img.zdic.net/zy/xiaozhuan/27_7078.svg
851,57,11,灾,4,1,3,古文+或體+正篆+籀文,卷.部首.頁：10上.火.209,灾說文‧火部 | 灾說文或體 | 灾說文古文 | 灾說文籀文,,是,glyphwiki,https://www.zdic.net/hans/灾/xiaozhuan,https://img.zdic.net/zy/xiaozhuan/27_F108.svg;https://img.zdic.net/zy/xiaozhuan/27_F04F.svg;https://img.zdic.net/zy/xiaozhuan/27_E88C.svg;https://img.zdic.net/zy/xiaozhuan/27_707D.svg
852,57,12,炊,1,1,0,正篆,卷.部首.頁：10上.火.208,炊說文‧火部,,是,glyphwiki,https://www.zdic.net/hans/炊/xiaozhuan,https://img.zdic.net/zy/xiaozhuan/27_708A.svg
853,57,13,炙,2,1,1,正篆+籀文,卷.部首.頁：10下.炙.212,炙說文‧炙部 | 炙說文籀文,,是,glyphwiki,https://www.zdic.net/hans/炙/xiaozhuan,https://img.zdic.net/zy/xiaozhuan/27_7099.svg;https://img.zdic.net/zy/xiaozhuan/27_E8AC.svg
854,57,14,炭,1,1,0,正篆,卷.部首.頁：10上.火.208,炭說文‧火部,,是,glyphwiki,https://www.zdic.net/hans/炭/xiaozhuan,https://img.zdic.net/zy/xiaozhuan/27_70AD.svg
855,57,15,烙,1,1,0,正篆,卷.部首.頁：10上.火.210,烙說文‧火部,,是,bronze/glyphwiki,https://www.zdic.net/hans/烙/xiaozhuan,https://img.zdic.net/zy/xiaozhuan/27_70D9.svg
856,58,1,焆,1,1,0,正篆,卷.部首.頁：10上.火.209,焆說文‧火部,,是,glyphwiki,https://www.zdic.net/hans/焆/xiaozhuan,https://img.zdic.net/zy/xiaozhuan/27_7106.svg
857,58,2,焉,1,1,0,正篆,卷.部首.頁：4上.烏.82,焉說文‧烏部,,是,bamboo-silk/bronze/glyphwiki,https://www.zdic.net/hans/焉/xiaozhuan,https://img.zdic.net/zy/xiaozhuan/27_7109.svg
858,58,3,煴,1,1,0,正篆,卷.部首.頁：10上.火.209,煴說文‧火部,,是,glyphwiki,https://www.zdic.net/hans/煴/xiaozhuan,https://img.zdic.net/zy/xiaozhuan/27_7185.svg
859,58,4,熨,1,1,0,正篆,卷.部首.頁：10上.火.208,熨說文‧火部,,是,glyphwiki,https://www.zdic.net/hans/熨/xiaozhuan,https://img.zdic.net/zy/xiaozhuan/27_5C09.svg
860,58,5,熹,1,1,0,正篆,卷.部首.頁：10上.火.208,熹說文‧火部,,是,glyphwiki/oracle-bone,https://www.zdic.net/hans/熹/xiaozhuan,https://img.zdic.net/zy/xiaozhuan/27_71B9.svg
861,58,6,燋,1,1,0,正篆,卷.部首.頁：10上.火.208,燋說文‧火部,,是,glyphwiki,https://www.zdic.net/hans/燋/xiaozhuan,https://img.zdic.net/zy/xiaozhuan/27_71CB.svg
862,58,7,燎,1,1,0,正篆,卷.部首.頁：10上.火.209,燎說文‧火部,,是,glyphwiki,https://www.zdic.net/hans/燎/xiaozhuan,https://img.zdic.net/zy/xiaozhuan/27_71CE.svg
863,58,8,爚,1,1,0,正篆,卷.部首.頁：10上.火.208,爚說文‧火部,,是,glyphwiki,https://www.zdic.net/hans/爚/xiaozhuan,https://img.zdic.net/zy/xiaozhuan/27_721A.svg
864,58,9,爨,2,1,1,正篆+籀文,卷.部首.頁：3上.爨.60,爨說文‧爨部 | 爨說文籀文,,是,glyphwiki,https://www.zdic.net/hans/爨/xiaozhuan,https://img.zdic.net/zy/xiaozhuan/27_7228.svg;https://img.zdic.net/zy/xiaozhuan/27_E23F.svg
865,58,10,爬,1,1,0,正篆,卷.部首.頁：9上.勹.187,爬說文‧勹部,,是,bronze/glyphwiki,https://www.zdic.net/hans/爬/xiaozhuan,https://img.zdic.net/zy/xiaozhuan/27_530D.svg
866,58,11,牒,1,1,0,正篆,卷.部首.頁：7上.片.143,牒說文‧片部,,是,glyphwiki,https://www.zdic.net/hans/牒/xiaozhuan,https://img.zdic.net/zy/xiaozhuan/27_7252.svg
867,58,12,牖,1,1,0,正篆,卷.部首.頁：7上.片.143,牖說文‧片部,,是,glyphwiki,https://www.zdic.net/hans/牖/xiaozhuan,https://img.zdic.net/zy/xiaozhuan/27_7256.svg
868,58,13,犨,1,1,0,正篆,卷.部首.頁：2上.牛.29,犨說文‧牛部,,是,glyphwiki,https://www.zdic.net/hans/犨/xiaozhuan,https://img.zdic.net/zy/xiaozhuan/27_72A8.svg
869,58,14,状,1,1,0,正篆,卷.部首.頁：10上.犬.204,状說文‧犬部,,是,glyphwiki,https://www.zdic.net/hans/状/xiaozhuan,https://img.zdic.net/zy/xiaozhuan/27_72C0.svg
870,58,15,狃,1,1,0,正篆,卷.部首.頁：10上.犬.204,狃說文‧犬部,,是,bronze/glyphwiki,https://www.zdic.net/hans/狃/xiaozhuan,https://img.zdic.net/zy/xiaozhuan/27_72C3.svg
871,59,1,狡,1,1,0,正篆,卷.部首.頁：10上.犬.204,狡說文‧犬部,,是,glyphwiki,https://www.zdic.net/hans/狡/xiaozhuan,https://img.zdic.net/zy/xiaozhuan/27_72E1.svg
872,59,2,猛,1,1,0,正篆,卷.部首.頁：10上.犬.205,猛說文‧犬部,,是,glyphwiki,https://www.zdic.net/hans/猛/xiaozhuan,https://img.zdic.net/zy/xiaozhuan/27_731B.svg
873,59,3,猾,1,1,0,正篆,卷.部首.頁：11上.水.231,猾說文‧水部,,是,bronze/glyphwiki,https://www.zdic.net/hans/猾/xiaozhuan,https://img.zdic.net/zy/xiaozhuan/27_6ED1.svg
874,59,4,玟,1,1,0,正篆,卷.部首.頁：1上.玉.13,玟說文‧玉部,,是,bronze/glyphwiki,https://www.zdic.net/hans/玟/xiaozhuan,https://img.zdic.net/zy/xiaozhuan/27_739F.svg
875,59,5,玦,1,1,0,正篆,卷.部首.頁：1上.玉.11,玦說文‧玉部,,是,glyphwiki,https://www.zdic.net/hans/玦/xiaozhuan,https://img.zdic.net/zy/xiaozhuan/27_73A6.svg
876,59,6,玩,2,1,1,或體+正篆,卷.部首.頁：1上.玉.12,玩說文‧玉部 | 玩說文或體,,是,glyphwiki,https://www.zdic.net/hans/玩/xiaozhuan,https://img.zdic.net/zy/xiaozhuan/27_73A9.svg;https://img.zdic.net/zy/xiaozhuan/27_E028.svg
877,59,7,珉,1,1,0,正篆,卷.部首.頁：1上.玉.13,珉說文‧玉部,,是,bronze/glyphwiki,https://www.zdic.net/hans/珉/xiaozhuan,https://img.zdic.net/zy/xiaozhuan/27_E03F.svg
878,59,8,珠,1,1,0,正篆,卷.部首.頁：1上.玉.13,珠說文‧玉部,,是,glyphwiki,https://www.zdic.net/hans/珠/xiaozhuan,https://img.zdic.net/zy/xiaozhuan/27_73E0.svg
879,59,9,珥,1,1,0,正篆,卷.部首.頁：1上.玉.11,珥說文‧玉部,,是,glyphwiki,https://www.zdic.net/hans/珥/xiaozhuan,https://img.zdic.net/zy/xiaozhuan/27_73E5.svg
880,59,10,珽,1,1,0,正篆,卷.部首.頁：1上.玉.11,珽說文‧玉部,,是,glyphwiki,https://www.zdic.net/hans/珽/xiaozhuan,https://img.zdic.net/zy/xiaozhuan/27_73FD.svg
881,59,11,理,1,1,0,正篆,卷.部首.頁：1上.玉.12,理說文‧玉部,,是,bronze/glyphwiki,https://www.zdic.net/hans/理/xiaozhuan,https://img.zdic.net/zy/xiaozhuan/27_7406.svg
882,59,12,琇,1,1,0,正篆,卷.部首.頁：7上.禾.144,琇說文‧禾部,,是,glyphwiki,https://www.zdic.net/hans/琇/xiaozhuan,https://img.zdic.net/zy/xiaozhuan/27_79C0.svg
883,59,13,琥,1,1,0,正篆,卷.部首.頁：1上.玉.11,琥說文‧玉部,,是,glyphwiki,https://www.zdic.net/hans/琥/xiaozhuan,https://img.zdic.net/zy/xiaozhuan/27_7425.svg
884,59,14,琯,2,1,1,或體+正篆,卷.部首.頁：5上.竹.98,琯說文‧竹部 | 琯說文或體,,是,glyphwiki,https://www.zdic.net/hans/琯/xiaozhuan,https://img.zdic.net/zy/xiaozhuan/27_7BA1.svg;https://img.zdic.net/zy/xiaozhuan/27_742F.svg
885,59,15,琰,1,1,0,正篆,卷.部首.頁：1上.玉.11,琰說文‧玉部,,是,glyphwiki,https://www.zdic.net/hans/琰/xiaozhuan,https://img.zdic.net/zy/xiaozhuan/27_7430.svg
886,60,1,瑗,1,1,0,正篆,卷.部首.頁：1上.玉.11,瑗說文‧玉部,,是,glyphwiki,https://www.zdic.net/hans/瑗/xiaozhuan,https://img.zdic.net/zy/xiaozhuan/27_7457.svg
887,60,2,瑱,2,1,1,或體+正篆,卷.部首.頁：1上.玉.11,瑱說文‧玉部 | 瑱說文或體,,是,glyphwiki,https://www.zdic.net/hans/瑱/xiaozhuan,https://img.zdic.net/zy/xiaozhuan/27_7471.svg;https://img.zdic.net/zy/xiaozhuan/27_E021.svg
888,60,3,瑶,1,1,0,正篆,卷.部首.頁：1上.玉.13,瑶說文‧玉部,,是,glyphwiki,https://www.zdic.net/hans/瑶/xiaozhuan,https://img.zdic.net/zy/xiaozhuan/27_7464.svg
889,60,4,瑾,1,1,0,正篆,卷.部首.頁：1上.玉.10,瑾說文‧玉部,,是,bronze/glyphwiki,https://www.zdic.net/hans/瑾/xiaozhuan,https://img.zdic.net/zy/xiaozhuan/27_747E.svg
890,60,5,璇,2,1,1,古文+正篆,卷.部首.頁：1上.玉.10、4下.𣦼.85,璇說文‧玉部 | 璇說文古文,璇說文籀文,是,glyphwiki,https://www.zdic.net/hans/璇/xiaozhuan,https://img.zdic.net/zy/xiaozhuan/27_74BF.svg;https://img.zdic.net/zy/xiaozhuan/27_E01E.svg
891,60,6,璠,1,1,0,正篆,卷.部首.頁：1上.玉.10,璠說文‧玉部,,是,glyphwiki,https://www.zdic.net/hans/璠/xiaozhuan,https://img.zdic.net/zy/xiaozhuan/27_74A0.svg
892,60,7,瓒,1,1,0,正篆,卷.部首.頁：1上.玉.10,瓒說文‧玉部,,是,bronze/glyphwiki,https://www.zdic.net/hans/瓒/xiaozhuan,https://img.zdic.net/zy/xiaozhuan/27_74DA.svg
893,60,8,瓘,1,1,0,正篆,卷.部首.頁：1上.玉.10,瓘說文‧玉部,,是,glyphwiki,https://www.zdic.net/hans/瓘/xiaozhuan,https://img.zdic.net/zy/xiaozhuan/27_74D8.svg
894,60,9,畴,2,1,1,或體+正篆,卷.部首.頁：13下.田.290,畴說文‧田部 | 畴說文或體,,是,glyphwiki/oracle-bone,https://www.zdic.net/hans/畴/xiaozhuan,https://img.zdic.net/zy/xiaozhuan/27_7587.svg;https://img.zdic.net/zy/xiaozhuan/27_F385.svg
895,60,10,畸,1,1,0,正篆,卷.部首.頁：13下.田.290,畸說文‧田部,,是,glyphwiki,https://www.zdic.net/hans/畸/xiaozhuan,https://img.zdic.net/zy/xiaozhuan/27_7578.svg
896,60,11,疏,1,1,0,正篆,卷.部首.頁：14下.𠫓.310,疏說文‧𠫓部,,是,glyphwiki,https://www.zdic.net/hans/疏/xiaozhuan,https://img.zdic.net/zy/xiaozhuan/27_758F.svg
897,60,12,疟,1,1,0,正篆,卷.部首.頁：7下.疒.155,疟說文‧疒部,,是,glyphwiki,https://www.zdic.net/hans/疟/xiaozhuan,https://img.zdic.net/zy/xiaozhuan/27_7627.svg
898,60,13,疢,1,1,0,正篆,卷.部首.頁：7下.疒.155,疢說文‧疒部,,是,glyphwiki,https://www.zdic.net/hans/疢/xiaozhuan,https://img.zdic.net/zy/xiaozhuan/27_75A2.svg
899,60,14,疴,1,1,0,正篆,卷.部首.頁：7下.疒.154,疴說文‧疒部,,是,glyphwiki,https://www.zdic.net/hans/疴/xiaozhuan,https://img.zdic.net/zy/xiaozhuan/27_E643.svg
900,60,15,病,1,1,0,正篆,卷.部首.頁：7下.疒.154,病說文‧疒部,,是,glyphwiki,https://www.zdic.net/hans/病/xiaozhuan,https://img.zdic.net/zy/xiaozhuan/27_75C5.svg
901,61,1,痊,3,1,2,古文+或體+正篆,卷.部首.頁：5下.入.109,痊說文‧入部 | 痊說文或體 | 痊說文古文,,是,glyphwiki,https://www.zdic.net/hans/痊/xiaozhuan,https://img.zdic.net/zy/xiaozhuan/27_4EDD.svg;https://img.zdic.net/zy/xiaozhuan/27_5168.svg;https://img.zdic.net/zy/xiaozhuan/27_E491.svg
902,61,2,痒,1,1,0,正篆,卷.部首.頁：7下.疒.154,痒說文‧疒部,,是,glyphwiki,https://www.zdic.net/hans/痒/xiaozhuan,https://img.zdic.net/zy/xiaozhuan/27_75D2.svg
903,61,3,痛,1,1,0,正篆,卷.部首.頁：7下.疒.154,痛說文‧疒部,,是,glyphwiki,https://www.zdic.net/hans/痛/xiaozhuan,https://img.zdic.net/zy/xiaozhuan/27_75DB.svg
904,61,4,痤,1,1,0,正篆,卷.部首.頁：7下.疒.155,痤說文‧疒部,,是,glyphwiki,https://www.zdic.net/hans/痤/xiaozhuan,https://img.zdic.net/zy/xiaozhuan/27_75E4.svg
905,61,5,痴,1,1,0,正篆,卷.部首.頁：7下.疒.156,痴說文‧疒部,,是,glyphwiki,https://www.zdic.net/hans/痴/xiaozhuan,https://img.zdic.net/zy/xiaozhuan/27_7661.svg
906,61,6,瘢,1,1,0,正篆,卷.部首.頁：7下.疒.155,瘢說文‧疒部,,是,glyphwiki,https://www.zdic.net/hans/瘢/xiaozhuan,https://img.zdic.net/zy/xiaozhuan/27_7622.svg
907,61,7,皓,1,1,0,正篆,卷.部首.頁：7上.日.138,皓說文‧日部,,是,glyphwiki,https://www.zdic.net/hans/皓/xiaozhuan,https://img.zdic.net/zy/xiaozhuan/27_E599.svg
908,61,8,皦,1,1,0,正篆,卷.部首.頁：7下.白.161,皦說文‧白部,,是,glyphwiki,https://www.zdic.net/hans/皦/xiaozhuan,https://img.zdic.net/zy/xiaozhuan/27_76A6.svg
909,61,9,盈,1,1,0,正篆,卷.部首.頁：5上.皿.104,盈說文‧皿部,,是,glyphwiki,https://www.zdic.net/hans/盈/xiaozhuan,https://img.zdic.net/zy/xiaozhuan/27_76C8.svg
910,61,10,盎,2,1,1,或體+正篆,卷.部首.頁：5上.皿.104,盎說文‧皿部 | 盎說文或體,,是,glyphwiki,https://www.zdic.net/hans/盎/xiaozhuan,https://img.zdic.net/zy/xiaozhuan/27_76CE.svg;https://img.zdic.net/zy/xiaozhuan/27_E451.svg
911,61,11,盥,1,1,0,正篆,卷.部首.頁：5上.皿.104,盥說文‧皿部,,是,bronze/glyphwiki/oracle-bone,https://www.zdic.net/hans/盥/xiaozhuan,https://img.zdic.net/zy/xiaozhuan/27_76E5.svg
912,61,12,盱,1,1,0,正篆,卷.部首.頁：4上.目.71,盱說文‧目部,,是,bronze/glyphwiki,https://www.zdic.net/hans/盱/xiaozhuan,https://img.zdic.net/zy/xiaozhuan/27_76F1.svg
913,61,13,眸,1,1,0,正篆,卷.部首.頁：4上.目.73,眸說文‧目部,,是,bronze/glyphwiki,https://www.zdic.net/hans/眸/xiaozhuan,https://img.zdic.net/zy/xiaozhuan/27_7738.svg
914,61,14,睹,2,1,1,古文+正篆,卷.部首.頁：4上.目.72,睹說文‧目部 | 睹說文古文,,是,glyphwiki,https://www.zdic.net/hans/睹/xiaozhuan,https://img.zdic.net/zy/xiaozhuan/27_7779.svg;https://img.zdic.net/zy/xiaozhuan/27_E2F1.svg
915,61,15,睽,1,1,0,正篆,卷.部首.頁：4上.目.72,睽說文‧目部,,是,bronze/glyphwiki,https://www.zdic.net/hans/睽/xiaozhuan,https://img.zdic.net/zy/xiaozhuan/27_777D.svg
916,62,1,瞽,1,1,0,正篆,卷.部首.頁：4上.目.73,瞽說文‧目部,,是,glyphwiki,https://www.zdic.net/hans/瞽/xiaozhuan,https://img.zdic.net/zy/xiaozhuan/27_77BD.svg
917,62,2,短,1,1,0,正篆,卷.部首.頁：5下.矢.110,短說文‧矢部,,是,glyphwiki,https://www.zdic.net/hans/短/xiaozhuan,https://img.zdic.net/zy/xiaozhuan/27_77ED.svg
918,62,3,砫,1,1,0,正篆,卷.部首.頁：6上.木.120,砫說文‧木部,,是,glyphwiki,https://www.zdic.net/hans/砫/xiaozhuan,https://img.zdic.net/zy/xiaozhuan/27_67F1.svg
919,62,4,硪,1,1,0,正篆,卷.部首.頁：9下.石.195,硪說文‧石部,,是,glyphwiki/oracle-bone,https://www.zdic.net/hans/硪/xiaozhuan,https://img.zdic.net/zy/xiaozhuan/27_786A.svg
920,62,5,碉,2,1,1,正篆+籀文,卷.部首.頁：4上.隹.76,碉說文‧隹部 | 碉說文籀文,,是,bronze/glyphwiki,https://www.zdic.net/hans/碉/xiaozhuan,https://img.zdic.net/zy/xiaozhuan/27_96D5.svg;https://img.zdic.net/zy/xiaozhuan/27_9D70.svg
921,62,6,碏,1,1,0,正篆,卷.部首.頁：9下.石.196,碏說文‧石部,,是,glyphwiki,https://www.zdic.net/hans/碏/xiaozhuan,https://img.zdic.net/zy/xiaozhuan/27_788F.svg
922,62,7,碟,1,1,0,正篆,卷.部首.頁：7上.晶.141,碟說文‧晶部,,是,bronze/glyphwiki,https://www.zdic.net/hans/碟/xiaozhuan,https://img.zdic.net/zy/xiaozhuan/27_758A.svg
923,62,8,祁,1,1,0,正篆,卷.部首.頁：6下.邑.133,祁說文‧邑部,,是,bronze/glyphwiki,https://www.zdic.net/hans/祁/xiaozhuan,https://img.zdic.net/zy/xiaozhuan/27_7941.svg
924,62,9,祇,1,1,0,正篆,卷.部首.頁：1上.示.8,祇說文‧示部,,是,glyphwiki,https://www.zdic.net/hans/祇/xiaozhuan,https://img.zdic.net/zy/xiaozhuan/27_7947.svg
925,62,10,祓,1,1,0,正篆,卷.部首.頁：1上.示.8,祓說文‧示部,,是,glyphwiki,https://www.zdic.net/hans/祓/xiaozhuan,https://img.zdic.net/zy/xiaozhuan/27_7953.svg
926,62,11,祕,1,1,0,正篆,卷.部首.頁：1上.示.8,祕說文‧示部,,是,glyphwiki,https://www.zdic.net/hans/祕/xiaozhuan,https://img.zdic.net/zy/xiaozhuan/27_7955.svg
927,62,12,祥,1,1,0,正篆,卷.部首.頁：1上.示.7,祥說文‧示部,,是,bronze/glyphwiki/oracle-bone,https://www.zdic.net/hans/祥/xiaozhuan,https://img.zdic.net/zy/xiaozhuan/27_7965.svg
928,62,13,祷,3,1,2,或體+正篆+籀文,卷.部首.頁：1上.示.8,祷說文‧示部 | 祷說文或體 | 祷說文籀文,,是,glyphwiki,https://www.zdic.net/hans/祷/xiaozhuan,https://img.zdic.net/zy/xiaozhuan/27_79B1.svg;https://img.zdic.net/zy/xiaozhuan/27_E00E.svg;https://img.zdic.net/zy/xiaozhuan/27_F118.svg
929,62,14,禁,1,1,0,正篆,卷.部首.頁：1上.示.9,禁說文‧示部,,是,glyphwiki,https://www.zdic.net/hans/禁/xiaozhuan,https://img.zdic.net/zy/xiaozhuan/27_7981.svg
930,62,15,租,1,1,0,正篆,卷.部首.頁：7上.禾.146,租說文‧禾部,,是,glyphwiki,https://www.zdic.net/hans/租/xiaozhuan,https://img.zdic.net/zy/xiaozhuan/27_79DF.svg
931,63,1,秤,1,1,0,正篆,卷.部首.頁：7上.禾.146,秤說文‧禾部,,是,glyphwiki,https://www.zdic.net/hans/秤/xiaozhuan,https://img.zdic.net/zy/xiaozhuan/27_7A31.svg
932,63,2,秩,1,1,0,正篆,卷.部首.頁：7上.禾.145,秩說文‧禾部,,是,glyphwiki,https://www.zdic.net/hans/秩/xiaozhuan,https://img.zdic.net/zy/xiaozhuan/27_79E9.svg
933,63,3,稀,1,1,0,正篆,卷.部首.頁：7上.禾.144,稀說文‧禾部,,是,glyphwiki,https://www.zdic.net/hans/稀/xiaozhuan,https://img.zdic.net/zy/xiaozhuan/27_7A00.svg
934,63,4,稙,1,1,0,正篆,卷.部首.頁：7上.禾.144,稙說文‧禾部,,是,glyphwiki,https://www.zdic.net/hans/稙/xiaozhuan,https://img.zdic.net/zy/xiaozhuan/27_7A19.svg
935,63,5,稠,1,1,0,正篆,卷.部首.頁：7上.禾.144,稠說文‧禾部,,是,glyphwiki/oracle-bone,https://www.zdic.net/hans/稠/xiaozhuan,https://img.zdic.net/zy/xiaozhuan/27_7A20.svg
936,63,6,稣,1,1,0,正篆,卷.部首.頁：7上.禾.146,稣說文‧禾部,,是,bronze/glyphwiki,https://www.zdic.net/hans/稣/xiaozhuan,https://img.zdic.net/zy/xiaozhuan/27_7A4C.svg
937,63,7,穷,1,1,0,正篆,卷.部首.頁：7下.穴.153,穷說文‧穴部,,是,glyphwiki,https://www.zdic.net/hans/穷/xiaozhuan,https://img.zdic.net/zy/xiaozhuan/27_7AAE.svg
938,63,8,穿,1,1,0,正篆,卷.部首.頁：7下.穴.152,穿說文‧穴部,,是,glyphwiki,https://www.zdic.net/hans/穿/xiaozhuan,https://img.zdic.net/zy/xiaozhuan/27_7A7F.svg
939,63,9,窄,1,1,0,正篆,卷.部首.頁：6上.木.116,窄說文‧木部,,是,bronze/glyphwiki,https://www.zdic.net/hans/窄/xiaozhuan,https://img.zdic.net/zy/xiaozhuan/27_67DE.svg
940,63,10,窅,1,1,0,正篆,卷.部首.頁：4上.目.71,窅說文‧目部,,是,glyphwiki,https://www.zdic.net/hans/窅/xiaozhuan,https://img.zdic.net/zy/xiaozhuan/27_7A85.svg
941,63,11,窊,1,1,0,正篆,卷.部首.頁：7下.穴.152,窊說文‧穴部,,是,glyphwiki,https://www.zdic.net/hans/窊/xiaozhuan,https://img.zdic.net/zy/xiaozhuan/27_7A8A.svg
942,63,12,窎,1,1,0,正篆,卷.部首.頁：7下.穴.152,窎說文‧穴部,,是,bronze/glyphwiki,https://www.zdic.net/hans/窎/xiaozhuan,https://img.zdic.net/zy/xiaozhuan/27_7AB5.svg
943,63,13,窒,1,1,0,正篆,卷.部首.頁：7下.穴.153,窒說文‧穴部,,是,glyphwiki,https://www.zdic.net/hans/窒/xiaozhuan,https://img.zdic.net/zy/xiaozhuan/27_7A92.svg
944,63,14,竫,1,1,0,正篆,卷.部首.頁：10下.立.216,竫說文‧立部,,是,glyphwiki,https://www.zdic.net/hans/竫/xiaozhuan,https://img.zdic.net/zy/xiaozhuan/27_7AEB.svg
945,63,15,竿,1,1,0,正篆,卷.部首.頁：5上.竹.97,竿說文‧竹部,,是,glyphwiki,https://www.zdic.net/hans/竿/xiaozhuan,https://img.zdic.net/zy/xiaozhuan/27_7AFF.svg
946,64,1,笆,1,1,0,正篆,卷.部首.頁：14下.巴.309,笆說文‧巴部,,是,glyphwiki,https://www.zdic.net/hans/笆/xiaozhuan,https://img.zdic.net/zy/xiaozhuan/27_5DF4.svg
947,64,2,笙,1,1,0,正篆,卷.部首.頁：5上.竹.98,笙說文‧竹部,,是,glyphwiki,https://www.zdic.net/hans/笙/xiaozhuan,https://img.zdic.net/zy/xiaozhuan/27_7B19.svg
948,64,3,笥,1,1,0,正篆,卷.部首.頁：5上.竹.96,笥說文‧竹部,,是,glyphwiki,https://www.zdic.net/hans/笥/xiaozhuan,https://img.zdic.net/zy/xiaozhuan/27_7B25.svg
949,64,4,笪,1,1,0,正篆,卷.部首.頁：5上.竹.98,笪說文‧竹部,,是,glyphwiki,https://www.zdic.net/hans/笪/xiaozhuan,https://img.zdic.net/zy/xiaozhuan/27_7B2A.svg
950,64,5,筀,1,1,0,正篆,卷.部首.頁：6上.木.115,筀說文‧木部,,是,glyphwiki,https://www.zdic.net/hans/筀/xiaozhuan,https://img.zdic.net/zy/xiaozhuan/27_6842.svg
951,64,6,等,1,1,0,正篆,卷.部首.頁：5上.竹.95,等說文‧竹部,,是,glyphwiki,https://www.zdic.net/hans/等/xiaozhuan,https://img.zdic.net/zy/xiaozhuan/27_7B49.svg
952,64,7,箫,1,1,0,正篆,卷.部首.頁：5上.竹.98,箫說文‧竹部,,是,bronze/glyphwiki,https://www.zdic.net/hans/箫/xiaozhuan,https://img.zdic.net/zy/xiaozhuan/27_7C2B.svg
953,64,8,箴,1,1,0,正篆,卷.部首.頁：5上.竹.98,箴說文‧竹部,,是,glyphwiki,https://www.zdic.net/hans/箴/xiaozhuan,https://img.zdic.net/zy/xiaozhuan/27_7BB4.svg
954,64,9,篁,1,1,0,正篆,卷.部首.頁：5上.竹.95,篁說文‧竹部,,是,glyphwiki,https://www.zdic.net/hans/篁/xiaozhuan,https://img.zdic.net/zy/xiaozhuan/27_7BC1.svg
955,64,10,篚,1,1,0,正篆,卷.部首.頁：5上.竹.97,篚說文‧竹部,,是,bronze/glyphwiki,https://www.zdic.net/hans/篚/xiaozhuan,https://img.zdic.net/zy/xiaozhuan/27_7BDA.svg
956,64,11,篡,1,1,0,正篆,卷.部首.頁：9上.厶.189,篡說文‧厶部,,是,glyphwiki,https://www.zdic.net/hans/篡/xiaozhuan,https://img.zdic.net/zy/xiaozhuan/27_7BE1.svg
957,64,12,簋,4,1,3,古文+正篆,卷.部首.頁：5上.竹.97,簋說文‧竹部 | 簋說文古文 | 簋說文古文 | 簋說文古文,,是,bronze/glyphwiki,https://www.zdic.net/hans/簋/xiaozhuan,https://img.zdic.net/zy/xiaozhuan/27_7C0B.svg;https://img.zdic.net/zy/xiaozhuan/27_E3FE.svg;https://img.zdic.net/zy/xiaozhuan/27_532D.svg;https://img.zdic.net/zy/xiaozhuan/27_6739.svg
958,64,13,簧,1,1,0,正篆,卷.部首.頁：5上.竹.98,簧說文‧竹部,,是,bronze/glyphwiki,https://www.zdic.net/hans/簧/xiaozhuan,https://img.zdic.net/zy/xiaozhuan/27_7C27.svg
959,64,14,粟,2,1,1,正篆+籀文,卷.部首.頁：7上.𠧪.143,粟說文‧𠧪部 | 粟說文籀文,,是,glyphwiki,https://www.zdic.net/hans/粟/xiaozhuan,https://img.zdic.net/zy/xiaozhuan/27_7C9F.svg;https://img.zdic.net/zy/xiaozhuan/27_E5C5.svg
960,64,15,糒,1,1,0,正篆,卷.部首.頁：7上.米.147,糒說文‧米部,,是,glyphwiki,https://www.zdic.net/hans/糒/xiaozhuan,https://img.zdic.net/zy/xiaozhuan/27_7CD2.svg
961,65,1,絮,1,1,0,正篆,卷.部首.頁：13上.糸.276,絮說文‧糸部,,是,glyphwiki,https://www.zdic.net/hans/絮/xiaozhuan,https://img.zdic.net/zy/xiaozhuan/27_7D6E.svg
962,65,2,纣,1,1,0,正篆,卷.部首.頁：13上.糸.276,纣說文‧糸部,,是,glyphwiki,https://www.zdic.net/hans/纣/xiaozhuan,https://img.zdic.net/zy/xiaozhuan/27_7D02.svg
963,65,3,纬,1,1,0,正篆,卷.部首.頁：13上.糸.271,纬說文‧糸部,,是,glyphwiki,https://www.zdic.net/hans/纬/xiaozhuan,https://img.zdic.net/zy/xiaozhuan/27_7DEF.svg
964,65,4,纵,1,1,0,正篆,卷.部首.頁：13上.糸.272,纵說文‧糸部,,是,glyphwiki,https://www.zdic.net/hans/纵/xiaozhuan,https://img.zdic.net/zy/xiaozhuan/27_7E31.svg
965,65,5,纺,1,1,0,正篆,卷.部首.頁：13上.糸.271,纺說文‧糸部,,是,glyphwiki,https://www.zdic.net/hans/纺/xiaozhuan,https://img.zdic.net/zy/xiaozhuan/27_7D21.svg
966,65,6,线,2,1,1,古文+正篆,卷.部首.頁：13上.糸.275,线說文‧糸部 | 线說文古文,,是,glyphwiki,https://www.zdic.net/hans/线/xiaozhuan,https://img.zdic.net/zy/xiaozhuan/27_EAD8.svg;https://img.zdic.net/zy/xiaozhuan/27_7DDA.svg
967,65,7,绌,1,1,0,正篆,卷.部首.頁：13上.糸.273,绌說文‧糸部,,是,glyphwiki,https://www.zdic.net/hans/绌/xiaozhuan,https://img.zdic.net/zy/xiaozhuan/27_7D40.svg
968,65,8,绎,1,1,0,正篆,卷.部首.頁：13上.糸.271,绎說文‧糸部,,是,glyphwiki,https://www.zdic.net/hans/绎/xiaozhuan,https://img.zdic.net/zy/xiaozhuan/27_7E79.svg
969,65,9,结,1,1,0,正篆,卷.部首.頁：13上.糸.272,结說文‧糸部,,是,glyphwiki,https://www.zdic.net/hans/结/xiaozhuan,https://img.zdic.net/zy/xiaozhuan/27_7D50.svg
970,65,10,绢,1,1,0,正篆,卷.部首.頁：13上.糸.273,绢說文‧糸部,,是,glyphwiki,https://www.zdic.net/hans/绢/xiaozhuan,https://img.zdic.net/zy/xiaozhuan/27_7D79.svg
971,65,11,绦,1,1,0,正篆,卷.部首.頁：13上.糸.275,绦說文‧糸部,,是,glyphwiki,https://www.zdic.net/hans/绦/xiaozhuan,https://img.zdic.net/zy/xiaozhuan/27_7D5B.svg
972,65,12,绪,1,1,0,正篆,卷.部首.頁：13上.糸.271,绪說文‧糸部,,是,glyphwiki,https://www.zdic.net/hans/绪/xiaozhuan,https://img.zdic.net/zy/xiaozhuan/27_7DD2.svg
973,65,13,绰,2,1,1,或體+正篆,卷.部首.頁：13上.素.278,绰說文‧素部 | 绰說文或體,,是,bronze/glyphwiki,https://www.zdic.net/hans/绰/xiaozhuan,https://img.zdic.net/zy/xiaozhuan/27_EAFD.svg;https://img.zdic.net/zy/xiaozhuan/27_7DBD.svg
974,65,14,绲,1,1,0,正篆,卷.部首.頁：13上.糸.274,绲說文‧糸部,,是,glyphwiki,https://www.zdic.net/hans/绲/xiaozhuan,https://img.zdic.net/zy/xiaozhuan/27_7DC4.svg
975,65,15,绸,1,1,0,正篆,卷.部首.頁：13上.糸.277,绸說文‧糸部,,是,glyphwiki,https://www.zdic.net/hans/绸/xiaozhuan,https://img.zdic.net/zy/xiaozhuan/27_7DA2.svg
976,66,1,缇,2,1,1,或體+正篆,卷.部首.頁：13上.糸.274,缇說文‧糸部 | 缇說文或體,,是,glyphwiki,https://www.zdic.net/hans/缇/xiaozhuan,https://img.zdic.net/zy/xiaozhuan/27_7DF9.svg;https://img.zdic.net/zy/xiaozhuan/27_8879.svg
977,66,2,缓,2,1,1,或體+正篆,卷.部首.頁：13上.素.278,缓說文‧素部 | 缓說文或體,,是,glyphwiki,https://www.zdic.net/hans/缓/xiaozhuan,https://img.zdic.net/zy/xiaozhuan/27_EAFE.svg;https://img.zdic.net/zy/xiaozhuan/27_7DE9.svg
978,66,3,缙,1,1,0,正篆,卷.部首.頁：13上.糸.273,缙說文‧糸部,,是,glyphwiki,https://www.zdic.net/hans/缙/xiaozhuan,https://img.zdic.net/zy/xiaozhuan/27_7E09.svg
979,66,4,缚,1,1,0,正篆,卷.部首.頁：13上.糸.272,缚說文‧糸部,,是,glyphwiki,https://www.zdic.net/hans/缚/xiaozhuan,https://img.zdic.net/zy/xiaozhuan/27_7E1B.svg
980,66,5,缠,1,1,0,正篆,卷.部首.頁：13上.糸.272,缠說文‧糸部,,是,glyphwiki,https://www.zdic.net/hans/缠/xiaozhuan,https://img.zdic.net/zy/xiaozhuan/27_7E8F.svg
981,66,6,缦,1,1,0,正篆,卷.部首.頁：13上.糸.273,缦說文‧糸部,,是,glyphwiki,https://www.zdic.net/hans/缦/xiaozhuan,https://img.zdic.net/zy/xiaozhuan/27_7E35.svg
982,66,7,缨,1,1,0,正篆,卷.部首.頁：13上.糸.274,缨說文‧糸部,,是,glyphwiki,https://www.zdic.net/hans/缨/xiaozhuan,https://img.zdic.net/zy/xiaozhuan/27_7E93.svg
983,66,8,缰,1,1,0,正篆,卷.部首.頁：13上.糸.276,缰說文‧糸部,,是,glyphwiki,https://www.zdic.net/hans/缰/xiaozhuan,https://img.zdic.net/zy/xiaozhuan/27_EAE4.svg
984,66,9,罍,4,1,3,或體+正篆+籀文,卷.部首.頁：6上.木.122,罍說文‧木部 | 罍說文或體 | 罍說文或體 | 罍說文籀文,,是,bronze/glyphwiki,https://www.zdic.net/hans/罍/xiaozhuan,https://img.zdic.net/zy/xiaozhuan/27_6AD1.svg;https://img.zdic.net/zy/xiaozhuan/27_7F4D.svg;https://img.zdic.net/zy/xiaozhuan/27_E514.svg;https://img.zdic.net/zy/xiaozhuan/27_E515.svg
985,66,10,罪,1,1,0,正篆,卷.部首.頁：7下.网.157,罪說文‧网部,,是,glyphwiki,https://www.zdic.net/hans/罪/xiaozhuan,https://img.zdic.net/zy/xiaozhuan/27_7F6A.svg
986,66,11,署,1,1,0,正篆,卷.部首.頁：7下.网.158,署說文‧网部,,是,glyphwiki,https://www.zdic.net/hans/署/xiaozhuan,https://img.zdic.net/zy/xiaozhuan/27_7F72.svg
987,66,12,罽,1,1,0,正篆,卷.部首.頁：7下.网.157,罽說文‧网部,,是,glyphwiki,https://www.zdic.net/hans/罽/xiaozhuan,https://img.zdic.net/zy/xiaozhuan/27_7F7D.svg
988,66,13,美,1,1,0,正篆,卷.部首.頁：4上.羊.78,美說文‧羊部,,是,bronze/glyphwiki/oracle-bone,https://www.zdic.net/hans/美/xiaozhuan,https://img.zdic.net/zy/xiaozhuan/27_7F8E.svg
989,66,14,羑,1,1,0,正篆,卷.部首.頁：4上.羊.78、9上.厶.189,羑說文‧羊部,,是,glyphwiki,https://www.zdic.net/hans/羑/xiaozhuan,https://img.zdic.net/zy/xiaozhuan/27_7F91.svg
990,66,15,羹,4,1,3,或體+正篆,卷.部首.頁：3下.䰜.62,羹說文‧䰜部 | 羹說文或體 | 羹說文或體 | 羹說文或體,,是,glyphwiki,https://www.zdic.net/hans/羹/xiaozhuan,https://img.zdic.net/zy/xiaozhuan/27_F0D8.svg;https://img.zdic.net/zy/xiaozhuan/27_E276.svg;https://img.zdic.net/zy/xiaozhuan/27_E277.svg;https://img.zdic.net/zy/xiaozhuan/27_7FB9.svg
991,67,1,羿,1,1,0,正篆,卷.部首.頁：4上.羽.75,羿說文‧羽部,,是,bronze/glyphwiki,https://www.zdic.net/hans/羿/xiaozhuan,https://img.zdic.net/zy/xiaozhuan/27_7FBF.svg
992,67,2,翦,1,1,0,正篆,卷.部首.頁：4上.羽.75,翦說文‧羽部,,是,glyphwiki,https://www.zdic.net/hans/翦/xiaozhuan,https://img.zdic.net/zy/xiaozhuan/27_7FE6.svg
993,67,3,耏,2,1,1,或體+正篆,卷.部首.頁：9下.而.196,耏說文‧而部 | 耏說文或體,,是,glyphwiki,https://www.zdic.net/hans/耏/xiaozhuan,https://img.zdic.net/zy/xiaozhuan/27_800F.svg;https://img.zdic.net/zy/xiaozhuan/27_8010.svg
994,67,4,耐,2,1,1,或體+正篆,卷.部首.頁：9下.而.196,耐說文‧而部 | 耐說文或體,,是,glyphwiki,https://www.zdic.net/hans/耐/xiaozhuan,https://img.zdic.net/zy/xiaozhuan/27_800F.svg;https://img.zdic.net/zy/xiaozhuan/27_8010.svg
995,67,5,耦,1,1,0,正篆,卷.部首.頁：4下.耒.93,耦說文‧耒部,,是,glyphwiki,https://www.zdic.net/hans/耦/xiaozhuan,https://img.zdic.net/zy/xiaozhuan/27_8026.svg
996,67,6,耿,1,1,0,正篆,卷.部首.頁：12上.耳.249,耿說文‧耳部,,是,bronze/glyphwiki,https://www.zdic.net/hans/耿/xiaozhuan,https://img.zdic.net/zy/xiaozhuan/27_803F.svg
997,67,7,聘,1,1,0,正篆,卷.部首.頁：12上.耳.250,聘說文‧耳部,,是,bronze/glyphwiki,https://www.zdic.net/hans/聘/xiaozhuan,https://img.zdic.net/zy/xiaozhuan/27_8058.svg
998,67,8,聪,1,1,0,正篆,卷.部首.頁：12上.耳.250,聪說文‧耳部,,是,glyphwiki,https://www.zdic.net/hans/聪/xiaozhuan,https://img.zdic.net/zy/xiaozhuan/27_8070.svg
999,67,9,肄,3,1,2,正篆+篆文+籀文,卷.部首.頁：3下.𦘒.65、9下.長.196,肄說文‧𦘒部 | 肄說文籀文 | 肄說文篆文,,是,bronze/glyphwiki,https://www.zdic.net/hans/肄/xiaozhuan,https://img.zdic.net/zy/xiaozhuan/27_EDBD.svg;https://img.zdic.net/zy/xiaozhuan/27_E29B.svg;https://img.zdic.net/zy/xiaozhuan/27_8084.svg
1000,67,10,肠,1,1,0,正篆,卷.部首.頁：4下.肉.87,肠說文‧肉部,,是,glyphwiki,https://www.zdic.net/hans/肠/xiaozhuan,https://img.zdic.net/zy/xiaozhuan/27_8178.svg
1001,67,11,肥,1,1,0,正篆,卷.部首.頁：4下.肉.90,肥說文‧肉部,,是,glyphwiki,https://www.zdic.net/hans/肥/xiaozhuan,https://img.zdic.net/zy/xiaozhuan/27_80A5.svg
1002,67,12,肴,1,1,0,正篆,卷.部首.頁：4下.肉.89,肴說文‧肉部,,是,glyphwiki,https://www.zdic.net/hans/肴/xiaozhuan,https://img.zdic.net/zy/xiaozhuan/27_80B4.svg
1003,67,13,肸,1,1,0,正篆,卷.部首.頁：3上.十.50,肸說文‧十部,,是,glyphwiki,https://www.zdic.net/hans/肸/xiaozhuan,https://img.zdic.net/zy/xiaozhuan/27_80B8.svg
1004,67,14,肾,1,1,0,正篆,卷.部首.頁：4下.肉.87,肾說文‧肉部,,是,glyphwiki,https://www.zdic.net/hans/肾/xiaozhuan,https://img.zdic.net/zy/xiaozhuan/27_814E.svg
1005,67,15,胙,1,1,0,正篆,卷.部首.頁：4下.肉.89,胙說文‧肉部,,是,bamboo-silk/bronze/glyphwiki,https://www.zdic.net/hans/胙/xiaozhuan,https://img.zdic.net/zy/xiaozhuan/27_80D9.svg
1006,68,1,胤,2,1,1,古文+正篆,卷.部首.頁：4下.肉.88,胤說文‧肉部 | 胤說文古文,,是,bronze/glyphwiki,https://www.zdic.net/hans/胤/xiaozhuan,https://img.zdic.net/zy/xiaozhuan/27_80E4.svg;https://img.zdic.net/zy/xiaozhuan/27_E394.svg
1007,68,2,胫,1,1,0,正篆,卷.部首.頁：4下.肉.88,胫說文‧肉部,,是,glyphwiki,https://www.zdic.net/hans/胫/xiaozhuan,https://img.zdic.net/zy/xiaozhuan/27_811B.svg
1008,68,3,胶,1,1,0,正篆,卷.部首.頁：4下.肉.90,胶說文‧肉部,,是,glyphwiki,https://www.zdic.net/hans/胶/xiaozhuan,https://img.zdic.net/zy/xiaozhuan/27_81A0.svg
1009,68,4,脚,1,1,0,正篆,卷.部首.頁：4下.肉.88,脚說文‧肉部,,是,glyphwiki,https://www.zdic.net/hans/脚/xiaozhuan,https://img.zdic.net/zy/xiaozhuan/27_8173.svg
1010,68,5,脯,1,1,0,正篆,卷.部首.頁：4下.肉.89,脯說文‧肉部,,是,glyphwiki,https://www.zdic.net/hans/脯/xiaozhuan,https://img.zdic.net/zy/xiaozhuan/27_812F.svg
1011,68,6,脱,1,1,0,正篆,卷.部首.頁：4下.肉.88,脱說文‧肉部,,是,glyphwiki,https://www.zdic.net/hans/脱/xiaozhuan,https://img.zdic.net/zy/xiaozhuan/27_812B.svg
1012,68,7,腔,1,1,0,正篆,卷.部首.頁：4下.肉.90,腔說文‧肉部,,是,glyphwiki,https://www.zdic.net/hans/腔/xiaozhuan,https://img.zdic.net/zy/xiaozhuan/27_8154.svg
1013,68,8,腯,1,1,0,正篆,卷.部首.頁：4下.肉.89,腯說文‧肉部,,是,glyphwiki,https://www.zdic.net/hans/腯/xiaozhuan,https://img.zdic.net/zy/xiaozhuan/27_816F.svg
1014,68,9,腻,1,1,0,正篆,卷.部首.頁：4下.肉.90,腻說文‧肉部,,是,bronze/glyphwiki,https://www.zdic.net/hans/腻/xiaozhuan,https://img.zdic.net/zy/xiaozhuan/27_81A9.svg
1015,68,10,膏,1,1,0,正篆,卷.部首.頁：4下.肉.87,膏說文‧肉部,,是,glyphwiki/oracle-bone,https://www.zdic.net/hans/膏/xiaozhuan,https://img.zdic.net/zy/xiaozhuan/27_818F.svg
1016,68,11,臬,1,1,0,正篆,卷.部首.頁：6上.木.123,臬說文‧木部,,是,glyphwiki/oracle-bone,https://www.zdic.net/hans/臬/xiaozhuan,https://img.zdic.net/zy/xiaozhuan/27_81EC.svg
1017,68,12,舜,2,1,1,古文+正篆,卷.部首.頁：5下.舜.113,舜說文‧舜部 | 舜說文古文,,是,glyphwiki,https://www.zdic.net/hans/舜/xiaozhuan,https://img.zdic.net/zy/xiaozhuan/27_821C.svg;https://img.zdic.net/zy/xiaozhuan/27_E4BB.svg
1018,68,13,舸,1,1,0,正篆,卷.部首.頁：8下.舟.176,舸說文‧舟部,,是,bronze/glyphwiki,https://www.zdic.net/hans/舸/xiaozhuan,https://img.zdic.net/zy/xiaozhuan/27_8238.svg
1019,68,14,芑,1,1,0,正篆,卷.部首.頁：1下.艸.26,芑說文‧艸部,,是,glyphwiki,https://www.zdic.net/hans/芑/xiaozhuan,https://img.zdic.net/zy/xiaozhuan/27_8291.svg
1020,68,15,芙,1,1,0,正篆,卷.部首.頁：1下.艸.27,芙說文‧艸部,,是,glyphwiki,https://www.zdic.net/hans/芙/xiaozhuan,https://img.zdic.net/zy/xiaozhuan/27_8299.svg
1021,69,1,芣,1,1,0,正篆,卷.部首.頁：1下.艸.22,芣說文‧艸部,,是,glyphwiki,https://www.zdic.net/hans/芣/xiaozhuan,https://img.zdic.net/zy/xiaozhuan/27_82A3.svg
1022,69,2,芳,1,1,0,正篆,卷.部首.頁：1下.艸.24,芳說文‧艸部,,是,glyphwiki,https://www.zdic.net/hans/芳/xiaozhuan,https://img.zdic.net/zy/xiaozhuan/27_82B3.svg
1023,69,3,芹,1,1,0,正篆,卷.部首.頁：1下.艸.19,芹說文‧艸部,,是,glyphwiki,https://www.zdic.net/hans/芹/xiaozhuan,https://img.zdic.net/zy/xiaozhuan/27_82B9.svg
1024,69,4,芼,1,1,0,正篆,卷.部首.頁：1下.艸.23,芼說文‧艸部,,是,glyphwiki,https://www.zdic.net/hans/芼/xiaozhuan,https://img.zdic.net/zy/xiaozhuan/27_82BC.svg
1025,69,5,苇,1,1,0,正篆,卷.部首.頁：1下.艸.26,苇說文‧艸部,,是,glyphwiki,https://www.zdic.net/hans/苇/xiaozhuan,https://img.zdic.net/zy/xiaozhuan/27_8466.svg
1026,69,6,苑,1,1,0,正篆,卷.部首.頁：1下.艸.23,苑說文‧艸部,,是,glyphwiki,https://www.zdic.net/hans/苑/xiaozhuan,https://img.zdic.net/zy/xiaozhuan/27_82D1.svg
1027,69,7,苾,1,1,0,正篆,卷.部首.頁：1下.艸.24,苾說文‧艸部,,是,glyphwiki,https://www.zdic.net/hans/苾/xiaozhuan,https://img.zdic.net/zy/xiaozhuan/27_82FE.svg
1028,69,8,茹,1,1,0,正篆,卷.部首.頁：1下.艸.25,茹說文‧艸部,,是,bronze/glyphwiki,https://www.zdic.net/hans/茹/xiaozhuan,https://img.zdic.net/zy/xiaozhuan/27_8339.svg
1029,69,9,荆,2,1,1,古文+正篆,卷.部首.頁：1下.艸.22,荆說文‧艸部 | 荆說文古文,,是,bronze/glyphwiki,https://www.zdic.net/hans/荆/xiaozhuan,https://img.zdic.net/zy/xiaozhuan/27_834A.svg;https://img.zdic.net/zy/xiaozhuan/27_E092.svg
1030,69,10,荇,2,1,1,或體+正篆,卷.部首.頁：1下.艸.21,荇說文‧艸部 | 荇說文或體,,是,glyphwiki,https://www.zdic.net/hans/荇/xiaozhuan,https://img.zdic.net/zy/xiaozhuan/27_8395.svg;https://img.zdic.net/zy/xiaozhuan/27_8347.svg
1031,69,11,莎,1,1,0,正篆,卷.部首.頁：1下.艸.26,莎說文‧艸部,,是,glyphwiki,https://www.zdic.net/hans/莎/xiaozhuan,https://img.zdic.net/zy/xiaozhuan/27_838E.svg
1032,69,12,莝,1,1,0,正篆,卷.部首.頁：1下.艸.25,莝說文‧艸部,,是,glyphwiki,https://www.zdic.net/hans/莝/xiaozhuan,https://img.zdic.net/zy/xiaozhuan/27_839D.svg
1033,69,13,莞,1,1,0,正篆,卷.部首.頁：1下.艸.17,莞說文‧艸部,,是,glyphwiki,https://www.zdic.net/hans/莞/xiaozhuan,https://img.zdic.net/zy/xiaozhuan/27_839E.svg
1034,69,14,莪,1,1,0,正篆,卷.部首.頁：1下.艸.20,莪說文‧艸部,,是,glyphwiki,https://www.zdic.net/hans/莪/xiaozhuan,https://img.zdic.net/zy/xiaozhuan/27_83AA.svg
1035,69,15,萆,1,1,0,正篆,卷.部首.頁：1下.艸.25,萆說文‧艸部,,是,bronze/glyphwiki,https://www.zdic.net/hans/萆/xiaozhuan,https://img.zdic.net/zy/xiaozhuan/27_8406.svg
1036,70,1,萌,1,1,0,正篆,卷.部首.頁：1下.艸.22,萌說文‧艸部,,是,glyphwiki,https://www.zdic.net/hans/萌/xiaozhuan,https://img.zdic.net/zy/xiaozhuan/27_840C.svg
1037,70,2,萑,1,1,0,正篆,卷.部首.頁：1下.艸.17,萑說文‧艸部,,是,glyphwiki/oracle-bone,https://www.zdic.net/hans/萑/xiaozhuan,https://img.zdic.net/zy/xiaozhuan/27_8411.svg
1038,70,3,葆,1,1,0,正篆,卷.部首.頁：1下.艸.26,葆說文‧艸部,,是,glyphwiki,https://www.zdic.net/hans/葆/xiaozhuan,https://img.zdic.net/zy/xiaozhuan/27_8446.svg
1039,70,4,葵,1,1,0,正篆,卷.部首.頁：1下.艸.15,葵說文‧艸部,,是,glyphwiki,https://www.zdic.net/hans/葵/xiaozhuan,https://img.zdic.net/zy/xiaozhuan/27_8475.svg
1040,70,5,蒂,1,1,0,正篆,卷.部首.頁：1下.艸.22,蒂說文‧艸部,,是,glyphwiki,https://www.zdic.net/hans/蒂/xiaozhuan,https://img.zdic.net/zy/xiaozhuan/27_8515.svg
1041,70,6,蒌,1,1,0,正篆,卷.部首.頁：1下.艸.19,蒌說文‧艸部,,是,glyphwiki,https://www.zdic.net/hans/蒌/xiaozhuan,https://img.zdic.net/zy/xiaozhuan/27_851E.svg
1042,70,7,蒟,1,1,0,正篆,卷.部首.頁：1下.艸.21,蒟說文‧艸部,,是,glyphwiki,https://www.zdic.net/hans/蒟/xiaozhuan,https://img.zdic.net/zy/xiaozhuan/27_849F.svg
1043,70,8,蒲,1,1,0,正篆,卷.部首.頁：1下.艸.17,蒲說文‧艸部,,是,glyphwiki,https://www.zdic.net/hans/蒲/xiaozhuan,https://img.zdic.net/zy/xiaozhuan/27_84B2.svg
1044,70,9,蓁,1,1,0,正篆,卷.部首.頁：1下.艸.23,蓁說文‧艸部,,是,glyphwiki,https://www.zdic.net/hans/蓁/xiaozhuan,https://img.zdic.net/zy/xiaozhuan/27_84C1.svg
1045,70,10,蓂,1,1,0,正篆,卷.部首.頁：1下.艸.21,蓂說文‧艸部,,是,glyphwiki,https://www.zdic.net/hans/蓂/xiaozhuan,https://img.zdic.net/zy/xiaozhuan/27_84C2.svg
1046,70,11,蓍,1,1,0,正篆,卷.部首.頁：1下.艸.20,蓍說文‧艸部,,是,glyphwiki,https://www.zdic.net/hans/蓍/xiaozhuan,https://img.zdic.net/zy/xiaozhuan/27_84CD.svg
1047,70,12,蓏,1,1,0,正篆,卷.部首.頁：1下.艸.15,蓏說文‧艸部,,是,glyphwiki,https://www.zdic.net/hans/蓏/xiaozhuan,https://img.zdic.net/zy/xiaozhuan/27_84CF.svg
1048,70,13,蓐,2,1,1,正篆+籀文,卷.部首.頁：1下.蓐.27,蓐說文‧蓐部 | 蓐說文籀文,,是,glyphwiki,https://www.zdic.net/hans/蓐/xiaozhuan,https://img.zdic.net/zy/xiaozhuan/27_84D0.svg;https://img.zdic.net/zy/xiaozhuan/27_E0CC.svg
1049,70,14,蓥,1,1,0,正篆,卷.部首.頁：14上.金.295,蓥說文‧金部,,是,bronze/glyphwiki,https://www.zdic.net/hans/蓥/xiaozhuan,https://img.zdic.net/zy/xiaozhuan/27_93A3.svg
1050,70,15,蓼,1,1,0,正篆,卷.部首.頁：1下.艸.16,蓼說文‧艸部,,是,bronze/glyphwiki,https://www.zdic.net/hans/蓼/xiaozhuan,https://img.zdic.net/zy/xiaozhuan/27_84FC.svg
1051,71,1,蔑,1,1,0,正篆,卷.部首.頁：4上.𥄕.77,蔑說文‧𥄕部,,是,bronze/glyphwiki/oracle-bone,https://www.zdic.net/hans/蔑/xiaozhuan,https://img.zdic.net/zy/xiaozhuan/27_8511.svg
1052,71,2,蔽,1,1,0,正篆,卷.部首.頁：1下.艸.23,蔽說文‧艸部,,是,glyphwiki,https://www.zdic.net/hans/蔽/xiaozhuan,https://img.zdic.net/zy/xiaozhuan/27_853D.svg
1053,71,3,蕞,1,1,0,正篆,卷.部首.頁：1下.艸.24,蕞說文‧艸部,,是,glyphwiki,https://www.zdic.net/hans/蕞/xiaozhuan,https://img.zdic.net/zy/xiaozhuan/27_855D.svg
1054,71,4,薁,1,1,0,正篆,卷.部首.頁：1下.艸.18,薁說文‧艸部,,是,glyphwiki,https://www.zdic.net/hans/薁/xiaozhuan,https://img.zdic.net/zy/xiaozhuan/27_8581.svg
1055,71,5,薳,1,1,0,正篆,卷.部首.頁：1下.艸.27,薳說文‧艸部,,是,glyphwiki,https://www.zdic.net/hans/薳/xiaozhuan,https://img.zdic.net/zy/xiaozhuan/27_85B3.svg
1056,71,6,藟,1,1,0,正篆,卷.部首.頁：1下.艸.19,藟說文‧艸部,,是,glyphwiki,https://www.zdic.net/hans/藟/xiaozhuan,https://img.zdic.net/zy/xiaozhuan/27_85DF.svg
1057,71,7,蘩,1,1,0,正篆,卷.部首.頁：1下.艸.26,蘩說文‧艸部,,是,bronze/glyphwiki,https://www.zdic.net/hans/蘩/xiaozhuan,https://img.zdic.net/zy/xiaozhuan/27_8629.svg
1058,71,8,虞,1,1,0,正篆,卷.部首.頁：5上.虍.103,虞說文‧虍部,,是,bronze/glyphwiki,https://www.zdic.net/hans/虞/xiaozhuan,https://img.zdic.net/zy/xiaozhuan/27_865E.svg
1059,71,9,蚊,3,1,2,俗字+或體+正篆,卷.部首.頁：13下.䖵.284,蚊說文‧䖵部 | 蚊說文或體 | 蚊說文俗字,,是,bronze/glyphwiki,https://www.zdic.net/hans/蚊/xiaozhuan,https://img.zdic.net/zy/xiaozhuan/27_EB30.svg;https://img.zdic.net/zy/xiaozhuan/27_EB31.svg;https://img.zdic.net/zy/xiaozhuan/27_868A.svg
1060,71,10,蚩,1,1,0,正篆,卷.部首.頁：13上.虫.280,蚩說文‧虫部,,是,bronze/glyphwiki,https://www.zdic.net/hans/蚩/xiaozhuan,https://img.zdic.net/zy/xiaozhuan/27_86A9.svg
1061,71,11,蛮,1,1,0,正篆,卷.部首.頁：13上.虫.282,蛮說文‧虫部,,是,bronze/glyphwiki,https://www.zdic.net/hans/蛮/xiaozhuan,https://img.zdic.net/zy/xiaozhuan/27_883B.svg
1062,71,12,蛰,1,1,0,正篆,卷.部首.頁：13上.虫.282,蛰說文‧虫部,,是,glyphwiki,https://www.zdic.net/hans/蛰/xiaozhuan,https://img.zdic.net/zy/xiaozhuan/27_87C4.svg
1063,71,13,蛴,1,1,0,正篆,卷.部首.頁：13上.虫.279,蛴說文‧虫部,,是,bronze/glyphwiki,https://www.zdic.net/hans/蛴/xiaozhuan,https://img.zdic.net/zy/xiaozhuan/27_8810.svg
1064,71,14,蝼,1,1,0,正篆,卷.部首.頁：13上.虫.280,蝼說文‧虫部,,是,glyphwiki,https://www.zdic.net/hans/蝼/xiaozhuan,https://img.zdic.net/zy/xiaozhuan/27_87BB.svg
1065,71,15,蟪,1,1,0,正篆,卷.部首.頁：13上.虫.283,蟪說文‧虫部,,是,bronze/glyphwiki,https://www.zdic.net/hans/蟪/xiaozhuan,https://img.zdic.net/zy/xiaozhuan/27_87EA.svg
1066,72,1,蟮,1,1,0,正篆,卷.部首.頁：13上.虫.282,蟮說文‧虫部,,是,glyphwiki,https://www.zdic.net/hans/蟮/xiaozhuan,https://img.zdic.net/zy/xiaozhuan/27_87FA.svg
1067,72,2,蠃,1,1,0,正篆,卷.部首.頁：13上.虫.280,蠃說文‧虫部,,是,bronze/glyphwiki,https://www.zdic.net/hans/蠃/xiaozhuan,https://img.zdic.net/zy/xiaozhuan/27_8803.svg
1068,72,3,补,1,1,0,正篆,卷.部首.頁：8上.衣.172,补說文‧衣部,,是,glyphwiki,https://www.zdic.net/hans/补/xiaozhuan,https://img.zdic.net/zy/xiaozhuan/27_88DC.svg
1069,72,4,表,2,1,1,古文+正篆,卷.部首.頁：8上.衣.170,表說文‧衣部 | 表說文古文,,是,glyphwiki,https://www.zdic.net/hans/表/xiaozhuan,https://img.zdic.net/zy/xiaozhuan/27_8868.svg;https://img.zdic.net/zy/xiaozhuan/27_E6DA.svg
1070,72,5,衮,1,1,0,正篆,卷.部首.頁：8上.衣.170,衮說文‧衣部,,是,bronze/glyphwiki,https://www.zdic.net/hans/衮/xiaozhuan,https://img.zdic.net/zy/xiaozhuan/27_E6D9.svg
1071,72,6,衽,1,1,0,正篆,卷.部首.頁：8上.衣.170,衽說文‧衣部,,是,glyphwiki,https://www.zdic.net/hans/衽/xiaozhuan,https://img.zdic.net/zy/xiaozhuan/27_887D.svg
1072,72,7,袖,2,1,1,俗字+正篆,卷.部首.頁：8上.衣.171,袖說文‧衣部 | 袖說文俗字,,是,glyphwiki,https://www.zdic.net/hans/袖/xiaozhuan,https://img.zdic.net/zy/xiaozhuan/27_890E.svg;https://img.zdic.net/zy/xiaozhuan/27_8896.svg
1073,72,8,裙,2,1,1,或體+正篆,卷.部首.頁：7下.巾.159,裙說文‧巾部 | 裙說文或體,,是,bronze/glyphwiki,https://www.zdic.net/hans/裙/xiaozhuan,https://img.zdic.net/zy/xiaozhuan/27_E67F.svg;https://img.zdic.net/zy/xiaozhuan/27_88D9.svg
1074,72,9,裨,1,1,0,正篆,卷.部首.頁：8上.衣.172,裨說文‧衣部,,是,bronze/glyphwiki,https://www.zdic.net/hans/裨/xiaozhuan,https://img.zdic.net/zy/xiaozhuan/27_88E8.svg
1075,72,10,裹,1,1,0,正篆,卷.部首.頁：8上.衣.172,裹說文‧衣部,,是,glyphwiki,https://www.zdic.net/hans/裹/xiaozhuan,https://img.zdic.net/zy/xiaozhuan/27_88F9.svg
1076,72,11,褊,1,1,0,正篆,卷.部首.頁：8上.衣.172,褊說文‧衣部,,是,glyphwiki,https://www.zdic.net/hans/褊/xiaozhuan,https://img.zdic.net/zy/xiaozhuan/27_890A.svg
1077,72,12,褕,1,1,0,正篆,卷.部首.頁：8上.衣.170,褕說文‧衣部,,是,glyphwiki,https://www.zdic.net/hans/褕/xiaozhuan,https://img.zdic.net/zy/xiaozhuan/27_8915.svg
1078,72,13,褚,1,1,0,正篆,卷.部首.頁：8上.衣.173,褚說文‧衣部,,是,bronze/glyphwiki,https://www.zdic.net/hans/褚/xiaozhuan,https://img.zdic.net/zy/xiaozhuan/27_891A.svg
1079,72,14,襦,1,1,0,正篆,卷.部首.頁：8上.衣.172,襦說文‧衣部,,是,glyphwiki,https://www.zdic.net/hans/襦/xiaozhuan,https://img.zdic.net/zy/xiaozhuan/27_8966.svg
1080,72,15,觐,1,1,0,正篆,卷.部首.頁：8下.見.178,觐說文‧見部,,是,bronze/glyphwiki,https://www.zdic.net/hans/觐/xiaozhuan,https://img.zdic.net/zy/xiaozhuan/27_89B2.svg
1081,73,1,觭,1,1,0,正篆,卷.部首.頁：4下.角.93,觭說文‧角部,,是,glyphwiki,https://www.zdic.net/hans/觭/xiaozhuan,https://img.zdic.net/zy/xiaozhuan/27_89ED.svg
1082,73,2,觿,1,1,0,正篆,卷.部首.頁：4下.角.94,觿說文‧角部,,是,glyphwiki,https://www.zdic.net/hans/觿/xiaozhuan,https://img.zdic.net/zy/xiaozhuan/27_89FF.svg
1083,73,3,訄,1,1,0,正篆,卷.部首.頁：3上.言.57,訄說文‧言部,,是,glyphwiki,https://www.zdic.net/hans/訄/xiaozhuan,https://img.zdic.net/zy/xiaozhuan/27_8A04.svg
1084,73,4,訚,1,1,0,正篆,卷.部首.頁：3上.言.52,訚說文‧言部,,是,glyphwiki,https://www.zdic.net/hans/訚/xiaozhuan,https://img.zdic.net/zy/xiaozhuan/27_8ABE.svg
1085,73,5,詟,2,1,1,正篆+籀文,卷.部首.頁：3上.言.56,詟說文‧言部 | 詟說文籀文,,是,glyphwiki,https://www.zdic.net/hans/詟/xiaozhuan,https://img.zdic.net/zy/xiaozhuan/27_8B8B.svg;https://img.zdic.net/zy/xiaozhuan/27_E219.svg
1086,73,6,让,1,1,0,正篆,卷.部首.頁：3上.言.56,让說文‧言部,,是,glyphwiki,https://www.zdic.net/hans/让/xiaozhuan,https://img.zdic.net/zy/xiaozhuan/27_8B93.svg
1087,73,7,讳,1,1,0,正篆,卷.部首.頁：3上.言.52,讳說文‧言部,,是,bronze/glyphwiki,https://www.zdic.net/hans/讳/xiaozhuan,https://img.zdic.net/zy/xiaozhuan/27_8AF1.svg
1088,73,8,访,1,1,0,正篆,卷.部首.頁：3上.言.52,访說文‧言部,,是,glyphwiki,https://www.zdic.net/hans/访/xiaozhuan,https://img.zdic.net/zy/xiaozhuan/27_8A2A.svg
1089,73,9,诊,1,1,0,正篆,卷.部首.頁：3上.言.57,诊說文‧言部,,是,glyphwiki,https://www.zdic.net/hans/诊/xiaozhuan,https://img.zdic.net/zy/xiaozhuan/27_8A3A.svg
1090,73,10,诋,1,1,0,正篆,卷.部首.頁：3上.言.57,诋說文‧言部,,是,bronze/glyphwiki,https://www.zdic.net/hans/诋/xiaozhuan,https://img.zdic.net/zy/xiaozhuan/27_8A46.svg
1091,73,11,诏,1,1,0,正篆,卷.部首.頁：3上.言.52,诏說文‧言部,,是,bronze/glyphwiki,https://www.zdic.net/hans/诏/xiaozhuan,https://img.zdic.net/zy/xiaozhuan/27_8A54.svg
1092,73,12,译,1,1,0,正篆,卷.部首.頁：3上.言.57,译說文‧言部,,是,glyphwiki,https://www.zdic.net/hans/译/xiaozhuan,https://img.zdic.net/zy/xiaozhuan/27_8B6F.svg
1093,73,13,试,1,1,0,正篆,卷.部首.頁：3上.言.52,试說文‧言部,,是,glyphwiki,https://www.zdic.net/hans/试/xiaozhuan,https://img.zdic.net/zy/xiaozhuan/27_8A66.svg
1094,73,14,诘,1,1,0,正篆,卷.部首.頁：3上.言.57,诘說文‧言部,,是,glyphwiki,https://www.zdic.net/hans/诘/xiaozhuan,https://img.zdic.net/zy/xiaozhuan/27_8A70.svg
1095,73,15,诞,2,1,1,正篆+籀文,卷.部首.頁：3上.言.55,诞說文‧言部 | 诞說文籀文,,是,bronze/glyphwiki,https://www.zdic.net/hans/诞/xiaozhuan,https://img.zdic.net/zy/xiaozhuan/27_8A95.svg;https://img.zdic.net/zy/xiaozhuan/27_E20E.svg
1096,74,1,诟,2,1,1,或體+正篆,卷.部首.頁：3上.言.57,诟說文‧言部 | 诟說文或體,,是,glyphwiki,https://www.zdic.net/hans/诟/xiaozhuan,https://img.zdic.net/zy/xiaozhuan/27_8A6C.svg;https://img.zdic.net/zy/xiaozhuan/27_E22B.svg
1097,74,2,诬,1,1,0,正篆,卷.部首.頁：3上.言.54,诬說文‧言部,,是,glyphwiki,https://www.zdic.net/hans/诬/xiaozhuan,https://img.zdic.net/zy/xiaozhuan/27_8AA3.svg
1098,74,3,误,1,1,0,正篆,卷.部首.頁：3上.言.55、3上.言.56,误說文‧言部,,是,glyphwiki,https://www.zdic.net/hans/误/xiaozhuan,https://img.zdic.net/zy/xiaozhuan/27_8AA4.svg
1099,74,4,诱,3,1,2,或體+正篆,卷.部首.頁：9上.厶.189、4上.羊.78,诱說文‧厶部 | 诱說文或體 | 诱說文或體,诱說文古文,是,glyphwiki,https://www.zdic.net/hans/诱/xiaozhuan,https://img.zdic.net/zy/xiaozhuan/27_E7C3.svg;https://img.zdic.net/zy/xiaozhuan/27_8A98.svg;https://img.zdic.net/zy/xiaozhuan/27_E7C4.svg
1100,74,5,说,1,1,0,正篆,卷.部首.頁：3上.言.53,说說文‧言部,,是,glyphwiki,https://www.zdic.net/hans/说/xiaozhuan,https://img.zdic.net/zy/xiaozhuan/27_8AAA.svg
1101,74,6,诸,1,1,0,正篆,卷.部首.頁：3上.言.51,诸說文‧言部,,是,bronze/glyphwiki,https://www.zdic.net/hans/诸/xiaozhuan,https://img.zdic.net/zy/xiaozhuan/27_8AF8.svg
1102,74,7,课,1,1,0,正篆,卷.部首.頁：3上.言.52,课說文‧言部,,是,glyphwiki,https://www.zdic.net/hans/课/xiaozhuan,https://img.zdic.net/zy/xiaozhuan/27_8AB2.svg
1103,74,8,谈,1,1,0,正篆,卷.部首.頁：3上.言.51,谈說文‧言部,,是,glyphwiki,https://www.zdic.net/hans/谈/xiaozhuan,https://img.zdic.net/zy/xiaozhuan/27_8AC7.svg
1104,74,9,谍,1,1,0,正篆,卷.部首.頁：3上.言.57,谍說文‧言部,,是,glyphwiki,https://www.zdic.net/hans/谍/xiaozhuan,https://img.zdic.net/zy/xiaozhuan/27_8ADC.svg
1105,74,10,谐,1,1,0,正篆,卷.部首.頁：3上.言.53,谐說文‧言部,,是,bronze/glyphwiki,https://www.zdic.net/hans/谐/xiaozhuan,https://img.zdic.net/zy/xiaozhuan/27_8AE7.svg
1106,74,11,谕,1,1,0,正篆,卷.部首.頁：3上.言.51,谕說文‧言部,,是,glyphwiki,https://www.zdic.net/hans/谕/xiaozhuan,https://img.zdic.net/zy/xiaozhuan/27_8AED.svg
1107,74,12,谤,1,1,0,正篆,卷.部首.頁：3上.言.54,谤說文‧言部,,是,glyphwiki,https://www.zdic.net/hans/谤/xiaozhuan,https://img.zdic.net/zy/xiaozhuan/27_8B17.svg
1108,74,13,谧,1,1,0,正篆,卷.部首.頁：3上.言.53,谧說文‧言部,,是,glyphwiki,https://www.zdic.net/hans/谧/xiaozhuan,https://img.zdic.net/zy/xiaozhuan/27_8B10.svg
1109,74,14,谯,2,1,1,古文+正篆,卷.部首.頁：3上.言.57,谯說文‧言部 | 谯說文古文,,是,bronze/glyphwiki,https://www.zdic.net/hans/谯/xiaozhuan,https://img.zdic.net/zy/xiaozhuan/27_8B59.svg;https://img.zdic.net/zy/xiaozhuan/27_8A9A.svg
1110,74,15,购,1,1,0,正篆,卷.部首.頁：6下.貝.131,购說文‧貝部,,是,glyphwiki,https://www.zdic.net/hans/购/xiaozhuan,https://img.zdic.net/zy/xiaozhuan/27_8CFC.svg
1111,75,1,贯,1,1,0,正篆,卷.部首.頁：7上.毌.142,贯說文‧毌部,,是,bronze/glyphwiki,https://www.zdic.net/hans/贯/xiaozhuan,https://img.zdic.net/zy/xiaozhuan/27_8CAB.svg
1112,75,2,贳,1,1,0,正篆,卷.部首.頁：6下.貝.130,贳說文‧貝部,,是,glyphwiki,https://www.zdic.net/hans/贳/xiaozhuan,https://img.zdic.net/zy/xiaozhuan/27_8CB0.svg
1113,75,3,赍,1,1,0,正篆,卷.部首.頁：6下.貝.130,赍說文‧貝部,,是,glyphwiki,https://www.zdic.net/hans/赍/xiaozhuan,https://img.zdic.net/zy/xiaozhuan/27_9F4E.svg
1114,75,4,跛,1,1,0,正篆,卷.部首.頁：2下.足.47,跛說文‧足部,,是,glyphwiki,https://www.zdic.net/hans/跛/xiaozhuan,https://img.zdic.net/zy/xiaozhuan/27_8DDB.svg
1115,75,5,距,1,1,0,正篆,卷.部首.頁：2下.足.47,距說文‧足部,,是,bronze/glyphwiki,https://www.zdic.net/hans/距/xiaozhuan,https://img.zdic.net/zy/xiaozhuan/27_8DDD.svg
1116,75,6,跪,1,1,0,正篆,卷.部首.頁：2下.足.46,跪說文‧足部,,是,glyphwiki,https://www.zdic.net/hans/跪/xiaozhuan,https://img.zdic.net/zy/xiaozhuan/27_8DEA.svg
1117,75,7,跻,1,1,0,正篆,卷.部首.頁：2下.足.46,跻說文‧足部,,是,bronze/glyphwiki,https://www.zdic.net/hans/跻/xiaozhuan,https://img.zdic.net/zy/xiaozhuan/27_8E8B.svg
1118,75,8,踦,1,1,0,正篆,卷.部首.頁：2下.足.46,踦說文‧足部,,是,glyphwiki,https://www.zdic.net/hans/踦/xiaozhuan,https://img.zdic.net/zy/xiaozhuan/27_8E26.svg
1119,75,9,踶,1,1,0,正篆,卷.部首.頁：2下.足.46,踶說文‧足部,,是,glyphwiki,https://www.zdic.net/hans/踶/xiaozhuan,https://img.zdic.net/zy/xiaozhuan/27_8E36.svg
1120,75,10,轩,1,1,0,正篆,卷.部首.頁：14上.車.301,轩說文‧車部,,是,glyphwiki,https://www.zdic.net/hans/轩/xiaozhuan,https://img.zdic.net/zy/xiaozhuan/27_8ED2.svg
1121,75,11,轮,1,1,0,正篆,卷.部首.頁：14上.車.303,轮說文‧車部,,是,glyphwiki,https://www.zdic.net/hans/轮/xiaozhuan,https://img.zdic.net/zy/xiaozhuan/27_8F2A.svg
1122,75,12,辀,2,1,1,正篆+籀文,卷.部首.頁：14上.車.302,辀說文‧車部 | 辀說文籀文,,是,glyphwiki,https://www.zdic.net/hans/辀/xiaozhuan,https://img.zdic.net/zy/xiaozhuan/27_8F08.svg;https://img.zdic.net/zy/xiaozhuan/27_EBE2.svg
1123,75,13,辄,1,1,0,正篆,卷.部首.頁：14上.車.301,辄說文‧車部,,是,glyphwiki,https://www.zdic.net/hans/辄/xiaozhuan,https://img.zdic.net/zy/xiaozhuan/27_8F12.svg
1124,75,14,辅,1,1,0,正篆,卷.部首.頁：14上.車.303,辅說文‧車部,,是,bronze/glyphwiki,https://www.zdic.net/hans/辅/xiaozhuan,https://img.zdic.net/zy/xiaozhuan/27_8F14.svg
1125,75,15,辕,1,1,0,正篆,卷.部首.頁：14上.車.302,辕說文‧車部,,是,glyphwiki,https://www.zdic.net/hans/辕/xiaozhuan,https://img.zdic.net/zy/xiaozhuan/27_8F45.svg
1126,76,1,辱,1,1,0,正篆,卷.部首.頁：14下.辰.311,辱說文‧辰部,,是,glyphwiki/oracle-bone,https://www.zdic.net/hans/辱/xiaozhuan,https://img.zdic.net/zy/xiaozhuan/27_8FB1.svg
1127,76,2,辽,1,1,0,正篆,卷.部首.頁：2下.辵.42,辽說文‧辵部,,是,glyphwiki,https://www.zdic.net/hans/辽/xiaozhuan,https://img.zdic.net/zy/xiaozhuan/27_907C.svg
1128,76,3,迂,1,1,0,正篆,卷.部首.頁：2下.辵.42,迂說文‧辵部,,是,bronze/glyphwiki,https://www.zdic.net/hans/迂/xiaozhuan,https://img.zdic.net/zy/xiaozhuan/27_8FC2.svg
1129,76,4,迓,2,1,1,或體+正篆,卷.部首.頁：3上.言.53,迓說文‧言部 | 迓說文或體,,是,glyphwiki,https://www.zdic.net/hans/迓/xiaozhuan,https://img.zdic.net/zy/xiaozhuan/27_8A1D.svg;https://img.zdic.net/zy/xiaozhuan/27_8FD3.svg
1130,76,5,迩,2,1,1,古文+正篆,卷.部首.頁：2下.辵.41,迩說文‧辵部 | 迩說文古文,,是,glyphwiki,https://www.zdic.net/hans/迩/xiaozhuan,https://img.zdic.net/zy/xiaozhuan/27_9087.svg;https://img.zdic.net/zy/xiaozhuan/27_E17D.svg
1131,76,6,迪,1,1,0,正篆,卷.部首.頁：2下.辵.40,迪說文‧辵部,,是,glyphwiki,https://www.zdic.net/hans/迪/xiaozhuan,https://img.zdic.net/zy/xiaozhuan/27_8FEA.svg
1132,76,7,逑,1,1,0,正篆,卷.部首.頁：2下.辵.41,逑說文‧辵部,,是,glyphwiki,https://www.zdic.net/hans/逑/xiaozhuan,https://img.zdic.net/zy/xiaozhuan/27_9011.svg
1133,76,8,递,1,1,0,正篆,卷.部首.頁：2下.辵.40,递說文‧辵部,,是,glyphwiki,https://www.zdic.net/hans/递/xiaozhuan,https://img.zdic.net/zy/xiaozhuan/27_905E.svg
1134,76,9,逗,1,1,0,正篆,卷.部首.頁：2下.辵.41,逗說文‧辵部,,是,glyphwiki,https://www.zdic.net/hans/逗/xiaozhuan,https://img.zdic.net/zy/xiaozhuan/27_9017.svg
1135,76,10,逦,1,1,0,正篆,卷.部首.頁：2下.辵.40,逦說文‧辵部,,是,bronze/glyphwiki,https://www.zdic.net/hans/逦/xiaozhuan,https://img.zdic.net/zy/xiaozhuan/27_9090.svg
1136,76,11,逯,1,1,0,正篆,卷.部首.頁：2下.辵.41,逯說文‧辵部,,是,glyphwiki,https://www.zdic.net/hans/逯/xiaozhuan,https://img.zdic.net/zy/xiaozhuan/27_902F.svg
1137,76,12,逶,2,1,1,或體+正篆,卷.部首.頁：2下.辵.41,逶說文‧辵部 | 逶說文或體,,是,glyphwiki,https://www.zdic.net/hans/逶/xiaozhuan,https://img.zdic.net/zy/xiaozhuan/27_9036.svg;https://img.zdic.net/zy/xiaozhuan/27_87E1.svg
1138,76,13,逸,1,1,0,正篆,卷.部首.頁：10上.兔.203,逸說文‧兔部,,是,bronze/glyphwiki,https://www.zdic.net/hans/逸/xiaozhuan,https://img.zdic.net/zy/xiaozhuan/27_9038.svg
1139,76,14,遮,1,1,0,正篆,卷.部首.頁：2下.辵.41,遮說文‧辵部,,是,glyphwiki,https://www.zdic.net/hans/遮/xiaozhuan,https://img.zdic.net/zy/xiaozhuan/27_906E.svg
1140,76,15,邀,1,1,0,正篆,卷.部首.頁：2下.彳.43,邀說文‧彳部,,是,glyphwiki,https://www.zdic.net/hans/邀/xiaozhuan,https://img.zdic.net/zy/xiaozhuan/27_5FBC.svg
1141,77,1,邋,1,1,0,正篆,卷.部首.頁：2下.辵.41,邋說文‧辵部,,是,glyphwiki,https://www.zdic.net/hans/邋/xiaozhuan,https://img.zdic.net/zy/xiaozhuan/27_908B.svg
1142,77,2,邛,1,1,0,正篆,卷.部首.頁：6下.邑.135,邛說文‧邑部,,是,bronze/glyphwiki,https://www.zdic.net/hans/邛/xiaozhuan,https://img.zdic.net/zy/xiaozhuan/27_909B.svg
1143,77,3,邺,1,1,0,正篆,卷.部首.頁：6下.邑.133,邺說文‧邑部,,是,bronze/glyphwiki,https://www.zdic.net/hans/邺/xiaozhuan,https://img.zdic.net/zy/xiaozhuan/27_9134.svg
1144,77,4,邽,1,1,0,正篆,卷.部首.頁：6下.邑.132,邽說文‧邑部,,是,glyphwiki,https://www.zdic.net/hans/邽/xiaozhuan,https://img.zdic.net/zy/xiaozhuan/27_90BD.svg
1145,77,5,邿,1,1,0,正篆,卷.部首.頁：6下.邑.135,邿說文‧邑部,,是,bronze/glyphwiki,https://www.zdic.net/hans/邿/xiaozhuan,https://img.zdic.net/zy/xiaozhuan/27_90BF.svg
1146,77,6,郄,1,1,0,正篆,卷.部首.頁：6下.邑.133,郄說文‧邑部,,是,glyphwiki,https://www.zdic.net/hans/郄/xiaozhuan,https://img.zdic.net/zy/xiaozhuan/27_90E4.svg
1147,77,7,郊,1,1,0,正篆,卷.部首.頁：6下.邑.132,郊說文‧邑部,,是,glyphwiki,https://www.zdic.net/hans/郊/xiaozhuan,https://img.zdic.net/zy/xiaozhuan/27_90CA.svg
1148,77,8,郐,1,1,0,正篆,卷.部首.頁：6下.邑.135,郐說文‧邑部,,是,bronze/glyphwiki,https://www.zdic.net/hans/郐/xiaozhuan,https://img.zdic.net/zy/xiaozhuan/27_9136.svg
1149,77,9,郛,1,1,0,正篆,卷.部首.頁：6下.邑.132,郛說文‧邑部,,是,glyphwiki,https://www.zdic.net/hans/郛/xiaozhuan,https://img.zdic.net/zy/xiaozhuan/27_90DB.svg
1150,77,10,郧,1,1,0,正篆,卷.部首.頁：6下.邑.134,郧說文‧邑部,,是,bronze/glyphwiki,https://www.zdic.net/hans/郧/xiaozhuan,https://img.zdic.net/zy/xiaozhuan/27_9116.svg
1151,77,11,部,1,1,0,正篆,卷.部首.頁：6下.邑.132,部說文‧邑部,,是,glyphwiki,https://www.zdic.net/hans/部/xiaozhuan,https://img.zdic.net/zy/xiaozhuan/27_90E8.svg
1152,77,12,郫,1,1,0,正篆,卷.部首.頁：6下.邑.134,郫說文‧邑部,,是,glyphwiki,https://www.zdic.net/hans/郫/xiaozhuan,https://img.zdic.net/zy/xiaozhuan/27_90EB.svg
1153,77,13,郴,1,1,0,正篆,卷.部首.頁：6下.邑.134,郴說文‧邑部,,是,bronze/glyphwiki,https://www.zdic.net/hans/郴/xiaozhuan,https://img.zdic.net/zy/xiaozhuan/27_90F4.svg
1154,77,14,郿,1,1,0,正篆,卷.部首.頁：6下.邑.132,郿說文‧邑部,,是,glyphwiki,https://www.zdic.net/hans/郿/xiaozhuan,https://img.zdic.net/zy/xiaozhuan/27_90FF.svg
1155,77,15,鄃,1,1,0,正篆,卷.部首.頁：6下.邑.133,鄃說文‧邑部,,是,glyphwiki,https://www.zdic.net/hans/鄃/xiaozhuan,https://img.zdic.net/zy/xiaozhuan/27_9103.svg
1156,78,1,鄘,1,1,0,正篆,卷.部首.頁：6下.邑.134,鄘說文‧邑部,,是,glyphwiki,https://www.zdic.net/hans/鄘/xiaozhuan,https://img.zdic.net/zy/xiaozhuan/27_9118.svg
1157,78,2,鄠,1,1,0,正篆,卷.部首.頁：6下.邑.132,鄠說文‧邑部,,是,glyphwiki,https://www.zdic.net/hans/鄠/xiaozhuan,https://img.zdic.net/zy/xiaozhuan/27_9120.svg
1158,78,3,鄢,1,1,0,正篆,卷.部首.頁：6下.邑.134,鄢說文‧邑部,,是,glyphwiki,https://www.zdic.net/hans/鄢/xiaozhuan,https://img.zdic.net/zy/xiaozhuan/27_9122.svg
1159,78,4,酅,1,1,0,正篆,卷.部首.頁：6下.邑.135,酅說文‧邑部,,是,glyphwiki,https://www.zdic.net/hans/酅/xiaozhuan,https://img.zdic.net/zy/xiaozhuan/27_9145.svg
1160,78,5,酆,1,1,0,正篆,卷.部首.頁：6下.邑.132,酆說文‧邑部,,是,bronze/glyphwiki,https://www.zdic.net/hans/酆/xiaozhuan,https://img.zdic.net/zy/xiaozhuan/27_9146.svg
1161,78,6,酷,1,1,0,正篆,卷.部首.頁：14下.酉.312,酷說文‧酉部,,是,glyphwiki,https://www.zdic.net/hans/酷/xiaozhuan,https://img.zdic.net/zy/xiaozhuan/27_9177.svg
1162,78,7,酸,2,1,1,正篆+籀文,卷.部首.頁：14下.酉.313,酸說文‧酉部 | 酸說文籀文,,是,bronze/glyphwiki,https://www.zdic.net/hans/酸/xiaozhuan,https://img.zdic.net/zy/xiaozhuan/27_9178.svg;https://img.zdic.net/zy/xiaozhuan/27_EC40.svg
1163,78,8,酺,1,1,0,正篆,卷.部首.頁：14下.酉.312,酺說文‧酉部,,是,glyphwiki,https://www.zdic.net/hans/酺/xiaozhuan,https://img.zdic.net/zy/xiaozhuan/27_917A.svg
1164,78,9,醢,2,1,1,正篆+籀文,卷.部首.頁：14下.酉.313,醢說文‧酉部 | 醢說文籀文,,是,glyphwiki,https://www.zdic.net/hans/醢/xiaozhuan,https://img.zdic.net/zy/xiaozhuan/27_91A2.svg;https://img.zdic.net/zy/xiaozhuan/27_EC44.svg
1165,78,10,醯,1,1,0,正篆,卷.部首.頁：5上.皿.104,醯說文‧皿部,,是,glyphwiki,https://www.zdic.net/hans/醯/xiaozhuan,https://img.zdic.net/zy/xiaozhuan/27_91AF.svg
1166,78,11,鋈,1,1,0,正篆,卷.部首.頁：14上.金.293,鋈說文‧金部,,是,glyphwiki,https://www.zdic.net/hans/鋈/xiaozhuan,https://img.zdic.net/zy/xiaozhuan/27_92C8.svg
1167,78,12,钊,1,1,0,正篆,卷.部首.頁：4下.刀.92,钊說文‧刀部,,是,bronze/glyphwiki,https://www.zdic.net/hans/钊/xiaozhuan,https://img.zdic.net/zy/xiaozhuan/27_91D7.svg
1168,78,13,钘,1,1,0,正篆,卷.部首.頁：14上.金.294,钘說文‧金部,,是,glyphwiki,https://www.zdic.net/hans/钘/xiaozhuan,https://img.zdic.net/zy/xiaozhuan/27_9203.svg
1169,78,14,钞,1,1,0,正篆,卷.部首.頁：14上.金.298,钞說文‧金部,,是,glyphwiki,https://www.zdic.net/hans/钞/xiaozhuan,https://img.zdic.net/zy/xiaozhuan/27_9214.svg
1170,78,15,钮,2,1,1,古文+正篆,卷.部首.頁：14上.金.295,钮說文‧金部 | 钮說文古文,,是,glyphwiki,https://www.zdic.net/hans/钮/xiaozhuan,https://img.zdic.net/zy/xiaozhuan/27_9215.svg;https://img.zdic.net/zy/xiaozhuan/27_EBAD.svg
1171,79,1,钱,1,1,0,正篆,卷.部首.頁：14上.金.296,钱說文‧金部,,是,glyphwiki,https://www.zdic.net/hans/钱/xiaozhuan,https://img.zdic.net/zy/xiaozhuan/27_9322.svg
1172,79,2,钲,1,1,0,正篆,卷.部首.頁：14上.金.297,钲說文‧金部,,是,bronze/glyphwiki,https://www.zdic.net/hans/钲/xiaozhuan,https://img.zdic.net/zy/xiaozhuan/27_9266.svg
1173,79,3,铁,3,1,2,古文+或體+正篆,卷.部首.頁：14上.金.293,铁說文‧金部 | 铁說文或體 | 铁說文古文,,是,glyphwiki,https://www.zdic.net/hans/铁/xiaozhuan,https://img.zdic.net/zy/xiaozhuan/27_9435.svg;https://img.zdic.net/zy/xiaozhuan/27_EBA3.svg;https://img.zdic.net/zy/xiaozhuan/27_9295.svg
1174,79,4,铉,1,1,0,正篆,卷.部首.頁：14上.金.295,铉說文‧金部,,是,bronze/glyphwiki,https://www.zdic.net/hans/铉/xiaozhuan,https://img.zdic.net/zy/xiaozhuan/27_9249.svg
1175,79,5,铍,1,1,0,正篆,卷.部首.頁：14上.金.295,铍說文‧金部,,是,glyphwiki,https://www.zdic.net/hans/铍/xiaozhuan,https://img.zdic.net/zy/xiaozhuan/27_9239.svg
1176,79,6,铙,1,1,0,正篆,卷.部首.頁：14上.金.297,铙說文‧金部,,是,glyphwiki,https://www.zdic.net/hans/铙/xiaozhuan,https://img.zdic.net/zy/xiaozhuan/27_9403.svg
1177,79,7,铚,1,1,0,正篆,卷.部首.頁：14上.金.296,铚說文‧金部,,是,glyphwiki,https://www.zdic.net/hans/铚/xiaozhuan,https://img.zdic.net/zy/xiaozhuan/27_928D.svg
1178,79,8,铸,1,1,0,正篆,卷.部首.頁：14上.金.294,铸說文‧金部,,是,bamboo-silk/bronze/glyphwiki/oracle-bone,https://www.zdic.net/hans/铸/xiaozhuan,https://img.zdic.net/zy/xiaozhuan/27_9444.svg
1179,79,9,铺,1,1,0,正篆,卷.部首.頁：14上.金.298,铺說文‧金部,,是,bronze/glyphwiki,https://www.zdic.net/hans/铺/xiaozhuan,https://img.zdic.net/zy/xiaozhuan/27_92EA.svg
1180,79,10,锊,1,1,0,正篆,卷.部首.頁：14上.金.296,锊說文‧金部,,是,bronze/glyphwiki,https://www.zdic.net/hans/锊/xiaozhuan,https://img.zdic.net/zy/xiaozhuan/27_92DD.svg
1181,79,11,错,1,1,0,正篆,卷.部首.頁：14上.金.295,错說文‧金部,,是,glyphwiki,https://www.zdic.net/hans/错/xiaozhuan,https://img.zdic.net/zy/xiaozhuan/27_932F.svg
1182,79,12,锦,1,1,0,正篆,卷.部首.頁：7下.帛.160,锦說文‧帛部,,是,glyphwiki,https://www.zdic.net/hans/锦/xiaozhuan,https://img.zdic.net/zy/xiaozhuan/27_9326.svg
1183,79,13,锬,1,1,0,正篆,卷.部首.頁：14上.金.297,锬說文‧金部,,是,glyphwiki,https://www.zdic.net/hans/锬/xiaozhuan,https://img.zdic.net/zy/xiaozhuan/27_931F.svg
1184,79,14,镂,1,1,0,正篆,卷.部首.頁：14上.金.294,镂說文‧金部,,是,bronze/glyphwiki,https://www.zdic.net/hans/镂/xiaozhuan,https://img.zdic.net/zy/xiaozhuan/27_93E4.svg
1185,79,15,镈,1,1,0,正篆,卷.部首.頁：14上.金.297,镈說文‧金部,,是,bronze/glyphwiki,https://www.zdic.net/hans/镈/xiaozhuan,https://img.zdic.net/zy/xiaozhuan/27_939B.svg
1186,80,1,镠,1,1,0,正篆,卷.部首.頁：14上.金.297,镠說文‧金部,,是,bronze/glyphwiki,https://www.zdic.net/hans/镠/xiaozhuan,https://img.zdic.net/zy/xiaozhuan/27_93D0.svg
1187,80,2,闷,1,1,0,正篆,卷.部首.頁：10下.心.222,闷說文‧心部,,是,glyphwiki,https://www.zdic.net/hans/闷/xiaozhuan,https://img.zdic.net/zy/xiaozhuan/27_60B6.svg
1188,80,3,阅,1,1,0,正篆,卷.部首.頁：12上.門.249,阅說文‧門部,,是,glyphwiki,https://www.zdic.net/hans/阅/xiaozhuan,https://img.zdic.net/zy/xiaozhuan/27_95B1.svg
1189,80,4,阔,1,1,0,正篆,卷.部首.頁：12上.門.249,阔說文‧門部,,是,bronze/glyphwiki,https://www.zdic.net/hans/阔/xiaozhuan,https://img.zdic.net/zy/xiaozhuan/27_95CA.svg
1190,80,5,陀,1,1,0,正篆,卷.部首.頁：14下.阜.305,陀說文‧阜部,,是,bronze/glyphwiki,https://www.zdic.net/hans/陀/xiaozhuan,https://img.zdic.net/zy/xiaozhuan/27_9624.svg
1191,80,6,陂,1,1,0,正篆,卷.部首.頁：14下.阜.304,陂說文‧阜部,,是,bronze/glyphwiki,https://www.zdic.net/hans/陂/xiaozhuan,https://img.zdic.net/zy/xiaozhuan/27_9642.svg
1192,80,7,陉,1,1,0,正篆,卷.部首.頁：14下.阜.305,陉說文‧阜部,,是,glyphwiki,https://www.zdic.net/hans/陉/xiaozhuan,https://img.zdic.net/zy/xiaozhuan/27_9658.svg
1193,80,8,降,1,1,0,正篆,卷.部首.頁：14下.阜.305,降說文‧阜部,,是,bronze/glyphwiki/oracle-bone,https://www.zdic.net/hans/降/xiaozhuan,https://img.zdic.net/zy/xiaozhuan/27_964D.svg
1194,80,9,限,1,1,0,正篆,卷.部首.頁：14下.阜.304,限說文‧阜部,,是,bronze/glyphwiki,https://www.zdic.net/hans/限/xiaozhuan,https://img.zdic.net/zy/xiaozhuan/27_9650.svg
1195,80,10,陛,1,1,0,正篆,卷.部首.頁：14下.阜.306,陛說文‧阜部,,是,glyphwiki,https://www.zdic.net/hans/陛/xiaozhuan,https://img.zdic.net/zy/xiaozhuan/27_965B.svg
1196,80,11,陴,2,1,1,正篆+籀文,卷.部首.頁：14下.阜.306,陴說文‧阜部 | 陴說文籀文,,是,glyphwiki,https://www.zdic.net/hans/陴/xiaozhuan,https://img.zdic.net/zy/xiaozhuan/27_9674.svg;https://img.zdic.net/zy/xiaozhuan/27_EC59.svg
1197,80,12,陵,1,1,0,正篆,卷.部首.頁：14下.阜.304,陵說文‧阜部,,是,bronze/glyphwiki,https://www.zdic.net/hans/陵/xiaozhuan,https://img.zdic.net/zy/xiaozhuan/27_9675.svg
1198,80,13,隅,1,1,0,正篆,卷.部首.頁：14下.阜.304,隅說文‧阜部,,是,glyphwiki,https://www.zdic.net/hans/隅/xiaozhuan,https://img.zdic.net/zy/xiaozhuan/27_9685.svg
1199,80,14,隩,1,1,0,正篆,卷.部首.頁：14下.阜.305,隩說文‧阜部,,是,glyphwiki,https://www.zdic.net/hans/隩/xiaozhuan,https://img.zdic.net/zy/xiaozhuan/27_96A9.svg
1200,80,15,隰,1,1,0,正篆,卷.部首.頁：14下.阜.305,隰說文‧阜部,,是,glyphwiki,https://www.zdic.net/hans/隰/xiaozhuan,https://img.zdic.net/zy/xiaozhuan/27_96B0.svg
1201,81,1,隽,1,1,0,正篆,卷.部首.頁：4上.隹.77,隽說文‧隹部,,是,bronze/glyphwiki,https://www.zdic.net/hans/隽/xiaozhuan,https://img.zdic.net/zy/xiaozhuan/27_96CB.svg
1202,81,2,雄,1,1,0,正篆,卷.部首.頁：4上.隹.77,雄說文‧隹部,,是,glyphwiki,https://www.zdic.net/hans/雄/xiaozhuan,https://img.zdic.net/zy/xiaozhuan/27_96C4.svg
1203,81,3,雅,1,1,0,正篆,卷.部首.頁：4上.隹.76,雅說文‧隹部,,是,glyphwiki,https://www.zdic.net/hans/雅/xiaozhuan,https://img.zdic.net/zy/xiaozhuan/27_96C5.svg
1204,81,4,雉,2,1,1,古文+正篆,卷.部首.頁：4上.隹.76,雉說文‧隹部 | 雉說文古文,,是,glyphwiki/oracle-bone,https://www.zdic.net/hans/雉/xiaozhuan,https://img.zdic.net/zy/xiaozhuan/27_96C9.svg;https://img.zdic.net/zy/xiaozhuan/27_E31B.svg
1205,81,5,雕,2,1,1,正篆+籀文,卷.部首.頁：4上.隹.76,雕說文‧隹部 | 雕說文籀文,,是,bronze/glyphwiki,https://www.zdic.net/hans/雕/xiaozhuan,https://img.zdic.net/zy/xiaozhuan/27_96D5.svg;https://img.zdic.net/zy/xiaozhuan/27_9D70.svg
1206,81,6,霖,1,1,0,正篆,卷.部首.頁：11下.雨.241,霖說文‧雨部,,是,glyphwiki/oracle-bone,https://www.zdic.net/hans/霖/xiaozhuan,https://img.zdic.net/zy/xiaozhuan/27_9716.svg
1207,81,7,霪,1,1,0,正篆,卷.部首.頁：11上.水.231,霪說文‧水部,,是,glyphwiki,https://www.zdic.net/hans/霪/xiaozhuan,https://img.zdic.net/zy/xiaozhuan/27_6DEB.svg
1208,81,8,靡,1,1,0,正篆,卷.部首.頁：11下.非.246,靡說文‧非部,,是,glyphwiki,https://www.zdic.net/hans/靡/xiaozhuan,https://img.zdic.net/zy/xiaozhuan/27_9761.svg
1209,81,9,靬,1,1,0,正篆,卷.部首.頁：3下.革.60,靬說文‧革部,,是,glyphwiki,https://www.zdic.net/hans/靬/xiaozhuan,https://img.zdic.net/zy/xiaozhuan/27_976C.svg
1210,81,10,鞁,1,1,0,正篆,卷.部首.頁：3下.革.61,鞁說文‧革部,,是,glyphwiki,https://www.zdic.net/hans/鞁/xiaozhuan,https://img.zdic.net/zy/xiaozhuan/27_9781.svg
1211,81,11,鞅,1,1,0,正篆,卷.部首.頁：3下.革.62,鞅說文‧革部,,是,glyphwiki,https://www.zdic.net/hans/鞅/xiaozhuan,https://img.zdic.net/zy/xiaozhuan/27_9785.svg
1212,81,12,鞍,1,1,0,正篆,卷.部首.頁：3下.革.61,鞍說文‧革部,,是,glyphwiki,https://www.zdic.net/hans/鞍/xiaozhuan,https://img.zdic.net/zy/xiaozhuan/27_978D.svg
1213,81,13,鞔,1,1,0,正篆,卷.部首.頁：3下.革.60,鞔說文‧革部,,是,glyphwiki,https://www.zdic.net/hans/鞔/xiaozhuan,https://img.zdic.net/zy/xiaozhuan/27_9794.svg
1214,81,14,鞮,1,1,0,正篆,卷.部首.頁：3下.革.61,鞮說文‧革部,,是,glyphwiki,https://www.zdic.net/hans/鞮/xiaozhuan,https://img.zdic.net/zy/xiaozhuan/27_97AE.svg
1215,81,15,鞴,3,1,2,或體+正篆,卷.部首.頁：13上.糸.276,鞴說文‧糸部 | 鞴說文或體 | 鞴說文或體,,是,glyphwiki,https://www.zdic.net/hans/鞴/xiaozhuan,https://img.zdic.net/zy/xiaozhuan/27_EADF.svg;https://img.zdic.net/zy/xiaozhuan/27_832F.svg;https://img.zdic.net/zy/xiaozhuan/27_EAE0.svg
1216,82,1,韪,2,1,1,正篆+籀文,卷.部首.頁：2下.是.39,韪說文‧是部 | 韪說文籀文,,是,glyphwiki,https://www.zdic.net/hans/韪/xiaozhuan,https://img.zdic.net/zy/xiaozhuan/27_97D9.svg;https://img.zdic.net/zy/xiaozhuan/27_E155.svg
1217,82,2,项,1,1,0,正篆,卷.部首.頁：9上.頁.182,项說文‧頁部,,是,glyphwiki,https://www.zdic.net/hans/项/xiaozhuan,https://img.zdic.net/zy/xiaozhuan/27_9805.svg
1218,82,3,顼,1,1,0,正篆,卷.部首.頁：9上.頁.183,顼說文‧頁部,,是,bronze/glyphwiki,https://www.zdic.net/hans/顼/xiaozhuan,https://img.zdic.net/zy/xiaozhuan/27_980A.svg
1219,82,4,颊,2,1,1,正篆+籀文,卷.部首.頁：9上.頁.182,颊說文‧頁部 | 颊說文籀文,,是,glyphwiki,https://www.zdic.net/hans/颊/xiaozhuan,https://img.zdic.net/zy/xiaozhuan/27_9830.svg;https://img.zdic.net/zy/xiaozhuan/27_E75B.svg
1220,82,5,颠,1,1,0,正篆,卷.部首.頁：9上.頁.181,颠說文‧頁部,,是,bronze/glyphwiki,https://www.zdic.net/hans/颠/xiaozhuan,https://img.zdic.net/zy/xiaozhuan/27_985B.svg
1221,82,6,饕,3,1,2,或體+正篆+籀文,卷.部首.頁：5下.食.108,饕說文‧食部 | 饕說文或體 | 饕說文籀文,,是,bronze/glyphwiki,https://www.zdic.net/hans/饕/xiaozhuan,https://img.zdic.net/zy/xiaozhuan/27_9955.svg;https://img.zdic.net/zy/xiaozhuan/27_53E8.svg;https://img.zdic.net/zy/xiaozhuan/27_E484.svg
1222,82,7,饥,1,1,0,正篆,卷.部首.頁：5下.食.108,饥說文‧食部,,是,glyphwiki,https://www.zdic.net/hans/饥/xiaozhuan,https://img.zdic.net/zy/xiaozhuan/27_98E2.svg
1223,82,8,饬,1,1,0,正篆,卷.部首.頁：13下.力.292,饬說文‧力部,,是,glyphwiki,https://www.zdic.net/hans/饬/xiaozhuan,https://img.zdic.net/zy/xiaozhuan/27_98ED.svg
1224,82,9,饴,2,1,1,正篆+籀文,卷.部首.頁：5下.食.107,饴說文‧食部 | 饴說文籀文,,是,bronze/glyphwiki,https://www.zdic.net/hans/饴/xiaozhuan,https://img.zdic.net/zy/xiaozhuan/27_98F4.svg;https://img.zdic.net/zy/xiaozhuan/27_E46E.svg
1225,82,10,饵,2,1,1,或體+正篆,卷.部首.頁：3下.䰜.63,饵說文‧䰜部 | 饵說文或體,,是,glyphwiki,https://www.zdic.net/hans/饵/xiaozhuan,https://img.zdic.net/zy/xiaozhuan/27_E279.svg;https://img.zdic.net/zy/xiaozhuan/27_990C.svg
1226,82,11,馘,2,1,1,或體+正篆,卷.部首.頁：12上.耳.250,馘說文‧耳部 | 馘說文或體,,是,glyphwiki,https://www.zdic.net/hans/馘/xiaozhuan,https://img.zdic.net/zy/xiaozhuan/27_805D.svg;https://img.zdic.net/zy/xiaozhuan/27_9998.svg
1227,82,12,驻,1,1,0,正篆,卷.部首.頁：10上.馬.201,驻說文‧馬部,,是,glyphwiki,https://www.zdic.net/hans/驻/xiaozhuan,https://img.zdic.net/zy/xiaozhuan/27_99D0.svg
1228,82,13,骤,1,1,0,正篆,卷.部首.頁：10上.馬.201,骤說文‧馬部,,是,glyphwiki,https://www.zdic.net/hans/骤/xiaozhuan,https://img.zdic.net/zy/xiaozhuan/27_9A5F.svg
1229,82,14,骥,1,1,0,正篆,卷.部首.頁：10上.馬.199,骥說文‧馬部,,是,glyphwiki,https://www.zdic.net/hans/骥/xiaozhuan,https://img.zdic.net/zy/xiaozhuan/27_9A65.svg
1230,82,15,髀,2,1,1,古文+正篆,卷.部首.頁：4下.骨.86,髀說文‧骨部 | 髀說文古文,,是,glyphwiki,https://www.zdic.net/hans/髀/xiaozhuan,https://img.zdic.net/zy/xiaozhuan/27_9AC0.svg;https://img.zdic.net/zy/xiaozhuan/27_E387.svg
1231,83,1,髡,2,1,1,或體+正篆,卷.部首.頁：9上.髟.186,髡說文‧髟部 | 髡說文或體,,是,glyphwiki,https://www.zdic.net/hans/髡/xiaozhuan,https://img.zdic.net/zy/xiaozhuan/27_9AE1.svg;https://img.zdic.net/zy/xiaozhuan/27_E7A3.svg
1232,83,2,髫,1,1,0,正篆,卷.部首.頁：9上.髟.186,髫說文‧髟部,,是,bronze/glyphwiki,https://www.zdic.net/hans/髫/xiaozhuan,https://img.zdic.net/zy/xiaozhuan/27_9AEB.svg
1233,83,3,鬓,1,1,0,正篆,卷.部首.頁：9上.髟.185,鬓說文‧髟部,,是,bronze/glyphwiki,https://www.zdic.net/hans/鬓/xiaozhuan,https://img.zdic.net/zy/xiaozhuan/27_9B22.svg
1234,83,4,魋,1,1,0,正篆,卷.部首.頁：9上.鬼.189,魋說文‧鬼部,,是,glyphwiki,https://www.zdic.net/hans/魋/xiaozhuan,https://img.zdic.net/zy/xiaozhuan/27_9B4B.svg
1235,83,5,鲁,1,1,0,正篆,卷.部首.頁：4上.𦣹.74,鲁說文‧𦣹部,,是,bronze/glyphwiki/oracle-bone,https://www.zdic.net/hans/鲁/xiaozhuan,https://img.zdic.net/zy/xiaozhuan/27_9B6F.svg
1236,83,6,鲵,1,1,0,正篆,卷.部首.頁：11下.魚.243,鲵說文‧魚部,,是,glyphwiki,https://www.zdic.net/hans/鲵/xiaozhuan,https://img.zdic.net/zy/xiaozhuan/27_9BE2.svg
1237,83,7,鲷,1,1,0,正篆,卷.部首.頁：11下.魚.245,鲷說文‧魚部,,是,glyphwiki,https://www.zdic.net/hans/鲷/xiaozhuan,https://img.zdic.net/zy/xiaozhuan/27_9BDB.svg
1238,83,8,鳏,1,1,0,正篆,卷.部首.頁：11下.魚.243,鳏說文‧魚部,,是,bronze/glyphwiki,https://www.zdic.net/hans/鳏/xiaozhuan,https://img.zdic.net/zy/xiaozhuan/27_9C25.svg
1239,83,9,鸾,1,1,0,正篆,卷.部首.頁：4上.鳥.79,鸾說文‧鳥部,,是,bronze/glyphwiki,https://www.zdic.net/hans/鸾/xiaozhuan,https://img.zdic.net/zy/xiaozhuan/27_9E1E.svg
1240,83,10,鸿,1,1,0,正篆,卷.部首.頁：4上.鳥.80,鸿說文‧鳥部,,是,glyphwiki,https://www.zdic.net/hans/鸿/xiaozhuan,https://img.zdic.net/zy/xiaozhuan/27_9D3B.svg
1241,83,11,鹚,1,1,0,正篆,卷.部首.頁：4上.鳥.79,鹚說文‧鳥部,,是,bronze/glyphwiki,https://www.zdic.net/hans/鹚/xiaozhuan,https://img.zdic.net/zy/xiaozhuan/27_9E1E.svg
1242,83,12,麝,1,1,0,正篆,卷.部首.頁：10上.鹿.203,麝說文‧鹿部,,是,glyphwiki,https://www.zdic.net/hans/麝/xiaozhuan,https://img.zdic.net/zy/xiaozhuan/27_9E9D.svg
1243,83,13,麾,1,1,0,正篆,卷.部首.頁：12上.手.255,麾說文‧手部,,是,bronze/glyphwiki,https://www.zdic.net/hans/麾/xiaozhuan,https://img.zdic.net/zy/xiaozhuan/27_63EE.svg
1244,83,14,黎,1,1,0,正篆,卷.部首.頁：7上.黍.147,黎說文‧黍部,,是,glyphwiki,https://www.zdic.net/hans/黎/xiaozhuan,https://img.zdic.net/zy/xiaozhuan/27_9ECE.svg
1245,83,15,黧,1,1,0,正篆,卷.部首.頁：7上.黍.147,黧說文‧黍部,,是,glyphwiki,https://www.zdic.net/hans/黧/xiaozhuan,https://img.zdic.net/zy/xiaozhuan/27_9ECE.svg
1246,84,1,鼒,2,1,1,或體+正篆,卷.部首.頁：7上.鼎.143,鼒說文‧鼎部 | 鼒說文或體,,是,bronze/glyphwiki,https://www.zdic.net/hans/鼒/xiaozhuan,https://img.zdic.net/zy/xiaozhuan/27_9F12.svg;https://img.zdic.net/zy/xiaozhuan/27_93A1.svg
1247,84,2,鼙,1,1,0,正篆,卷.部首.頁：5上.鼓.102,鼙說文‧鼓部,,是,glyphwiki,https://www.zdic.net/hans/鼙/xiaozhuan,https://img.zdic.net/zy/xiaozhuan/27_9F19.svg
1248,84,3,龋,2,1,1,或體+正篆,卷.部首.頁：2下.牙.45,龋說文‧牙部 | 龋說文或體,,是,glyphwiki/oracle-bone,https://www.zdic.net/hans/龋/xiaozhuan,https://img.zdic.net/zy/xiaozhuan/27_E1BA.svg;https://img.zdic.net/zy/xiaozhuan/27_9F72.svg
1249,84,4,𨙸,3,1,2,古文+或體+正篆,卷.部首.頁：6下.邑.132,𨙸說文‧邑部 | 𨙸說文或體 | 𨙸說文古文,,是,glyphwiki,https://www.zdic.net/hans/𨙸/xiaozhuan,https://img.zdic.net/zy/xiaozhuan/27_E556.svg;https://img.zdic.net/zy/xiaozhuan/27_5C90.svg;https://img.zdic.net/zy/xiaozhuan/27_E557.svg
1250,84,5,䣘,1,1,0,正篆,卷.部首.頁：6下.邑.136,䣘說文‧邑部,,是,glyphwiki,https://www.zdic.net/hans/䣘/xiaozhuan,https://img.zdic.net/zy/xiaozhuan/27_E591.svg
1251,84,6,仉,1,1,0,正篆,卷.部首.頁：12上.手.250,仉說文‧手部,,是,glyphwiki,https://www.zdic.net/hans/仉/xiaozhuan,https://img.zdic.net/zy/xiaozhuan/27_638C.svg
1252,84,7,价,1,1,0,正篆,卷.部首.頁：8上.人.165,价說文‧人部,,是,glyphwiki,https://www.zdic.net/hans/价/xiaozhuan,https://img.zdic.net/zy/xiaozhuan/27_4EF7.svg
1253,84,8,伙,1,1,0,正篆,卷.部首.頁：7上.多.142,伙說文‧多部,,是,glyphwiki,https://www.zdic.net/hans/伙/xiaozhuan,https://img.zdic.net/zy/xiaozhuan/27_5925.svg
1254,84,9,伞,1,1,0,正篆,卷.部首.頁：13上.糸.278,伞說文‧糸部,,是,glyphwiki,https://www.zdic.net/hans/伞/xiaozhuan,https://img.zdic.net/zy/xiaozhuan/27_7E56.svg
1255,84,10,伭,1,1,0,正篆,卷.部首.頁：8上.人.166,伭說文‧人部,,是,glyphwiki,https://www.zdic.net/hans/伭/xiaozhuan,https://img.zdic.net/zy/xiaozhuan/27_4F2D.svg
1256,84,11,伽,1,1,0,正篆,卷.部首.頁：1下.艸.20,伽說文‧艸部,,是,glyphwiki,https://www.zdic.net/hans/伽/xiaozhuan,https://img.zdic.net/zy/xiaozhuan/27_8304.svg
1257,84,12,佞,1,1,0,正篆,卷.部首.頁：12下.女.263,佞說文‧女部,,是,glyphwiki,https://www.zdic.net/hans/佞/xiaozhuan,https://img.zdic.net/zy/xiaozhuan/27_4F5E.svg
1258,84,13,佶,1,1,0,正篆,卷.部首.頁：8上.人.162,佶說文‧人部,,是,glyphwiki,https://www.zdic.net/hans/佶/xiaozhuan,https://img.zdic.net/zy/xiaozhuan/27_4F76.svg
1259,84,14,佸,1,1,0,正篆,卷.部首.頁：8上.人.164,佸說文‧人部,,是,glyphwiki,https://www.zdic.net/hans/佸/xiaozhuan,https://img.zdic.net/zy/xiaozhuan/27_4F78.svg
1260,84,15,佺,1,1,0,正篆,卷.部首.頁：8上.人.163,佺說文‧人部,,是,glyphwiki,https://www.zdic.net/hans/佺/xiaozhuan,https://img.zdic.net/zy/xiaozhuan/27_4F7A.svg
1261,85,1,佾,1,1,0,正篆,卷.部首.頁：8上.人.168,佾說文‧人部,,是,glyphwiki,https://www.zdic.net/hans/佾/xiaozhuan,https://img.zdic.net/zy/xiaozhuan/27_4F7E.svg
1262,85,2,侑,2,1,1,或體+正篆,卷.部首.頁：12下.女.262,侑說文‧女部 | 侑說文或體,,是,glyphwiki,https://www.zdic.net/hans/侑/xiaozhuan,https://img.zdic.net/zy/xiaozhuan/27_59F7.svg;https://img.zdic.net/zy/xiaozhuan/27_4F91.svg
1263,85,3,侗,1,1,0,正篆,卷.部首.頁：8上.人.162,侗說文‧人部,,是,glyphwiki,https://www.zdic.net/hans/侗/xiaozhuan,https://img.zdic.net/zy/xiaozhuan/27_4F97.svg
1264,85,4,依,1,1,0,正篆,卷.部首.頁：8上.人.164,依說文‧人部,,是,bamboo-silk/glyphwiki/oracle-bone,https://www.zdic.net/hans/依/xiaozhuan,https://img.zdic.net/zy/xiaozhuan/27_4F9D.svg
1265,85,5,侣,1,1,0,正篆,卷.部首.頁：8上.人.168,侣說文‧人部,,是,glyphwiki,https://www.zdic.net/hans/侣/xiaozhuan,https://img.zdic.net/zy/xiaozhuan/27_4FB6.svg
1266,85,6,侩,1,1,0,正篆,卷.部首.頁：8上.人.168,侩說文‧人部,,是,glyphwiki,https://www.zdic.net/hans/侩/xiaozhuan,https://img.zdic.net/zy/xiaozhuan/27_5108.svg
1267,85,7,促,1,1,0,正篆,卷.部首.頁：8上.人.167,促說文‧人部,,是,glyphwiki,https://www.zdic.net/hans/促/xiaozhuan,https://img.zdic.net/zy/xiaozhuan/27_4FC3.svg
1268,85,8,俅,1,1,0,正篆,卷.部首.頁：8上.人.161,俅說文‧人部,,是,glyphwiki,https://www.zdic.net/hans/俅/xiaozhuan,https://img.zdic.net/zy/xiaozhuan/27_4FC5.svg
1269,85,9,俚,1,1,0,正篆,卷.部首.頁：8上.人.163,俚說文‧人部,,是,glyphwiki,https://www.zdic.net/hans/俚/xiaozhuan,https://img.zdic.net/zy/xiaozhuan/27_4FDA.svg
1270,85,10,俣,1,1,0,正篆,卷.部首.頁：8上.人.163,俣說文‧人部,,是,glyphwiki,https://www.zdic.net/hans/俣/xiaozhuan,https://img.zdic.net/zy/xiaozhuan/27_4FC1.svg
1271,85,11,俪,1,1,0,正篆,卷.部首.頁：8上.人.165,俪說文‧人部,,是,glyphwiki,https://www.zdic.net/hans/俪/xiaozhuan,https://img.zdic.net/zy/xiaozhuan/27_5137.svg
1272,85,12,俳,1,1,0,正篆,卷.部首.頁：8上.人.166,俳說文‧人部,,是,glyphwiki,https://www.zdic.net/hans/俳/xiaozhuan,https://img.zdic.net/zy/xiaozhuan/27_4FF3.svg
1273,85,13,候,1,1,0,正篆,卷.部首.頁：8上.人.165,候說文‧人部,,是,glyphwiki,https://www.zdic.net/hans/候/xiaozhuan,https://img.zdic.net/zy/xiaozhuan/27_5019.svg
1274,85,14,倬,1,1,0,正篆,卷.部首.頁：8上.人.163,倬說文‧人部,,是,glyphwiki,https://www.zdic.net/hans/倬/xiaozhuan,https://img.zdic.net/zy/xiaozhuan/27_502C.svg
1275,85,15,倮,2,1,1,或體+正篆,卷.部首.頁：8上.衣.172,倮說文‧衣部 | 倮說文或體,,是,glyphwiki,https://www.zdic.net/hans/倮/xiaozhuan,https://img.zdic.net/zy/xiaozhuan/27_E6EF.svg;https://img.zdic.net/zy/xiaozhuan/27_88F8.svg
1276,86,1,债,1,1,0,正篆,卷.部首.頁：8上.人.168,债說文‧人部,,是,glyphwiki,https://www.zdic.net/hans/债/xiaozhuan,https://img.zdic.net/zy/xiaozhuan/27_50B5.svg
1277,86,2,倾,1,1,0,正篆,卷.部首.頁：8上.人.164,倾說文‧人部,,是,glyphwiki,https://www.zdic.net/hans/倾/xiaozhuan,https://img.zdic.net/zy/xiaozhuan/27_50BE.svg
1278,86,3,偌,1,1,0,正篆,卷.部首.頁：10下.心.224,偌說文‧心部,,是,glyphwiki,https://www.zdic.net/hans/偌/xiaozhuan,https://img.zdic.net/zy/xiaozhuan/27_60F9.svg
1279,86,4,偓,1,1,0,正篆,卷.部首.頁：8上.人.163,偓說文‧人部,,是,glyphwiki,https://www.zdic.net/hans/偓/xiaozhuan,https://img.zdic.net/zy/xiaozhuan/27_5053.svg
1280,86,5,偭,1,1,0,正篆,卷.部首.頁：8上.人.165,偭說文‧人部,,是,glyphwiki,https://www.zdic.net/hans/偭/xiaozhuan,https://img.zdic.net/zy/xiaozhuan/27_506D.svg
1281,86,6,偲,1,1,0,正篆,卷.部首.頁：8上.人.163,偲說文‧人部,,是,glyphwiki,https://www.zdic.net/hans/偲/xiaozhuan,https://img.zdic.net/zy/xiaozhuan/27_5072.svg
1282,86,7,傒,2,1,1,或體+正篆,卷.部首.頁：2下.彳.43,傒說文‧彳部 | 傒說文或體,,是,glyphwiki,https://www.zdic.net/hans/傒/xiaozhuan,https://img.zdic.net/zy/xiaozhuan/27_5FAF.svg;https://img.zdic.net/zy/xiaozhuan/27_8E4A.svg
1283,86,8,傥,1,1,0,正篆,卷.部首.頁：8上.人.168,傥說文‧人部,,是,glyphwiki,https://www.zdic.net/hans/傥/xiaozhuan,https://img.zdic.net/zy/xiaozhuan/27_513B.svg
1284,86,9,储,1,1,0,正篆,卷.部首.頁：8上.人.163,储說文‧人部,,是,glyphwiki,https://www.zdic.net/hans/储/xiaozhuan,https://img.zdic.net/zy/xiaozhuan/27_5132.svg
1285,86,10,催,1,1,0,正篆,卷.部首.頁：8上.人.167,催說文‧人部,,是,glyphwiki,https://www.zdic.net/hans/催/xiaozhuan,https://img.zdic.net/zy/xiaozhuan/27_50AC.svg
1286,86,11,儡,1,1,0,正篆,卷.部首.頁：8上.人.167,儡說文‧人部,,是,glyphwiki,https://www.zdic.net/hans/儡/xiaozhuan,https://img.zdic.net/zy/xiaozhuan/27_5121.svg
1287,86,12,儦,1,1,0,正篆,卷.部首.頁：8上.人.162,儦說文‧人部,,是,glyphwiki,https://www.zdic.net/hans/儦/xiaozhuan,https://img.zdic.net/zy/xiaozhuan/27_5126.svg
1288,86,13,儳,1,1,0,正篆,卷.部首.頁：8上.人.166,儳說文‧人部,,是,glyphwiki,https://www.zdic.net/hans/儳/xiaozhuan,https://img.zdic.net/zy/xiaozhuan/27_5133.svg
1289,86,14,冻,1,1,0,正篆,卷.部首.頁：11下.仌.240,冻說文‧仌部,,是,glyphwiki,https://www.zdic.net/hans/冻/xiaozhuan,https://img.zdic.net/zy/xiaozhuan/27_51CD.svg
1290,86,15,冽,1,1,0,正篆,卷.部首.頁：11上.水.230,冽說文‧水部,,是,glyphwiki,https://www.zdic.net/hans/冽/xiaozhuan,https://img.zdic.net/zy/xiaozhuan/27_6D0C.svg
1291,87,1,凄,1,1,0,正篆,卷.部首.頁：10下.心.222,凄說文‧心部,,是,glyphwiki/oracle-bone,https://www.zdic.net/hans/凄/xiaozhuan,https://img.zdic.net/zy/xiaozhuan/27_60BD.svg
1292,87,2,准,1,1,0,正篆,卷.部首.頁：11上.水.235,准說文‧水部,,是,glyphwiki,https://www.zdic.net/hans/准/xiaozhuan,https://img.zdic.net/zy/xiaozhuan/27_6E96.svg
1293,87,3,凓,1,1,0,正篆,卷.部首.頁：11下.仌.241,凓說文‧仌部,,是,glyphwiki,https://www.zdic.net/hans/凓/xiaozhuan,https://img.zdic.net/zy/xiaozhuan/27_E97F.svg
1294,87,4,凘,1,1,0,正篆,卷.部首.頁：11下.仌.240,凘說文‧仌部,,是,glyphwiki,https://www.zdic.net/hans/凘/xiaozhuan,https://img.zdic.net/zy/xiaozhuan/27_51D8.svg
1295,87,5,判,1,1,0,正篆,卷.部首.頁：4下.刀.91,判說文‧刀部,,是,glyphwiki,https://www.zdic.net/hans/判/xiaozhuan,https://img.zdic.net/zy/xiaozhuan/27_5224.svg
1296,87,6,刭,1,1,0,正篆,卷.部首.頁：4下.刀.92,刭說文‧刀部,,是,glyphwiki,https://www.zdic.net/hans/刭/xiaozhuan,https://img.zdic.net/zy/xiaozhuan/27_5244.svg
1297,87,7,刮,1,1,0,正篆,卷.部首.頁：4下.刀.92,刮說文‧刀部,,是,glyphwiki,https://www.zdic.net/hans/刮/xiaozhuan,https://img.zdic.net/zy/xiaozhuan/27_522E.svg
1298,87,8,刳,1,1,0,正篆,卷.部首.頁：4下.刀.91,刳說文‧刀部,,是,glyphwiki,https://www.zdic.net/hans/刳/xiaozhuan,https://img.zdic.net/zy/xiaozhuan/27_5233.svg
1299,87,9,刽,1,1,0,正篆,卷.部首.頁：4下.刀.91,刽說文‧刀部,,是,glyphwiki,https://www.zdic.net/hans/刽/xiaozhuan,https://img.zdic.net/zy/xiaozhuan/27_528A.svg
1300,87,10,刿,1,1,0,正篆,卷.部首.頁：4下.刀.91,刿說文‧刀部,,是,glyphwiki,https://www.zdic.net/hans/刿/xiaozhuan,https://img.zdic.net/zy/xiaozhuan/27_528C.svg
1301,87,11,剂,1,1,0,正篆,卷.部首.頁：4下.刀.92,剂說文‧刀部,,是,glyphwiki,https://www.zdic.net/hans/剂/xiaozhuan,https://img.zdic.net/zy/xiaozhuan/27_5291.svg
1302,87,12,剖,1,1,0,正篆,卷.部首.頁：4下.刀.91,剖說文‧刀部,,是,glyphwiki,https://www.zdic.net/hans/剖/xiaozhuan,https://img.zdic.net/zy/xiaozhuan/27_5256.svg
1303,87,13,剜,1,1,0,正篆,卷.部首.頁：4下.刀.92,剜說文‧刀部,,是,glyphwiki,https://www.zdic.net/hans/剜/xiaozhuan,https://img.zdic.net/zy/xiaozhuan/27_525C.svg
1304,87,14,剞,1,1,0,正篆,卷.部首.頁：4下.刀.91,剞說文‧刀部,,是,glyphwiki,https://www.zdic.net/hans/剞/xiaozhuan,https://img.zdic.net/zy/xiaozhuan/27_525E.svg
1305,87,15,剟,1,1,0,正篆,卷.部首.頁：4下.刀.91,剟說文‧刀部,,是,glyphwiki,https://www.zdic.net/hans/剟/xiaozhuan,https://img.zdic.net/zy/xiaozhuan/27_525F.svg
1306,88,1,剡,1,1,0,正篆,卷.部首.頁：4下.刀.91,剡說文‧刀部,,是,glyphwiki,https://www.zdic.net/hans/剡/xiaozhuan,https://img.zdic.net/zy/xiaozhuan/27_5261.svg
1307,88,2,剧,1,1,0,正篆,卷.部首.頁：4下.刀.93,剧說文‧刀部,,是,glyphwiki,https://www.zdic.net/hans/剧/xiaozhuan,https://img.zdic.net/zy/xiaozhuan/27_5287.svg
1308,88,3,剪,1,1,0,正篆,卷.部首.頁：4下.刀.91、2上.止.38,剪說文‧刀部,,是,glyphwiki,https://www.zdic.net/hans/剪/xiaozhuan,https://img.zdic.net/zy/xiaozhuan/27_526A.svg
1309,88,4,劈,1,1,0,正篆,卷.部首.頁：4下.刀.92,劈說文‧刀部,,是,glyphwiki,https://www.zdic.net/hans/劈/xiaozhuan,https://img.zdic.net/zy/xiaozhuan/27_5288.svg
1310,88,5,办,1,1,0,正篆,卷.部首.頁：13下.力.293,办說文‧力部,,是,glyphwiki,https://www.zdic.net/hans/办/xiaozhuan,https://img.zdic.net/zy/xiaozhuan/27_8FA6.svg
1311,88,6,努,1,1,0,正篆,卷.部首.頁：2上.口.33,努說文‧口部,,是,glyphwiki,https://www.zdic.net/hans/努/xiaozhuan,https://img.zdic.net/zy/xiaozhuan/27_5476.svg
1312,88,7,劬,1,1,0,正篆,卷.部首.頁：13下.力.293,劬說文‧力部,,是,glyphwiki,https://www.zdic.net/hans/劬/xiaozhuan,https://img.zdic.net/zy/xiaozhuan/27_52AC.svg
1313,88,8,劭,1,1,0,正篆,卷.部首.頁：13下.力.292,劭說文‧力部,,是,glyphwiki,https://www.zdic.net/hans/劭/xiaozhuan,https://img.zdic.net/zy/xiaozhuan/27_52AD.svg
1314,88,9,勖,1,1,0,正篆,卷.部首.頁：13下.力.292,勖說文‧力部,,是,glyphwiki,https://www.zdic.net/hans/勖/xiaozhuan,https://img.zdic.net/zy/xiaozhuan/27_52D6.svg
1315,88,10,勚,1,1,0,正篆,卷.部首.頁：13下.力.292,勚說文‧力部,,是,glyphwiki,https://www.zdic.net/hans/勚/xiaozhuan,https://img.zdic.net/zy/xiaozhuan/27_52E9.svg
1316,88,11,勠,1,1,0,正篆,卷.部首.頁：13下.力.292,勠說文‧力部,,是,glyphwiki,https://www.zdic.net/hans/勠/xiaozhuan,https://img.zdic.net/zy/xiaozhuan/27_EB96.svg
1317,88,12,勰,1,1,0,正篆,卷.部首.頁：13下.劦.293,勰說文‧劦部,,是,glyphwiki,https://www.zdic.net/hans/勰/xiaozhuan,https://img.zdic.net/zy/xiaozhuan/27_52F0.svg
1318,88,13,匍,1,1,0,正篆,卷.部首.頁：9上.勹.187,匍說文‧勹部,,是,bronze/glyphwiki,https://www.zdic.net/hans/匍/xiaozhuan,https://img.zdic.net/zy/xiaozhuan/27_530D.svg
1319,88,14,匏,1,1,0,正篆,卷.部首.頁：9上.包.188,匏說文‧包部,,是,glyphwiki,https://www.zdic.net/hans/匏/xiaozhuan,https://img.zdic.net/zy/xiaozhuan/27_530F.svg
1320,88,15,匦,4,1,3,古文+正篆,卷.部首.頁：5上.竹.97,匦說文‧竹部 | 匦說文古文 | 匦說文古文 | 匦說文古文,,是,bronze/glyphwiki,https://www.zdic.net/hans/匦/xiaozhuan,https://img.zdic.net/zy/xiaozhuan/27_7C0B.svg;https://img.zdic.net/zy/xiaozhuan/27_E3FE.svg;https://img.zdic.net/zy/xiaozhuan/27_532D.svg;https://img.zdic.net/zy/xiaozhuan/27_6739.svg
1321,89,1,卸,1,1,0,正篆,卷.部首.頁：9上.卩.187,卸說文‧卩部,,是,glyphwiki,https://www.zdic.net/hans/卸/xiaozhuan,https://img.zdic.net/zy/xiaozhuan/27_5378.svg
1322,89,2,卺,1,1,0,正篆,卷.部首.頁：14下.己.309,卺說文‧己部,,是,glyphwiki,https://www.zdic.net/hans/卺/xiaozhuan,https://img.zdic.net/zy/xiaozhuan/27_5DF9.svg
1323,89,3,压,1,1,0,正篆,卷.部首.頁：13下.土.289,压說文‧土部,,是,glyphwiki,https://www.zdic.net/hans/压/xiaozhuan,https://img.zdic.net/zy/xiaozhuan/27_58D3.svg
1324,89,4,厢,1,1,0,正篆,卷.部首.頁：9下.广.193,厢說文‧广部,,是,glyphwiki,https://www.zdic.net/hans/厢/xiaozhuan,https://img.zdic.net/zy/xiaozhuan/27_5EC2.svg
1325,89,5,厦,1,1,0,正篆,卷.部首.頁：9下.广.193,厦說文‧广部,,是,glyphwiki,https://www.zdic.net/hans/厦/xiaozhuan,https://img.zdic.net/zy/xiaozhuan/27_5EC8.svg
1326,89,6,吐,1,1,0,正篆,卷.部首.頁：2上.口.33,吐說文‧口部,,是,glyphwiki,https://www.zdic.net/hans/吐/xiaozhuan,https://img.zdic.net/zy/xiaozhuan/27_5410.svg
1327,89,7,吠,1,1,0,正篆,卷.部首.頁：2上.口.34,吠說文‧口部,,是,glyphwiki,https://www.zdic.net/hans/吠/xiaozhuan,https://img.zdic.net/zy/xiaozhuan/27_5420.svg
1328,89,8,吸,1,1,0,正篆,卷.部首.頁：2上.口.31,吸說文‧口部,,是,glyphwiki,https://www.zdic.net/hans/吸/xiaozhuan,https://img.zdic.net/zy/xiaozhuan/27_5438.svg
1329,89,9,呀,1,1,0,正篆,卷.部首.頁：2上.口.35,呀說文‧口部,,是,glyphwiki,https://www.zdic.net/hans/呀/xiaozhuan,https://img.zdic.net/zy/xiaozhuan/27_5440.svg
1330,89,10,呱,1,1,0,正篆,卷.部首.頁：2上.口.30,呱說文‧口部,,是,glyphwiki,https://www.zdic.net/hans/呱/xiaozhuan,https://img.zdic.net/zy/xiaozhuan/27_5471.svg
1331,89,11,呶,1,1,0,正篆,卷.部首.頁：2上.口.33,呶說文‧口部,,是,glyphwiki,https://www.zdic.net/hans/呶/xiaozhuan,https://img.zdic.net/zy/xiaozhuan/27_5476.svg
1332,89,12,咄,1,1,0,正篆,卷.部首.頁：2上.口.32,咄說文‧口部,,是,glyphwiki,https://www.zdic.net/hans/咄/xiaozhuan,https://img.zdic.net/zy/xiaozhuan/27_5484.svg
1333,89,13,和,1,1,0,正篆,卷.部首.頁：2上.口.32,和說文‧口部,,是,bamboo-silk/bronze/glyphwiki,https://www.zdic.net/hans/和/xiaozhuan,https://img.zdic.net/zy/xiaozhuan/27_548C.svg
1334,89,14,咍,1,1,0,正篆,卷.部首.頁：2上.口.35,咍說文‧口部,,是,glyphwiki,https://www.zdic.net/hans/咍/xiaozhuan,https://img.zdic.net/zy/xiaozhuan/27_548D.svg
1335,89,15,咥,1,1,0,正篆,卷.部首.頁：2上.口.32,咥說文‧口部,,是,glyphwiki,https://www.zdic.net/hans/咥/xiaozhuan,https://img.zdic.net/zy/xiaozhuan/27_54A5.svg
1336,90,1,咳,2,1,1,古文+正篆,卷.部首.頁：2上.口.31,咳說文‧口部 | 咳說文古文,,是,glyphwiki,https://www.zdic.net/hans/咳/xiaozhuan,https://img.zdic.net/zy/xiaozhuan/27_54B3.svg;https://img.zdic.net/zy/xiaozhuan/27_5B69.svg
1337,90,2,咽,1,1,0,正篆,卷.部首.頁：2上.口.30,咽說文‧口部,,是,glyphwiki,https://www.zdic.net/hans/咽/xiaozhuan,https://img.zdic.net/zy/xiaozhuan/27_54BD.svg
1338,90,3,哆,1,1,0,正篆,卷.部首.頁：2上.口.30,哆說文‧口部,,是,glyphwiki,https://www.zdic.net/hans/哆/xiaozhuan,https://img.zdic.net/zy/xiaozhuan/27_54C6.svg
1339,90,4,哇,1,1,0,正篆,卷.部首.頁：2上.口.33,哇說文‧口部,,是,glyphwiki,https://www.zdic.net/hans/哇/xiaozhuan,https://img.zdic.net/zy/xiaozhuan/27_54C7.svg
1340,90,5,哌,1,1,0,正篆,卷.部首.頁：2上.口.30,哌說文‧口部,,是,glyphwiki,https://www.zdic.net/hans/哌/xiaozhuan,https://img.zdic.net/zy/xiaozhuan/27_5471.svg
1341,90,6,哑,1,1,0,正篆,卷.部首.頁：2上.口.32,哑說文‧口部,,是,glyphwiki,https://www.zdic.net/hans/哑/xiaozhuan,https://img.zdic.net/zy/xiaozhuan/27_555E.svg
1342,90,7,哨,1,1,0,正篆,卷.部首.頁：2上.口.34,哨說文‧口部,,是,glyphwiki,https://www.zdic.net/hans/哨/xiaozhuan,https://img.zdic.net/zy/xiaozhuan/27_54E8.svg
1343,90,8,哪,1,1,0,正篆,卷.部首.頁：6下.邑.134,哪說文‧邑部,,是,glyphwiki,https://www.zdic.net/hans/哪/xiaozhuan,https://img.zdic.net/zy/xiaozhuan/27_90A3.svg
1344,90,9,哮,1,1,0,正篆,卷.部首.頁：2上.口.34,哮說文‧口部,,是,glyphwiki,https://www.zdic.net/hans/哮/xiaozhuan,https://img.zdic.net/zy/xiaozhuan/27_54EE.svg
1345,90,10,哱,3,1,2,或體+正篆+籀文,卷.部首.頁：3上.言.54,哱說文‧言部 | 哱說文或體 | 哱說文籀文,,是,glyphwiki,https://www.zdic.net/hans/哱/xiaozhuan,https://img.zdic.net/zy/xiaozhuan/27_8A96.svg;https://img.zdic.net/zy/xiaozhuan/27_6096.svg;https://img.zdic.net/zy/xiaozhuan/27_F4BF.svg
1346,90,11,哽,1,1,0,正篆,卷.部首.頁：2上.口.33,哽說文‧口部,,是,glyphwiki,https://www.zdic.net/hans/哽/xiaozhuan,https://img.zdic.net/zy/xiaozhuan/27_54FD.svg
1347,90,12,哿,1,1,0,正篆,卷.部首.頁：5上.可.101,哿說文‧可部,,是,glyphwiki,https://www.zdic.net/hans/哿/xiaozhuan,https://img.zdic.net/zy/xiaozhuan/27_54FF.svg
1348,90,13,唁,1,1,0,正篆,卷.部首.頁：2上.口.34,唁說文‧口部,,是,glyphwiki,https://www.zdic.net/hans/唁/xiaozhuan,https://img.zdic.net/zy/xiaozhuan/27_5501.svg
1349,90,14,唇,1,1,0,正篆,卷.部首.頁：2上.口.33,唇說文‧口部,,是,glyphwiki,https://www.zdic.net/hans/唇/xiaozhuan,https://img.zdic.net/zy/xiaozhuan/27_5507.svg
1350,90,15,唉,1,1,0,正篆,卷.部首.頁：2上.口.32,唉說文‧口部,,是,glyphwiki,https://www.zdic.net/hans/唉/xiaozhuan,https://img.zdic.net/zy/xiaozhuan/27_5509.svg
1351,91,1,唪,1,1,0,正篆,卷.部首.頁：2上.口.32,唪說文‧口部,,是,glyphwiki,https://www.zdic.net/hans/唪/xiaozhuan,https://img.zdic.net/zy/xiaozhuan/27_552A.svg
1352,91,2,售,1,1,0,正篆,卷.部首.頁：2上.口.35,售說文‧口部,,是,glyphwiki,https://www.zdic.net/hans/售/xiaozhuan,https://img.zdic.net/zy/xiaozhuan/27_552E.svg
1353,91,3,唳,1,1,0,正篆,卷.部首.頁：2上.口.35,唳說文‧口部,,是,glyphwiki,https://www.zdic.net/hans/唳/xiaozhuan,https://img.zdic.net/zy/xiaozhuan/27_5533.svg
1354,91,4,唼,1,1,0,正篆,卷.部首.頁：8上.人.164,唼說文‧人部,,是,glyphwiki,https://www.zdic.net/hans/唼/xiaozhuan,https://img.zdic.net/zy/xiaozhuan/27_5022.svg
1355,91,5,啁,1,1,0,正篆,卷.部首.頁：2上.口.33,啁說文‧口部,,是,glyphwiki,https://www.zdic.net/hans/啁/xiaozhuan,https://img.zdic.net/zy/xiaozhuan/27_5541.svg
1356,91,6,啃,1,1,0,正篆,卷.部首.頁：2下.齒.45,啃說文‧齒部,,是,glyphwiki,https://www.zdic.net/hans/啃/xiaozhuan,https://img.zdic.net/zy/xiaozhuan/27_9F66.svg
1357,91,7,啄,1,1,0,正篆,卷.部首.頁：2上.口.35,啄說文‧口部,,是,glyphwiki,https://www.zdic.net/hans/啄/xiaozhuan,https://img.zdic.net/zy/xiaozhuan/27_5544.svg
1358,91,8,啕,1,1,0,正篆,卷.部首.頁：2上.口.31,啕說文‧口部,,是,glyphwiki,https://www.zdic.net/hans/啕/xiaozhuan,https://img.zdic.net/zy/xiaozhuan/27_54B7.svg
1359,91,9,啧,2,1,1,或體+正篆,卷.部首.頁：2上.口.34,啧說文‧口部 | 啧說文或體,,是,glyphwiki,https://www.zdic.net/hans/啧/xiaozhuan,https://img.zdic.net/zy/xiaozhuan/27_5616.svg;https://img.zdic.net/zy/xiaozhuan/27_8B2E.svg
1360,91,10,啾,1,1,0,正篆,卷.部首.頁：2上.口.30,啾說文‧口部,,是,glyphwiki,https://www.zdic.net/hans/啾/xiaozhuan,https://img.zdic.net/zy/xiaozhuan/27_557E.svg
1361,91,11,喁,1,1,0,正篆,卷.部首.頁：2上.口.35,喁說文‧口部,,是,glyphwiki,https://www.zdic.net/hans/喁/xiaozhuan,https://img.zdic.net/zy/xiaozhuan/27_5581.svg
1362,91,12,喈,1,1,0,正篆,卷.部首.頁：2上.口.34,喈說文‧口部,,是,glyphwiki,https://www.zdic.net/hans/喈/xiaozhuan,https://img.zdic.net/zy/xiaozhuan/27_5588.svg
1363,91,13,喉,1,1,0,正篆,卷.部首.頁：2上.口.30,喉說文‧口部,,是,glyphwiki,https://www.zdic.net/hans/喉/xiaozhuan,https://img.zdic.net/zy/xiaozhuan/27_5589.svg
1364,91,14,喑,1,1,0,正篆,卷.部首.頁：2上.口.31,喑說文‧口部,,是,glyphwiki,https://www.zdic.net/hans/喑/xiaozhuan,https://img.zdic.net/zy/xiaozhuan/27_5591.svg
1365,91,15,喔,1,1,0,正篆,卷.部首.頁：2上.口.34,喔說文‧口部,,是,glyphwiki,https://www.zdic.net/hans/喔/xiaozhuan,https://img.zdic.net/zy/xiaozhuan/27_5594.svg
1366,92,1,喟,2,1,1,或體+正篆,卷.部首.頁：2上.口.31,喟說文‧口部 | 喟說文或體,,是,glyphwiki,https://www.zdic.net/hans/喟/xiaozhuan,https://img.zdic.net/zy/xiaozhuan/27_559F.svg;https://img.zdic.net/zy/xiaozhuan/27_5633.svg
1367,92,2,喤,1,1,0,正篆,卷.部首.頁：2上.口.30,喤說文‧口部,,是,glyphwiki,https://www.zdic.net/hans/喤/xiaozhuan,https://img.zdic.net/zy/xiaozhuan/27_55A4.svg
1368,92,3,嗔,1,1,0,正篆,卷.部首.頁：2上.口.32,嗔說文‧口部,,是,glyphwiki,https://www.zdic.net/hans/嗔/xiaozhuan,https://img.zdic.net/zy/xiaozhuan/27_55D4.svg
1369,92,4,嗾,1,1,0,正篆,卷.部首.頁：2上.口.34,嗾說文‧口部,,是,glyphwiki,https://www.zdic.net/hans/嗾/xiaozhuan,https://img.zdic.net/zy/xiaozhuan/27_55FE.svg
1370,92,5,嘀,1,1,0,正篆,卷.部首.頁：3上.言.56,嘀說文‧言部,,是,glyphwiki,https://www.zdic.net/hans/嘀/xiaozhuan,https://img.zdic.net/zy/xiaozhuan/27_8B2B.svg
1371,92,6,嘿,1,1,0,正篆,卷.部首.頁：10上.犬.204,嘿說文‧犬部,,是,glyphwiki,https://www.zdic.net/hans/嘿/xiaozhuan,https://img.zdic.net/zy/xiaozhuan/27_9ED8.svg
1372,92,7,噂,1,1,0,正篆,卷.部首.頁：2上.口.32,噂說文‧口部,,是,glyphwiki,https://www.zdic.net/hans/噂/xiaozhuan,https://img.zdic.net/zy/xiaozhuan/27_5642.svg
1373,92,8,噍,2,1,1,或體+正篆,卷.部首.頁：2上.口.31,噍說文‧口部 | 噍說文或體,,是,glyphwiki,https://www.zdic.net/hans/噍/xiaozhuan,https://img.zdic.net/zy/xiaozhuan/27_F0E2.svg;https://img.zdic.net/zy/xiaozhuan/27_56BC.svg
1374,92,9,噎,1,1,0,正篆,卷.部首.頁：2上.口.33,噎說文‧口部,,是,glyphwiki,https://www.zdic.net/hans/噎/xiaozhuan,https://img.zdic.net/zy/xiaozhuan/27_564E.svg
1375,92,10,噤,1,1,0,正篆,卷.部首.頁：2上.口.31,噤說文‧口部,,是,glyphwiki,https://www.zdic.net/hans/噤/xiaozhuan,https://img.zdic.net/zy/xiaozhuan/27_5664.svg
1376,92,11,噬,1,1,0,正篆,卷.部首.頁：2上.口.31,噬說文‧口部,,是,glyphwiki,https://www.zdic.net/hans/噬/xiaozhuan,https://img.zdic.net/zy/xiaozhuan/27_566C.svg
1377,92,12,嚏,1,1,0,正篆,卷.部首.頁：2上.口.31,嚏說文‧口部,,是,glyphwiki,https://www.zdic.net/hans/嚏/xiaozhuan,https://img.zdic.net/zy/xiaozhuan/27_568F.svg
1378,92,13,嚼,2,1,1,或體+正篆,卷.部首.頁：2上.口.31,嚼說文‧口部 | 嚼說文或體,,是,glyphwiki,https://www.zdic.net/hans/嚼/xiaozhuan,https://img.zdic.net/zy/xiaozhuan/27_F0E2.svg;https://img.zdic.net/zy/xiaozhuan/27_56BC.svg
1379,92,14,圪,1,1,0,正篆,卷.部首.頁：13下.土.287,圪說文‧土部,,是,glyphwiki,https://www.zdic.net/hans/圪/xiaozhuan,https://img.zdic.net/zy/xiaozhuan/27_572A.svg
1380,92,15,圫,2,1,1,古文+正篆,卷.部首.頁：13下.土.286,圫說文‧土部 | 圫說文古文,,是,glyphwiki,https://www.zdic.net/hans/圫/xiaozhuan,https://img.zdic.net/zy/xiaozhuan/27_58BA.svg;https://img.zdic.net/zy/xiaozhuan/27_EB50.svg
1381,93,1,圮,2,1,1,或體+正篆,卷.部首.頁：13下.土.288,圮說文‧土部 | 圮說文或體,,是,glyphwiki,https://www.zdic.net/hans/圮/xiaozhuan,https://img.zdic.net/zy/xiaozhuan/27_572E.svg;https://img.zdic.net/zy/xiaozhuan/27_EB6E.svg
1382,93,2,圯,1,1,0,正篆,卷.部首.頁：13下.土.289,圯說文‧土部,,是,glyphwiki,https://www.zdic.net/hans/圯/xiaozhuan,https://img.zdic.net/zy/xiaozhuan/27_572F.svg
1383,93,3,圳,3,1,2,古文+正篆+篆文,卷.部首.頁：11下.𡿨.239,圳說文‧𡿨部 | 圳說文古文 | 圳說文篆文,,是,glyphwiki,https://www.zdic.net/hans/圳/xiaozhuan,https://img.zdic.net/zy/xiaozhuan/27_F69C.svg;https://img.zdic.net/zy/xiaozhuan/27_753D.svg;https://img.zdic.net/zy/xiaozhuan/27_754E.svg
1384,93,4,圹,1,1,0,正篆,卷.部首.頁：13下.土.288,圹說文‧土部,,是,glyphwiki,https://www.zdic.net/hans/圹/xiaozhuan,https://img.zdic.net/zy/xiaozhuan/27_58D9.svg
1385,93,5,圻,2,1,1,或體+正篆,卷.部首.頁：13下.土.288,圻說文‧土部 | 圻說文或體,,是,glyphwiki,https://www.zdic.net/hans/圻/xiaozhuan,https://img.zdic.net/zy/xiaozhuan/27_57A0.svg;https://img.zdic.net/zy/xiaozhuan/27_573B.svg
1386,93,6,圾,1,1,0,正篆,卷.部首.頁：9下.山.191,圾說文‧山部,,是,glyphwiki,https://www.zdic.net/hans/圾/xiaozhuan,https://img.zdic.net/zy/xiaozhuan/27_5C8C.svg
1387,93,7,坂,1,1,0,正篆,卷.部首.頁：14下.阜.304,坂說文‧阜部,,是,bamboo-silk/bronze/glyphwiki,https://www.zdic.net/hans/坂/xiaozhuan,https://img.zdic.net/zy/xiaozhuan/27_962A.svg
1388,93,8,坊,1,1,0,正篆,卷.部首.頁：13下.土.290,坊說文‧土部,,是,glyphwiki,https://www.zdic.net/hans/坊/xiaozhuan,https://img.zdic.net/zy/xiaozhuan/27_574A.svg
1389,93,9,坌,1,1,0,正篆,卷.部首.頁：13下.土.289,坌說文‧土部,,是,glyphwiki,https://www.zdic.net/hans/坌/xiaozhuan,https://img.zdic.net/zy/xiaozhuan/27_574B.svg
1390,93,10,坛,1,1,0,正篆,卷.部首.頁：13下.土.289,坛說文‧土部,,是,glyphwiki,https://www.zdic.net/hans/坛/xiaozhuan,https://img.zdic.net/zy/xiaozhuan/27_58C7.svg
1391,93,11,坤,1,1,0,正篆,卷.部首.頁：13下.土.286,坤說文‧土部,,是,glyphwiki,https://www.zdic.net/hans/坤/xiaozhuan,https://img.zdic.net/zy/xiaozhuan/27_5764.svg
1392,93,12,坥,1,1,0,正篆,卷.部首.頁：13下.土.289,坥說文‧土部,,是,glyphwiki,https://www.zdic.net/hans/坥/xiaozhuan,https://img.zdic.net/zy/xiaozhuan/27_EB78.svg
1393,93,13,坫,1,1,0,正篆,卷.部首.頁：13下.土.287,坫說文‧土部,,是,glyphwiki,https://www.zdic.net/hans/坫/xiaozhuan,https://img.zdic.net/zy/xiaozhuan/27_576B.svg
1394,93,14,坭,1,1,0,正篆,卷.部首.頁：11上.水.228,坭說文‧水部,,是,glyphwiki,https://www.zdic.net/hans/坭/xiaozhuan,https://img.zdic.net/zy/xiaozhuan/27_6CE5.svg
1395,93,15,坳,1,1,0,正篆,卷.部首.頁：13下.土.290,坳說文‧土部,,是,glyphwiki,https://www.zdic.net/hans/坳/xiaozhuan,https://img.zdic.net/zy/xiaozhuan/27_5773.svg
1396,94,1,坻,3,1,2,或體+正篆,卷.部首.頁：13下.土.288,坻說文‧土部 | 坻說文或體 | 坻說文或體,,是,glyphwiki,https://www.zdic.net/hans/坻/xiaozhuan,https://img.zdic.net/zy/xiaozhuan/27_577B.svg;https://img.zdic.net/zy/xiaozhuan/27_EB63.svg;https://img.zdic.net/zy/xiaozhuan/27_EB64.svg
1397,94,2,坼,1,1,0,正篆,卷.部首.頁：13下.土.289,坼說文‧土部,,是,glyphwiki,https://www.zdic.net/hans/坼/xiaozhuan,https://img.zdic.net/zy/xiaozhuan/27_577C.svg
1398,94,3,垆,1,1,0,正篆,卷.部首.頁：13下.土.286,垆說文‧土部,,是,glyphwiki,https://www.zdic.net/hans/垆/xiaozhuan,https://img.zdic.net/zy/xiaozhuan/27_58DA.svg
1399,94,4,垍,1,1,0,正篆,卷.部首.頁：13下.土.288,垍說文‧土部,,是,glyphwiki,https://www.zdic.net/hans/垍/xiaozhuan,https://img.zdic.net/zy/xiaozhuan/27_EB69.svg
1400,94,5,垎,1,1,0,正篆,卷.部首.頁：13下.土.288,垎說文‧土部,,是,glyphwiki,https://www.zdic.net/hans/垎/xiaozhuan,https://img.zdic.net/zy/xiaozhuan/27_EB66.svg
1401,94,6,垓,1,1,0,正篆,卷.部首.頁：13下.土.286,垓說文‧土部,,是,glyphwiki,https://www.zdic.net/hans/垓/xiaozhuan,https://img.zdic.net/zy/xiaozhuan/27_5793.svg
1402,94,7,垠,2,1,1,或體+正篆,卷.部首.頁：13下.土.288,垠說文‧土部 | 垠說文或體,,是,glyphwiki,https://www.zdic.net/hans/垠/xiaozhuan,https://img.zdic.net/zy/xiaozhuan/27_57A0.svg;https://img.zdic.net/zy/xiaozhuan/27_573B.svg
1403,94,8,垢,1,1,0,正篆,卷.部首.頁：13下.土.289,垢說文‧土部,,是,glyphwiki,https://www.zdic.net/hans/垢/xiaozhuan,https://img.zdic.net/zy/xiaozhuan/27_57A2.svg
1404,94,9,垤,1,1,0,正篆,卷.部首.頁：13下.土.289,垤說文‧土部,,是,glyphwiki,https://www.zdic.net/hans/垤/xiaozhuan,https://img.zdic.net/zy/xiaozhuan/27_57A4.svg
1405,94,10,垦,1,1,0,正篆,卷.部首.頁：13下.土.290,垦說文‧土部,,是,glyphwiki,https://www.zdic.net/hans/垦/xiaozhuan,https://img.zdic.net/zy/xiaozhuan/27_58BE.svg
1406,94,11,垫,1,1,0,正篆,卷.部首.頁：13下.土.288,垫說文‧土部,,是,glyphwiki,https://www.zdic.net/hans/垫/xiaozhuan,https://img.zdic.net/zy/xiaozhuan/27_588A.svg
1407,94,12,垸,1,1,0,正篆,卷.部首.頁：13下.土.287,垸說文‧土部,,是,glyphwiki,https://www.zdic.net/hans/垸/xiaozhuan,https://img.zdic.net/zy/xiaozhuan/27_57B8.svg
1408,94,13,埂,1,1,0,正篆,卷.部首.頁：13下.土.288,埂說文‧土部,,是,glyphwiki,https://www.zdic.net/hans/埂/xiaozhuan,https://img.zdic.net/zy/xiaozhuan/27_57C2.svg
1409,94,14,埏,1,1,0,正篆,卷.部首.頁：13下.土.290,埏說文‧土部,,是,glyphwiki,https://www.zdic.net/hans/埏/xiaozhuan,https://img.zdic.net/zy/xiaozhuan/27_57CF.svg
1410,94,15,埒,1,1,0,正篆,卷.部首.頁：13下.土.287,埒說文‧土部,,是,glyphwiki,https://www.zdic.net/hans/埒/xiaozhuan,https://img.zdic.net/zy/xiaozhuan/27_57D2.svg
1411,95,1,埘,1,1,0,正篆,卷.部首.頁：13下.土.288,埘說文‧土部,,是,glyphwiki,https://www.zdic.net/hans/埘/xiaozhuan,https://img.zdic.net/zy/xiaozhuan/27_5852.svg
1412,95,2,埝,1,1,0,正篆,卷.部首.頁：13下.土.288,埝說文‧土部,,是,glyphwiki,https://www.zdic.net/hans/埝/xiaozhuan,https://img.zdic.net/zy/xiaozhuan/27_588A.svg
1413,95,3,埴,1,1,0,正篆,卷.部首.頁：13下.土.286,埴說文‧土部,,是,glyphwiki,https://www.zdic.net/hans/埴/xiaozhuan,https://img.zdic.net/zy/xiaozhuan/27_57F4.svg
1414,95,4,培,1,1,0,正篆,卷.部首.頁：13下.土.288,培說文‧土部,,是,glyphwiki,https://www.zdic.net/hans/培/xiaozhuan,https://img.zdic.net/zy/xiaozhuan/27_57F9.svg
1415,95,5,埽,1,1,0,正篆,卷.部首.頁：13下.土.287,埽說文‧土部,,是,glyphwiki,https://www.zdic.net/hans/埽/xiaozhuan,https://img.zdic.net/zy/xiaozhuan/27_57FD.svg
1416,95,6,堃,1,1,0,正篆,卷.部首.頁：13下.土.286,堃說文‧土部,,是,glyphwiki,https://www.zdic.net/hans/堃/xiaozhuan,https://img.zdic.net/zy/xiaozhuan/27_5764.svg
1417,95,7,堑,1,1,0,正篆,卷.部首.頁：13下.土.288,堑說文‧土部,,是,glyphwiki,https://www.zdic.net/hans/堑/xiaozhuan,https://img.zdic.net/zy/xiaozhuan/27_5879.svg
1418,95,8,堽,1,1,0,正篆,卷.部首.頁：9下.山.190,堽說文‧山部,,是,glyphwiki,https://www.zdic.net/hans/堽/xiaozhuan,https://img.zdic.net/zy/xiaozhuan/27_5CA1.svg
1419,95,9,塔,1,1,0,正篆,卷.部首.頁：13下.土.290,塔說文‧土部,,是,glyphwiki,https://www.zdic.net/hans/塔/xiaozhuan,https://img.zdic.net/zy/xiaozhuan/27_5854.svg
1420,95,10,墀,1,1,0,正篆,卷.部首.頁：13下.土.287,墀說文‧土部,,是,glyphwiki,https://www.zdic.net/hans/墀/xiaozhuan,https://img.zdic.net/zy/xiaozhuan/27_5880.svg
1421,95,11,墣,2,1,1,或體+正篆,卷.部首.頁：13下.土.286,墣說文‧土部 | 墣說文或體,,是,glyphwiki,https://www.zdic.net/hans/墣/xiaozhuan,https://img.zdic.net/zy/xiaozhuan/27_58A3.svg;https://img.zdic.net/zy/xiaozhuan/27_EB53.svg
1422,95,12,墼,1,1,0,正篆,卷.部首.頁：13下.土.287,墼說文‧土部,,是,glyphwiki,https://www.zdic.net/hans/墼/xiaozhuan,https://img.zdic.net/zy/xiaozhuan/27_58BC.svg
1423,95,13,壸,1,1,0,正篆,卷.部首.頁：6下.囗.129,壸說文‧囗部,,是,glyphwiki,https://www.zdic.net/hans/壸/xiaozhuan,https://img.zdic.net/zy/xiaozhuan/27_58FC.svg
1424,95,14,处,2,1,1,或體+正篆,卷.部首.頁：14上.几.299,处說文‧几部 | 处說文或體,,是,bamboo-silk/bronze/glyphwiki,https://www.zdic.net/hans/处/xiaozhuan,https://img.zdic.net/zy/xiaozhuan/27_F55C.svg;https://img.zdic.net/zy/xiaozhuan/27_8655.svg
1425,95,15,夐,1,1,0,正篆,卷.部首.頁：4上.𥄎.70,夐說文‧𥄎部,,是,glyphwiki,https://www.zdic.net/hans/夐/xiaozhuan,https://img.zdic.net/zy/xiaozhuan/27_657B.svg
1426,96,1,夥,1,1,0,正篆,卷.部首.頁：7上.多.142,夥說文‧多部,,是,glyphwiki,https://www.zdic.net/hans/夥/xiaozhuan,https://img.zdic.net/zy/xiaozhuan/27_5925.svg
1427,96,2,奖,1,1,0,正篆,卷.部首.頁：10上.犬.204,奖說文‧犬部,,是,glyphwiki,https://www.zdic.net/hans/奖/xiaozhuan,https://img.zdic.net/zy/xiaozhuan/27_734E.svg
1428,96,3,奥,1,1,0,正篆,卷.部首.頁：7下.宀.150,奥說文‧宀部,,是,glyphwiki,https://www.zdic.net/hans/奥/xiaozhuan,https://img.zdic.net/zy/xiaozhuan/27_5967.svg
1429,96,4,妍,1,1,0,正篆,卷.部首.頁：12下.女.263,妍說文‧女部,,是,glyphwiki,https://www.zdic.net/hans/妍/xiaozhuan,https://img.zdic.net/zy/xiaozhuan/27_598D.svg
1430,96,5,妒,1,1,0,正篆,卷.部首.頁：12下.女.263,妒說文‧女部,,是,glyphwiki,https://www.zdic.net/hans/妒/xiaozhuan,https://img.zdic.net/zy/xiaozhuan/27_5992.svg
1431,96,6,妖,1,1,0,正篆,卷.部首.頁：12下.女.263,妖說文‧女部,,是,glyphwiki,https://www.zdic.net/hans/妖/xiaozhuan,https://img.zdic.net/zy/xiaozhuan/27_EA5F.svg
1432,96,7,妨,1,1,0,正篆,卷.部首.頁：12下.女.263,妨說文‧女部,,是,glyphwiki,https://www.zdic.net/hans/妨/xiaozhuan,https://img.zdic.net/zy/xiaozhuan/27_59A8.svg
1433,96,8,妭,1,1,0,正篆,卷.部首.頁：12下.女.260,妭說文‧女部,,是,glyphwiki,https://www.zdic.net/hans/妭/xiaozhuan,https://img.zdic.net/zy/xiaozhuan/27_EA38.svg
1434,96,9,妯,1,1,0,正篆,卷.部首.頁：12下.女.263,妯說文‧女部,,是,glyphwiki,https://www.zdic.net/hans/妯/xiaozhuan,https://img.zdic.net/zy/xiaozhuan/27_59AF.svg
1435,96,10,妲,1,1,0,正篆,卷.部首.頁：12下.女.265,妲說文‧女部,,是,glyphwiki,https://www.zdic.net/hans/妲/xiaozhuan,https://img.zdic.net/zy/xiaozhuan/27_59B2.svg
1436,96,11,姗,1,1,0,正篆,卷.部首.頁：12下.女.264,姗說文‧女部,,是,glyphwiki,https://www.zdic.net/hans/姗/xiaozhuan,https://img.zdic.net/zy/xiaozhuan/27_59CD.svg
1437,96,12,姘,1,1,0,正篆,卷.部首.頁：12下.女.264,姘說文‧女部,,是,glyphwiki,https://www.zdic.net/hans/姘/xiaozhuan,https://img.zdic.net/zy/xiaozhuan/27_59D8.svg
1438,96,13,姜,1,1,0,正篆,卷.部首.頁：12下.女.258,姜說文‧女部,,是,bronze/glyphwiki/oracle-bone,https://www.zdic.net/hans/姜/xiaozhuan,https://img.zdic.net/zy/xiaozhuan/27_59DC.svg
1439,96,14,姝,1,1,0,正篆,卷.部首.頁：12下.女.261,姝說文‧女部,,是,glyphwiki,https://www.zdic.net/hans/姝/xiaozhuan,https://img.zdic.net/zy/xiaozhuan/27_59DD.svg
1440,96,15,姣,1,1,0,正篆,卷.部首.頁：12下.女.261,姣說文‧女部,,是,glyphwiki,https://www.zdic.net/hans/姣/xiaozhuan,https://img.zdic.net/zy/xiaozhuan/27_59E3.svg
1441,97,1,姹,1,1,0,正篆,卷.部首.頁：12下.女.258,姹說文‧女部,,是,glyphwiki,https://www.zdic.net/hans/姹/xiaozhuan,https://img.zdic.net/zy/xiaozhuan/27_597C.svg
1442,97,2,姻,2,1,1,正篆+籀文,卷.部首.頁：12下.女.259,姻說文‧女部 | 姻說文籀文,,是,glyphwiki,https://www.zdic.net/hans/姻/xiaozhuan,https://img.zdic.net/zy/xiaozhuan/27_59FB.svg;https://img.zdic.net/zy/xiaozhuan/27_EA31.svg
1443,97,3,娃,1,1,0,正篆,卷.部首.頁：12下.女.263,娃說文‧女部,,是,glyphwiki,https://www.zdic.net/hans/娃/xiaozhuan,https://img.zdic.net/zy/xiaozhuan/27_5A03.svg
1444,97,4,娆,1,1,0,正篆,卷.部首.頁：12下.女.264,娆說文‧女部,,是,glyphwiki,https://www.zdic.net/hans/娆/xiaozhuan,https://img.zdic.net/zy/xiaozhuan/27_5B08.svg
1445,97,5,娉,1,1,0,正篆,卷.部首.頁：12下.女.262,娉說文‧女部,,是,glyphwiki,https://www.zdic.net/hans/娉/xiaozhuan,https://img.zdic.net/zy/xiaozhuan/27_5A09.svg
1446,97,6,娑,1,1,0,正篆,卷.部首.頁：12下.女.262,娑說文‧女部,,是,glyphwiki,https://www.zdic.net/hans/娑/xiaozhuan,https://img.zdic.net/zy/xiaozhuan/27_5A11.svg
1447,97,7,娓,1,1,0,正篆,卷.部首.頁：12下.女.262,娓說文‧女部,,是,glyphwiki,https://www.zdic.net/hans/娓/xiaozhuan,https://img.zdic.net/zy/xiaozhuan/27_5A13.svg
1448,97,8,娣,1,1,0,正篆,卷.部首.頁：12下.女.259,娣說文‧女部,,是,glyphwiki,https://www.zdic.net/hans/娣/xiaozhuan,https://img.zdic.net/zy/xiaozhuan/27_5A23.svg
1449,97,9,娱,1,1,0,正篆,卷.部首.頁：12下.女.262,娱說文‧女部,,是,glyphwiki,https://www.zdic.net/hans/娱/xiaozhuan,https://img.zdic.net/zy/xiaozhuan/27_5A1B.svg
1450,97,10,娲,2,1,1,正篆+籀文,卷.部首.頁：12下.女.260,娲說文‧女部 | 娲說文籀文,,是,glyphwiki,https://www.zdic.net/hans/娲/xiaozhuan,https://img.zdic.net/zy/xiaozhuan/27_5AA7.svg;https://img.zdic.net/zy/xiaozhuan/27_EA3C.svg
1451,97,11,娼,1,1,0,正篆,卷.部首.頁：8上.人.166,娼說文‧人部,,是,glyphwiki,https://www.zdic.net/hans/娼/xiaozhuan,https://img.zdic.net/zy/xiaozhuan/27_5021.svg
1452,97,12,婉,1,1,0,正篆,卷.部首.頁：12下.女.261,婉說文‧女部,,是,glyphwiki,https://www.zdic.net/hans/婉/xiaozhuan,https://img.zdic.net/zy/xiaozhuan/27_5A49.svg
1453,97,13,婕,1,1,0,正篆,卷.部首.頁：12下.女.260,婕說文‧女部,,是,glyphwiki,https://www.zdic.net/hans/婕/xiaozhuan,https://img.zdic.net/zy/xiaozhuan/27_5A55.svg
1454,97,14,婠,1,1,0,正篆,卷.部首.頁：12下.女.261,婠說文‧女部,,是,glyphwiki,https://www.zdic.net/hans/婠/xiaozhuan,https://img.zdic.net/zy/xiaozhuan/27_5A60.svg
1455,97,15,婳,1,1,0,正篆,卷.部首.頁：12下.女.261,婳說文‧女部,,是,glyphwiki,https://www.zdic.net/hans/婳/xiaozhuan,https://img.zdic.net/zy/xiaozhuan/27_5AFF.svg
1456,98,1,婼,1,1,0,正篆,卷.部首.頁：12下.女.263,婼說文‧女部,,是,bronze/glyphwiki,https://www.zdic.net/hans/婼/xiaozhuan,https://img.zdic.net/zy/xiaozhuan/27_5A7C.svg
1457,98,2,婿,2,1,1,或體+正篆,卷.部首.頁：1上.士.14,婿說文‧士部 | 婿說文或體,,是,glyphwiki,https://www.zdic.net/hans/婿/xiaozhuan,https://img.zdic.net/zy/xiaozhuan/27_E047.svg;https://img.zdic.net/zy/xiaozhuan/27_5A7F.svg
1458,98,3,媆,1,1,0,正篆,卷.部首.頁：12下.女.264,媆說文‧女部,,是,glyphwiki,https://www.zdic.net/hans/媆/xiaozhuan,https://img.zdic.net/zy/xiaozhuan/27_EA7A.svg
1459,98,4,媛,1,1,0,正篆,卷.部首.頁：12下.女.262,媛說文‧女部,,是,glyphwiki,https://www.zdic.net/hans/媛/xiaozhuan,https://img.zdic.net/zy/xiaozhuan/27_5A9B.svg
1460,98,5,媞,1,1,0,正篆,卷.部首.頁：12下.女.262,媞說文‧女部,,是,glyphwiki,https://www.zdic.net/hans/媞/xiaozhuan,https://img.zdic.net/zy/xiaozhuan/27_5A9E.svg
1461,98,6,媪,1,1,0,正篆,卷.部首.頁：12下.女.259,媪說文‧女部,,是,glyphwiki,https://www.zdic.net/hans/媪/xiaozhuan,https://img.zdic.net/zy/xiaozhuan/27_5ABC.svg
1462,98,7,媲,1,1,0,正篆,卷.部首.頁：12下.女.259,媲說文‧女部,,是,glyphwiki,https://www.zdic.net/hans/媲/xiaozhuan,https://img.zdic.net/zy/xiaozhuan/27_5AB2.svg
1463,98,8,嫖,1,1,0,正篆,卷.部首.頁：12下.女.264,嫖說文‧女部,,是,glyphwiki,https://www.zdic.net/hans/嫖/xiaozhuan,https://img.zdic.net/zy/xiaozhuan/27_5AD6.svg
1464,98,9,嫠,1,1,0,正篆,卷.部首.頁：12下.女.265,嫠說文‧女部,,是,glyphwiki,https://www.zdic.net/hans/嫠/xiaozhuan,https://img.zdic.net/zy/xiaozhuan/27_5AE0.svg
1465,98,10,嫡,1,1,0,正篆,卷.部首.頁：12下.女.262,嫡說文‧女部,,是,glyphwiki,https://www.zdic.net/hans/嫡/xiaozhuan,https://img.zdic.net/zy/xiaozhuan/27_5AE1.svg
1466,98,11,嫪,1,1,0,正篆,卷.部首.頁：12下.女.263,嫪說文‧女部,,是,glyphwiki,https://www.zdic.net/hans/嫪/xiaozhuan,https://img.zdic.net/zy/xiaozhuan/27_5AEA.svg
1467,98,12,嬬,1,1,0,正篆,卷.部首.頁：12下.女.264,嬬說文‧女部,,是,glyphwiki,https://www.zdic.net/hans/嬬/xiaozhuan,https://img.zdic.net/zy/xiaozhuan/27_5B2C.svg
1468,98,13,嬿,1,1,0,正篆,卷.部首.頁：12下.女.260,嬿說文‧女部,,是,glyphwiki,https://www.zdic.net/hans/嬿/xiaozhuan,https://img.zdic.net/zy/xiaozhuan/27_5B3F.svg
1469,98,14,孀,1,1,0,正篆,卷.部首.頁：11下.雨.242,孀說文‧雨部,,是,glyphwiki,https://www.zdic.net/hans/孀/xiaozhuan,https://img.zdic.net/zy/xiaozhuan/27_971C.svg
1470,98,15,孅,1,1,0,正篆,卷.部首.頁：12下.女.261,孅說文‧女部,,是,glyphwiki,https://www.zdic.net/hans/孅/xiaozhuan,https://img.zdic.net/zy/xiaozhuan/27_5B45.svg
1471,99,1,孜,1,1,0,正篆,卷.部首.頁：3下.攴.68,孜說文‧攴部,,是,glyphwiki,https://www.zdic.net/hans/孜/xiaozhuan,https://img.zdic.net/zy/xiaozhuan/27_5B5C.svg
1472,99,2,孥,1,1,0,正篆,卷.部首.頁：7下.巾.160,孥說文‧巾部,,是,glyphwiki,https://www.zdic.net/hans/孥/xiaozhuan,https://img.zdic.net/zy/xiaozhuan/27_5E11.svg
1473,99,3,孩,2,1,1,古文+正篆,卷.部首.頁：2上.口.31,孩說文‧口部 | 孩說文古文,,是,glyphwiki,https://www.zdic.net/hans/孩/xiaozhuan,https://img.zdic.net/zy/xiaozhuan/27_54B3.svg;https://img.zdic.net/zy/xiaozhuan/27_5B69.svg
1474,99,4,孺,1,1,0,正篆,卷.部首.頁：14下.子.310,孺說文‧子部,,是,glyphwiki,https://www.zdic.net/hans/孺/xiaozhuan,https://img.zdic.net/zy/xiaozhuan/27_5B7A.svg
1475,99,5,宧,1,1,0,正篆,卷.部首.頁：7下.宀.150,宧說文‧宀部,,是,glyphwiki,https://www.zdic.net/hans/宧/xiaozhuan,https://img.zdic.net/zy/xiaozhuan/27_5BA7.svg
1476,99,6,宸,1,1,0,正篆,卷.部首.頁：7下.宀.150,宸說文‧宀部,,是,glyphwiki,https://www.zdic.net/hans/宸/xiaozhuan,https://img.zdic.net/zy/xiaozhuan/27_5BB8.svg
1477,99,7,寁,1,1,0,正篆,卷.部首.頁：7下.宀.151,寁說文‧宀部,,是,glyphwiki,https://www.zdic.net/hans/寁/xiaozhuan,https://img.zdic.net/zy/xiaozhuan/27_5BC1.svg
1478,99,8,察,1,1,0,正篆,卷.部首.頁：7下.宀.150,察說文‧宀部,,是,bamboo-silk/bronze/glyphwiki,https://www.zdic.net/hans/察/xiaozhuan,https://img.zdic.net/zy/xiaozhuan/27_5BDF.svg
1479,99,9,寤,2,1,1,正篆+籀文,卷.部首.頁：7下.㝱.153,寤說文‧㝱部 | 寤說文籀文,,是,glyphwiki,https://www.zdic.net/hans/寤/xiaozhuan,https://img.zdic.net/zy/xiaozhuan/27_5BE4.svg;https://img.zdic.net/zy/xiaozhuan/27_E63D.svg
1480,99,10,屐,1,1,0,正篆,卷.部首.頁：8下.履.176,屐說文‧履部,,是,glyphwiki,https://www.zdic.net/hans/屐/xiaozhuan,https://img.zdic.net/zy/xiaozhuan/27_5C50.svg
1481,99,11,屠,1,1,0,正篆,卷.部首.頁：8上.尸.174,屠說文‧尸部,,是,glyphwiki,https://www.zdic.net/hans/屠/xiaozhuan,https://img.zdic.net/zy/xiaozhuan/27_5C60.svg
1482,99,12,屡,1,1,0,正篆,卷.部首.頁：8上.尸.175,屡說文‧尸部,,是,glyphwiki,https://www.zdic.net/hans/屡/xiaozhuan,https://img.zdic.net/zy/xiaozhuan/27_5C62.svg
1483,99,13,屺,1,1,0,正篆,卷.部首.頁：9下.山.190,屺說文‧山部,,是,glyphwiki,https://www.zdic.net/hans/屺/xiaozhuan,https://img.zdic.net/zy/xiaozhuan/27_5C7A.svg
1484,99,14,屾,1,1,0,正篆,卷.部首.頁：9下.屾.191,屾說文‧屾部,,是,glyphwiki,https://www.zdic.net/hans/屾/xiaozhuan,https://img.zdic.net/zy/xiaozhuan/27_5C7E.svg
1485,99,15,屿,1,1,0,正篆,卷.部首.頁：9下.山.191,屿說文‧山部,,是,glyphwiki,https://www.zdic.net/hans/屿/xiaozhuan,https://img.zdic.net/zy/xiaozhuan/27_5DBC.svg
1486,100,1,岊,1,1,0,正篆,卷.部首.頁：9下.山.191,岊說文‧山部,,是,glyphwiki,https://www.zdic.net/hans/岊/xiaozhuan,https://img.zdic.net/zy/xiaozhuan/27_5C8A.svg
1487,100,2,岔,1,1,0,正篆,卷.部首.頁：3下.又.64,岔說文‧又部,,是,glyphwiki,https://www.zdic.net/hans/岔/xiaozhuan,https://img.zdic.net/zy/xiaozhuan/27_53C9.svg
1488,100,3,岚,1,1,0,正篆,卷.部首.頁：9下.山.191,岚說文‧山部,,是,glyphwiki,https://www.zdic.net/hans/岚/xiaozhuan,https://img.zdic.net/zy/xiaozhuan/27_5D50.svg
1489,100,4,岭,1,1,0,正篆,卷.部首.頁：9下.山.191,岭說文‧山部,,是,glyphwiki,https://www.zdic.net/hans/岭/xiaozhuan,https://img.zdic.net/zy/xiaozhuan/27_5DBA.svg
1490,100,5,岱,1,1,0,正篆,卷.部首.頁：9下.山.190,岱說文‧山部,,是,glyphwiki,https://www.zdic.net/hans/岱/xiaozhuan,https://img.zdic.net/zy/xiaozhuan/27_5CB1.svg
1491,100,6,峄,1,1,0,正篆,卷.部首.頁：9下.山.190,峄說文‧山部,,是,glyphwiki,https://www.zdic.net/hans/峄/xiaozhuan,https://img.zdic.net/zy/xiaozhuan/27_5DA7.svg
1492,100,7,峣,1,1,0,正篆,卷.部首.頁：9下.山.191,峣說文‧山部,,是,glyphwiki,https://www.zdic.net/hans/峣/xiaozhuan,https://img.zdic.net/zy/xiaozhuan/27_5DA2.svg
1493,100,8,峨,1,1,0,正篆,卷.部首.頁：9下.山.191,峨說文‧山部,,是,glyphwiki,https://www.zdic.net/hans/峨/xiaozhuan,https://img.zdic.net/zy/xiaozhuan/27_5CE8.svg
1494,100,9,峰,1,1,0,正篆,卷.部首.頁：9下.山.190,峰說文‧山部,,是,glyphwiki,https://www.zdic.net/hans/峰/xiaozhuan,https://img.zdic.net/zy/xiaozhuan/27_5CF0.svg
1495,100,10,峱,1,1,0,正篆,卷.部首.頁：9下.山.190,峱說文‧山部,,是,glyphwiki,https://www.zdic.net/hans/峱/xiaozhuan,https://img.zdic.net/zy/xiaozhuan/27_5CF1.svg
1496,100,11,崇,1,1,0,正篆,卷.部首.頁：9下.山.191,崇說文‧山部,,是,glyphwiki,https://www.zdic.net/hans/崇/xiaozhuan,https://img.zdic.net/zy/xiaozhuan/27_5D07.svg
1497,100,12,崔,1,1,0,正篆,卷.部首.頁：9下.山.191,崔說文‧山部,,是,glyphwiki,https://www.zdic.net/hans/崔/xiaozhuan,https://img.zdic.net/zy/xiaozhuan/27_5D14.svg
1498,100,13,崞,1,1,0,正篆,卷.部首.頁：9下.山.190,崞說文‧山部,,是,glyphwiki,https://www.zdic.net/hans/崞/xiaozhuan,https://img.zdic.net/zy/xiaozhuan/27_5D1E.svg
1499,100,14,崩,2,1,1,古文+正篆,卷.部首.頁：9下.山.191,崩說文‧山部 | 崩說文古文,,是,glyphwiki,https://www.zdic.net/hans/崩/xiaozhuan,https://img.zdic.net/zy/xiaozhuan/27_5D29.svg;https://img.zdic.net/zy/xiaozhuan/27_E7D2.svg
1500,100,15,嵇,1,1,0,正篆,卷.部首.頁：9下.山.191,嵇說文‧山部,,是,glyphwiki,https://www.zdic.net/hans/嵇/xiaozhuan,https://img.zdic.net/zy/xiaozhuan/27_5D47.svg
1501,101,1,嵌,1,1,0,正篆,卷.部首.頁：9下.山.191,嵌說文‧山部,,是,glyphwiki,https://www.zdic.net/hans/嵌/xiaozhuan,https://img.zdic.net/zy/xiaozhuan/27_5D4C.svg
1502,101,2,嵎,1,1,0,正篆,卷.部首.頁：9下.山.190,嵎說文‧山部,,是,glyphwiki,https://www.zdic.net/hans/嵎/xiaozhuan,https://img.zdic.net/zy/xiaozhuan/27_5D4E.svg
1503,101,3,嵘,1,1,0,正篆,卷.部首.頁：9下.山.191,嵘說文‧山部,,是,glyphwiki,https://www.zdic.net/hans/嵘/xiaozhuan,https://img.zdic.net/zy/xiaozhuan/27_5DB8.svg
1504,101,4,嵬,1,1,0,正篆,卷.部首.頁：9上.嵬.189,嵬說文‧嵬部,,是,glyphwiki,https://www.zdic.net/hans/嵬/xiaozhuan,https://img.zdic.net/zy/xiaozhuan/27_5D6C.svg
1505,101,5,嵯,1,1,0,正篆,卷.部首.頁：9下.山.191,嵯說文‧山部,,是,glyphwiki,https://www.zdic.net/hans/嵯/xiaozhuan,https://img.zdic.net/zy/xiaozhuan/27_5D6F.svg
1506,101,6,嶂,1,1,0,正篆,卷.部首.頁：14下.阜.305,嶂說文‧阜部,,是,glyphwiki,https://www.zdic.net/hans/嶂/xiaozhuan,https://img.zdic.net/zy/xiaozhuan/27_969C.svg
1507,101,7,嶅,1,1,0,正篆,卷.部首.頁：9下.山.190,嶅說文‧山部,,是,glyphwiki,https://www.zdic.net/hans/嶅/xiaozhuan,https://img.zdic.net/zy/xiaozhuan/27_E7C8.svg
1508,101,8,嶙,1,1,0,正篆,卷.部首.頁：9下.山.191,嶙說文‧山部,,是,glyphwiki,https://www.zdic.net/hans/嶙/xiaozhuan,https://img.zdic.net/zy/xiaozhuan/27_5D99.svg
1509,101,9,嶷,1,1,0,正篆,卷.部首.頁：9下.山.190,嶷說文‧山部,,是,glyphwiki,https://www.zdic.net/hans/嶷/xiaozhuan,https://img.zdic.net/zy/xiaozhuan/27_5DB7.svg
1510,101,10,币,1,1,0,正篆,卷.部首.頁：7下.巾.158,币說文‧巾部,,是,glyphwiki,https://www.zdic.net/hans/币/xiaozhuan,https://img.zdic.net/zy/xiaozhuan/27_5E63.svg
1511,101,11,帑,1,1,0,正篆,卷.部首.頁：7下.巾.160,帑說文‧巾部,,是,glyphwiki,https://www.zdic.net/hans/帑/xiaozhuan,https://img.zdic.net/zy/xiaozhuan/27_5E11.svg
1512,101,12,帕,1,1,0,正篆,卷.部首.頁：7下.巾.160,帕說文‧巾部,,是,glyphwiki,https://www.zdic.net/hans/帕/xiaozhuan,https://img.zdic.net/zy/xiaozhuan/27_5E0A.svg
1513,101,13,帙,2,1,1,或體+正篆,卷.部首.頁：7下.巾.159,帙說文‧巾部 | 帙說文或體,,是,glyphwiki,https://www.zdic.net/hans/帙/xiaozhuan,https://img.zdic.net/zy/xiaozhuan/27_5E19.svg;https://img.zdic.net/zy/xiaozhuan/27_E689.svg
1514,101,14,帻,1,1,0,正篆,卷.部首.頁：7下.巾.158,帻說文‧巾部,,是,glyphwiki,https://www.zdic.net/hans/帻/xiaozhuan,https://img.zdic.net/zy/xiaozhuan/27_5E58.svg
1515,101,15,帼,1,1,0,正篆,卷.部首.頁：7下.巾.160,帼說文‧巾部,,是,glyphwiki,https://www.zdic.net/hans/帼/xiaozhuan,https://img.zdic.net/zy/xiaozhuan/27_5E57.svg
1516,102,1,幔,1,1,0,正篆,卷.部首.頁：7下.巾.159,幔說文‧巾部,,是,glyphwiki,https://www.zdic.net/hans/幔/xiaozhuan,https://img.zdic.net/zy/xiaozhuan/27_5E54.svg
1517,102,2,幞,1,1,0,正篆,卷.部首.頁：7下.巾.160,幞說文‧巾部,,是,glyphwiki,https://www.zdic.net/hans/幞/xiaozhuan,https://img.zdic.net/zy/xiaozhuan/27_E69B.svg
1518,102,3,幡,1,1,0,正篆,卷.部首.頁：7下.巾.159,幡說文‧巾部,,是,glyphwiki,https://www.zdic.net/hans/幡/xiaozhuan,https://img.zdic.net/zy/xiaozhuan/27_5E61.svg
1519,102,4,底,1,1,0,正篆,卷.部首.頁：9下.广.192,底說文‧广部,,是,glyphwiki,https://www.zdic.net/hans/底/xiaozhuan,https://img.zdic.net/zy/xiaozhuan/27_5E95.svg
1520,102,5,废,1,1,0,正篆,卷.部首.頁：9下.广.193,废說文‧广部,,是,glyphwiki,https://www.zdic.net/hans/废/xiaozhuan,https://img.zdic.net/zy/xiaozhuan/27_5EE2.svg
1521,102,6,庠,1,1,0,正篆,卷.部首.頁：9下.广.192,庠說文‧广部,,是,glyphwiki,https://www.zdic.net/hans/庠/xiaozhuan,https://img.zdic.net/zy/xiaozhuan/27_5EA0.svg
1522,102,7,庤,1,1,0,正篆,卷.部首.頁：9下.广.193,庤說文‧广部,,是,glyphwiki,https://www.zdic.net/hans/庤/xiaozhuan,https://img.zdic.net/zy/xiaozhuan/27_5EA4.svg
1523,102,8,庱,1,1,0,正篆,卷.部首.頁：9下.广.193,庱說文‧广部,,是,glyphwiki,https://www.zdic.net/hans/庱/xiaozhuan,https://img.zdic.net/zy/xiaozhuan/27_5EB1.svg
1524,102,9,庳,1,1,0,正篆,卷.部首.頁：9下.广.193,庳說文‧广部,,是,glyphwiki,https://www.zdic.net/hans/庳/xiaozhuan,https://img.zdic.net/zy/xiaozhuan/27_5EB3.svg
1525,102,10,庾,1,1,0,正篆,卷.部首.頁：9下.广.192,庾說文‧广部,,是,glyphwiki,https://www.zdic.net/hans/庾/xiaozhuan,https://img.zdic.net/zy/xiaozhuan/27_5EBE.svg
1526,102,11,廑,1,1,0,正篆,卷.部首.頁：9下.广.193,廑說文‧广部,,是,glyphwiki,https://www.zdic.net/hans/廑/xiaozhuan,https://img.zdic.net/zy/xiaozhuan/27_5ED1.svg
1527,102,12,廖,1,1,0,正篆,卷.部首.頁：9下.广.193,廖說文‧广部,,是,glyphwiki,https://www.zdic.net/hans/廖/xiaozhuan,https://img.zdic.net/zy/xiaozhuan/27_5ED6.svg
1528,102,13,弑,1,1,0,正篆,卷.部首.頁：3下.殺.66,弑說文‧殺部,,是,glyphwiki,https://www.zdic.net/hans/弑/xiaozhuan,https://img.zdic.net/zy/xiaozhuan/27_5F12.svg
1529,102,14,弯,1,1,0,正篆,卷.部首.頁：12下.弓.270,弯說文‧弓部,,是,glyphwiki,https://www.zdic.net/hans/弯/xiaozhuan,https://img.zdic.net/zy/xiaozhuan/27_5F4E.svg
1530,102,15,彀,1,1,0,正篆,卷.部首.頁：12下.弓.270,彀說文‧弓部,,是,glyphwiki,https://www.zdic.net/hans/彀/xiaozhuan,https://img.zdic.net/zy/xiaozhuan/27_5F40.svg
1531,103,1,径,1,1,0,正篆,卷.部首.頁：2下.彳.43,径說文‧彳部,,是,glyphwiki,https://www.zdic.net/hans/径/xiaozhuan,https://img.zdic.net/zy/xiaozhuan/27_5F91.svg
1532,103,2,很,1,1,0,正篆,卷.部首.頁：2下.彳.43,很說文‧彳部,,是,glyphwiki,https://www.zdic.net/hans/很/xiaozhuan,https://img.zdic.net/zy/xiaozhuan/27_5F88.svg
1533,103,3,徽,1,1,0,正篆,卷.部首.頁：13上.糸.275,徽說文‧糸部,,是,glyphwiki,https://www.zdic.net/hans/徽/xiaozhuan,https://img.zdic.net/zy/xiaozhuan/27_5FBD.svg
1534,103,4,忖,1,1,0,正篆,卷.部首.頁：10下.心.224,忖說文‧心部,,是,glyphwiki,https://www.zdic.net/hans/忖/xiaozhuan,https://img.zdic.net/zy/xiaozhuan/27_5FD6.svg
1535,103,5,忝,1,1,0,正篆,卷.部首.頁：10下.心.223,忝說文‧心部,,是,glyphwiki,https://www.zdic.net/hans/忝/xiaozhuan,https://img.zdic.net/zy/xiaozhuan/27_5FDD.svg
1536,103,6,忳,1,1,0,正篆,卷.部首.頁：3上.言.51,忳說文‧言部,,是,glyphwiki,https://www.zdic.net/hans/忳/xiaozhuan,https://img.zdic.net/zy/xiaozhuan/27_8AC4.svg
1537,103,7,怅,1,1,0,正篆,卷.部首.頁：10下.心.222,怅說文‧心部,,是,glyphwiki,https://www.zdic.net/hans/怅/xiaozhuan,https://img.zdic.net/zy/xiaozhuan/27_60B5.svg
1538,103,8,怊,1,1,0,正篆,卷.部首.頁：10下.心.224,怊說文‧心部,,是,glyphwiki,https://www.zdic.net/hans/怊/xiaozhuan,https://img.zdic.net/zy/xiaozhuan/27_600A.svg
1539,103,9,怕,1,1,0,正篆,卷.部首.頁：10下.心.219,怕說文‧心部,,是,glyphwiki,https://www.zdic.net/hans/怕/xiaozhuan,https://img.zdic.net/zy/xiaozhuan/27_6015.svg
1540,103,10,怖,2,1,1,或體+正篆,卷.部首.頁：10下.心.223,怖說文‧心部 | 怖說文或體,,是,glyphwiki,https://www.zdic.net/hans/怖/xiaozhuan,https://img.zdic.net/zy/xiaozhuan/27_E929.svg;https://img.zdic.net/zy/xiaozhuan/27_6016.svg
1541,103,11,怛,2,1,1,或體+正篆,卷.部首.頁：10下.心.222,怛說文‧心部 | 怛說文或體,,是,glyphwiki,https://www.zdic.net/hans/怛/xiaozhuan,https://img.zdic.net/zy/xiaozhuan/27_601B.svg;https://img.zdic.net/zy/xiaozhuan/27_E917.svg
1542,103,12,怡,1,1,0,正篆,卷.部首.頁：10下.心.218,怡說文‧心部,,是,glyphwiki,https://www.zdic.net/hans/怡/xiaozhuan,https://img.zdic.net/zy/xiaozhuan/27_6021.svg
1543,103,13,怵,1,1,0,正篆,卷.部首.頁：10下.心.223,怵說文‧心部,,是,glyphwiki,https://www.zdic.net/hans/怵/xiaozhuan,https://img.zdic.net/zy/xiaozhuan/27_6035.svg
1544,103,14,怼,1,1,0,正篆,卷.部首.頁：10下.心.221,怼說文‧心部,,是,glyphwiki,https://www.zdic.net/hans/怼/xiaozhuan,https://img.zdic.net/zy/xiaozhuan/27_61DF.svg
1545,103,15,恍,1,1,0,正篆,卷.部首.頁：10下.心.220,恍說文‧心部,,是,glyphwiki,https://www.zdic.net/hans/恍/xiaozhuan,https://img.zdic.net/zy/xiaozhuan/27_6033.svg
1546,104,1,恨,1,1,0,正篆,卷.部首.頁：10下.心.221,恨說文‧心部,,是,glyphwiki,https://www.zdic.net/hans/恨/xiaozhuan,https://img.zdic.net/zy/xiaozhuan/27_6068.svg
1547,104,2,恫,1,1,0,正篆,卷.部首.頁：10下.心.222,恫說文‧心部,,是,glyphwiki,https://www.zdic.net/hans/恫/xiaozhuan,https://img.zdic.net/zy/xiaozhuan/27_606B.svg
1548,104,3,恬,1,1,0,正篆,卷.部首.頁：10下.心.218,恬說文‧心部,,是,glyphwiki,https://www.zdic.net/hans/恬/xiaozhuan,https://img.zdic.net/zy/xiaozhuan/27_606C.svg
1549,104,4,恳,1,1,0,正篆,卷.部首.頁：10下.心.224,恳說文‧心部,,是,glyphwiki,https://www.zdic.net/hans/恳/xiaozhuan,https://img.zdic.net/zy/xiaozhuan/27_61C7.svg
1550,104,5,悃,1,1,0,正篆,卷.部首.頁：10下.心.217,悃說文‧心部,,是,glyphwiki,https://www.zdic.net/hans/悃/xiaozhuan,https://img.zdic.net/zy/xiaozhuan/27_6083.svg
1551,104,6,悆,1,1,0,正篆,卷.部首.頁：10下.心.220,悆說文‧心部,,是,bamboo-silk/bronze/glyphwiki,https://www.zdic.net/hans/悆/xiaozhuan,https://img.zdic.net/zy/xiaozhuan/27_6086.svg
1552,104,7,悈,1,1,0,正篆,卷.部首.頁：10下.心.218,悈說文‧心部,,是,glyphwiki,https://www.zdic.net/hans/悈/xiaozhuan,https://img.zdic.net/zy/xiaozhuan/27_6088.svg
1553,104,8,悌,1,1,0,正篆,卷.部首.頁：10下.心.224,悌說文‧心部,,是,glyphwiki,https://www.zdic.net/hans/悌/xiaozhuan,https://img.zdic.net/zy/xiaozhuan/27_608C.svg
1554,104,9,悒,1,1,0,正篆,卷.部首.頁：10下.心.220,悒說文‧心部,,是,glyphwiki,https://www.zdic.net/hans/悒/xiaozhuan,https://img.zdic.net/zy/xiaozhuan/27_6092.svg
1555,104,10,悖,3,1,2,或體+正篆+籀文,卷.部首.頁：3上.言.54,悖說文‧言部 | 悖說文或體 | 悖說文籀文,,是,glyphwiki,https://www.zdic.net/hans/悖/xiaozhuan,https://img.zdic.net/zy/xiaozhuan/27_8A96.svg;https://img.zdic.net/zy/xiaozhuan/27_6096.svg;https://img.zdic.net/zy/xiaozhuan/27_F4BF.svg
1556,104,11,悛,1,1,0,正篆,卷.部首.頁：10下.心.219,悛說文‧心部,,是,glyphwiki,https://www.zdic.net/hans/悛/xiaozhuan,https://img.zdic.net/zy/xiaozhuan/27_609B.svg
1557,104,12,悝,1,1,0,正篆,卷.部首.頁：10下.心.220,悝說文‧心部,,是,glyphwiki,https://www.zdic.net/hans/悝/xiaozhuan,https://img.zdic.net/zy/xiaozhuan/27_609D.svg
1558,104,13,悟,2,1,1,古文+正篆,卷.部首.頁：10下.心.219,悟說文‧心部 | 悟說文古文,,是,glyphwiki,https://www.zdic.net/hans/悟/xiaozhuan,https://img.zdic.net/zy/xiaozhuan/27_609F.svg;https://img.zdic.net/zy/xiaozhuan/27_E8EE.svg
1559,104,14,悠,1,1,0,正篆,卷.部首.頁：10下.心.222,悠說文‧心部,,是,glyphwiki,https://www.zdic.net/hans/悠/xiaozhuan,https://img.zdic.net/zy/xiaozhuan/27_60A0.svg
1560,104,15,悰,1,1,0,正篆,卷.部首.頁：10下.心.218,悰說文‧心部,,是,glyphwiki,https://www.zdic.net/hans/悰/xiaozhuan,https://img.zdic.net/zy/xiaozhuan/27_60B0.svg
1561,105,1,悱,1,1,0,正篆,卷.部首.頁：10下.心.223,悱說文‧心部,,是,glyphwiki,https://www.zdic.net/hans/悱/xiaozhuan,https://img.zdic.net/zy/xiaozhuan/27_60B1.svg
1562,105,2,悼,1,1,0,正篆,卷.部首.頁：10下.心.223,悼說文‧心部,,是,glyphwiki,https://www.zdic.net/hans/悼/xiaozhuan,https://img.zdic.net/zy/xiaozhuan/27_60BC.svg
1563,105,3,惆,1,1,0,正篆,卷.部首.頁：10下.心.222,惆說文‧心部,,是,glyphwiki,https://www.zdic.net/hans/惆/xiaozhuan,https://img.zdic.net/zy/xiaozhuan/27_60C6.svg
1564,105,4,惇,1,1,0,正篆,卷.部首.頁：10下.心.217,惇說文‧心部,,是,glyphwiki,https://www.zdic.net/hans/惇/xiaozhuan,https://img.zdic.net/zy/xiaozhuan/27_60C7.svg
1565,105,5,惩,1,1,0,正篆,卷.部首.頁：10下.心.223,惩說文‧心部,,是,glyphwiki,https://www.zdic.net/hans/惩/xiaozhuan,https://img.zdic.net/zy/xiaozhuan/27_61F2.svg
1566,105,6,惬,1,1,0,正篆,卷.部首.頁：10下.心.217,惬說文‧心部,,是,glyphwiki,https://www.zdic.net/hans/惬/xiaozhuan,https://img.zdic.net/zy/xiaozhuan/27_611C.svg
1567,105,7,惭,1,1,0,正篆,卷.部首.頁：10下.心.223,惭說文‧心部,,是,glyphwiki,https://www.zdic.net/hans/惭/xiaozhuan,https://img.zdic.net/zy/xiaozhuan/27_615A.svg
1568,105,8,惰,3,1,2,古文+或體+正篆,卷.部首.頁：10下.心.220,惰說文‧心部 | 惰說文或體 | 惰說文古文,,是,glyphwiki,https://www.zdic.net/hans/惰/xiaozhuan,https://img.zdic.net/zy/xiaozhuan/27_F0B9.svg;https://img.zdic.net/zy/xiaozhuan/27_60F0.svg;https://img.zdic.net/zy/xiaozhuan/27_E907.svg
1569,105,9,惶,1,1,0,正篆,卷.部首.頁：10下.心.223,惶說文‧心部,,是,glyphwiki,https://www.zdic.net/hans/惶/xiaozhuan,https://img.zdic.net/zy/xiaozhuan/27_60F6.svg
1570,105,10,愁,1,1,0,正篆,卷.部首.頁：10下.心.222,愁說文‧心部,,是,glyphwiki,https://www.zdic.net/hans/愁/xiaozhuan,https://img.zdic.net/zy/xiaozhuan/27_6101.svg
1571,105,11,愃,1,1,0,正篆,卷.部首.頁：10下.心.218,愃說文‧心部,,是,glyphwiki,https://www.zdic.net/hans/愃/xiaozhuan,https://img.zdic.net/zy/xiaozhuan/27_6103.svg
1572,105,12,愍,1,1,0,正篆,卷.部首.頁：10下.心.222,愍說文‧心部,,是,glyphwiki,https://www.zdic.net/hans/愍/xiaozhuan,https://img.zdic.net/zy/xiaozhuan/27_610D.svg
1573,105,13,愐,1,1,0,正篆,卷.部首.頁：10下.心.219,愐說文‧心部,,是,glyphwiki,https://www.zdic.net/hans/愐/xiaozhuan,https://img.zdic.net/zy/xiaozhuan/27_6110.svg
1574,105,14,愦,1,1,0,正篆,卷.部首.頁：10下.心.221,愦說文‧心部,,是,glyphwiki,https://www.zdic.net/hans/愦/xiaozhuan,https://img.zdic.net/zy/xiaozhuan/27_6192.svg
1575,105,15,慑,1,1,0,正篆,卷.部首.頁：10下.心.223,慑說文‧心部,,是,glyphwiki,https://www.zdic.net/hans/慑/xiaozhuan,https://img.zdic.net/zy/xiaozhuan/27_61FE.svg
1576,106,1,慢,1,1,0,正篆,卷.部首.頁：10下.心.220,慢說文‧心部,,是,glyphwiki,https://www.zdic.net/hans/慢/xiaozhuan,https://img.zdic.net/zy/xiaozhuan/27_6162.svg
1577,106,2,慨,1,1,0,正篆,卷.部首.頁：10下.心.217,慨說文‧心部,,是,glyphwiki,https://www.zdic.net/hans/慨/xiaozhuan,https://img.zdic.net/zy/xiaozhuan/27_6168.svg
1578,106,3,慰,1,1,0,正篆,卷.部首.頁：10下.心.219,慰說文‧心部,,是,glyphwiki,https://www.zdic.net/hans/慰/xiaozhuan,https://img.zdic.net/zy/xiaozhuan/27_6170.svg
1579,106,4,憭,1,1,0,正篆,卷.部首.頁：10下.心.217,憭說文‧心部,,是,glyphwiki,https://www.zdic.net/hans/憭/xiaozhuan,https://img.zdic.net/zy/xiaozhuan/27_61AD.svg
1580,106,5,懑,1,1,0,正篆,卷.部首.頁：10下.心.221,懑說文‧心部,,是,glyphwiki,https://www.zdic.net/hans/懑/xiaozhuan,https://img.zdic.net/zy/xiaozhuan/27_61E3.svg
1581,106,6,懒,1,1,0,正篆,卷.部首.頁：12下.女.264,懒說文‧女部,,是,glyphwiki,https://www.zdic.net/hans/懒/xiaozhuan,https://img.zdic.net/zy/xiaozhuan/27_5B3E.svg
1582,106,7,戛,1,1,0,正篆,卷.部首.頁：12下.戈.266,戛說文‧戈部,,是,glyphwiki,https://www.zdic.net/hans/戛/xiaozhuan,https://img.zdic.net/zy/xiaozhuan/27_621B.svg
1583,106,8,戢,1,1,0,正篆,卷.部首.頁：12下.戈.266,戢說文‧戈部,,是,glyphwiki,https://www.zdic.net/hans/戢/xiaozhuan,https://img.zdic.net/zy/xiaozhuan/27_6222.svg
1584,106,9,戣,1,1,0,正篆,卷.部首.頁：12下.戈.266,戣說文‧戈部,,是,glyphwiki,https://www.zdic.net/hans/戣/xiaozhuan,https://img.zdic.net/zy/xiaozhuan/27_6223.svg
1585,106,10,戭,1,1,0,正篆,卷.部首.頁：12下.戈.266,戭說文‧戈部,,是,glyphwiki,https://www.zdic.net/hans/戭/xiaozhuan,https://img.zdic.net/zy/xiaozhuan/27_622D.svg
1586,106,11,戴,2,1,1,正篆+籀文,卷.部首.頁：3上.異.59,戴說文‧異部 | 戴說文籀文,,是,glyphwiki,https://www.zdic.net/hans/戴/xiaozhuan,https://img.zdic.net/zy/xiaozhuan/27_6234.svg;https://img.zdic.net/zy/xiaozhuan/27_E238.svg
1587,106,12,扆,1,1,0,正篆,卷.部首.頁：12上.戶.247,扆說文‧戶部,,是,glyphwiki,https://www.zdic.net/hans/扆/xiaozhuan,https://img.zdic.net/zy/xiaozhuan/27_6246.svg
1588,106,13,扈,2,1,1,古文+正篆,卷.部首.頁：6下.邑.132,扈說文‧邑部 | 扈說文古文,,是,glyphwiki,https://www.zdic.net/hans/扈/xiaozhuan,https://img.zdic.net/zy/xiaozhuan/27_6248.svg;https://img.zdic.net/zy/xiaozhuan/27_E559.svg
1589,106,14,扉,1,1,0,正篆,卷.部首.頁：12上.戶.247,扉說文‧戶部,,是,glyphwiki/oracle-bone,https://www.zdic.net/hans/扉/xiaozhuan,https://img.zdic.net/zy/xiaozhuan/27_6249.svg
1590,106,15,扒,1,1,0,正篆,卷.部首.頁：12上.手.258,扒說文‧手部,,是,glyphwiki,https://www.zdic.net/hans/扒/xiaozhuan,https://img.zdic.net/zy/xiaozhuan/27_634C.svg
1591,107,1,扛,1,1,0,正篆,卷.部首.頁：12上.手.254,扛說文‧手部,,是,glyphwiki,https://www.zdic.net/hans/扛/xiaozhuan,https://img.zdic.net/zy/xiaozhuan/27_625B.svg
1592,107,2,扪,1,1,0,正篆,卷.部首.頁：12上.手.252,扪說文‧手部,,是,glyphwiki,https://www.zdic.net/hans/扪/xiaozhuan,https://img.zdic.net/zy/xiaozhuan/27_636B.svg
1593,107,3,扳,2,1,1,或體+正篆,卷.部首.頁：3上.𠬜.59,扳說文‧𠬜部 | 扳說文或體,,是,glyphwiki,https://www.zdic.net/hans/扳/xiaozhuan,https://img.zdic.net/zy/xiaozhuan/27_F399.svg;https://img.zdic.net/zy/xiaozhuan/27_6500.svg
1594,107,4,抒,1,1,0,正篆,卷.部首.頁：12上.手.254,抒說文‧手部,,是,glyphwiki,https://www.zdic.net/hans/抒/xiaozhuan,https://img.zdic.net/zy/xiaozhuan/27_6292.svg
1595,107,5,抗,2,1,1,或體+正篆,卷.部首.頁：12上.手.257,抗說文‧手部 | 抗說文或體,,是,glyphwiki,https://www.zdic.net/hans/抗/xiaozhuan,https://img.zdic.net/zy/xiaozhuan/27_6297.svg;https://img.zdic.net/zy/xiaozhuan/27_676D.svg
1596,107,6,抛,1,1,0,正篆,卷.部首.頁：12上.手.258,抛說文‧手部,,是,glyphwiki,https://www.zdic.net/hans/抛/xiaozhuan,https://img.zdic.net/zy/xiaozhuan/27_62CB.svg
1597,107,7,抟,1,1,0,正篆,卷.部首.頁：12上.手.256,抟說文‧手部,,是,glyphwiki,https://www.zdic.net/hans/抟/xiaozhuan,https://img.zdic.net/zy/xiaozhuan/27_6476.svg
1598,107,8,抡,1,1,0,正篆,卷.部首.頁：12上.手.252,抡說文‧手部,,是,glyphwiki,https://www.zdic.net/hans/抡/xiaozhuan,https://img.zdic.net/zy/xiaozhuan/27_6384.svg
1599,107,9,抨,1,1,0,正篆,卷.部首.頁：12上.手.256,抨說文‧手部,,是,glyphwiki,https://www.zdic.net/hans/抨/xiaozhuan,https://img.zdic.net/zy/xiaozhuan/27_62A8.svg
1600,107,10,披,1,1,0,正篆,卷.部首.頁：12上.手.254,披說文‧手部,,是,glyphwiki,https://www.zdic.net/hans/披/xiaozhuan,https://img.zdic.net/zy/xiaozhuan/27_62AB.svg
1601,107,11,抽,3,1,2,或體+正篆,卷.部首.頁：12上.手.255,抽說文‧手部 | 抽說文或體 | 抽說文或體,,是,glyphwiki,https://www.zdic.net/hans/抽/xiaozhuan,https://img.zdic.net/zy/xiaozhuan/27_EDEC.svg;https://img.zdic.net/zy/xiaozhuan/27_62BD.svg;https://img.zdic.net/zy/xiaozhuan/27_EA1B.svg
1602,107,12,拗,1,1,0,正篆,卷.部首.頁：12上.手.258,拗說文‧手部,,是,glyphwiki,https://www.zdic.net/hans/拗/xiaozhuan,https://img.zdic.net/zy/xiaozhuan/27_62D7.svg
1603,107,13,拙,1,1,0,正篆,卷.部首.頁：12上.手.256,拙說文‧手部,,是,glyphwiki,https://www.zdic.net/hans/拙/xiaozhuan,https://img.zdic.net/zy/xiaozhuan/27_62D9.svg
1604,107,14,招,1,1,0,正篆,卷.部首.頁：12上.手.253,招說文‧手部,,是,glyphwiki,https://www.zdic.net/hans/招/xiaozhuan,https://img.zdic.net/zy/xiaozhuan/27_62DB.svg
1605,107,15,拟,1,1,0,正篆,卷.部首.頁：12上.手.254,拟說文‧手部,,是,glyphwiki,https://www.zdic.net/hans/拟/xiaozhuan,https://img.zdic.net/zy/xiaozhuan/27_64EC.svg
1606,108,1,拨,1,1,0,正篆,卷.部首.頁：12上.手.254,拨說文‧手部,,是,glyphwiki,https://www.zdic.net/hans/拨/xiaozhuan,https://img.zdic.net/zy/xiaozhuan/27_64A5.svg
1607,108,2,括,1,1,0,正篆,卷.部首.頁：12上.手.255,括說文‧手部,,是,glyphwiki,https://www.zdic.net/hans/括/xiaozhuan,https://img.zdic.net/zy/xiaozhuan/27_62EC.svg
1608,108,3,拮,1,1,0,正篆,卷.部首.頁：12上.手.256,拮說文‧手部,,是,glyphwiki,https://www.zdic.net/hans/拮/xiaozhuan,https://img.zdic.net/zy/xiaozhuan/27_62EE.svg
1609,108,4,拽,1,1,0,正篆,卷.部首.頁：14下.申.311,拽說文‧申部,,是,glyphwiki,https://www.zdic.net/hans/拽/xiaozhuan,https://img.zdic.net/zy/xiaozhuan/27_66F3.svg
1610,108,5,挂,1,1,0,正篆,卷.部首.頁：12上.手.257,挂說文‧手部,,是,glyphwiki,https://www.zdic.net/hans/挂/xiaozhuan,https://img.zdic.net/zy/xiaozhuan/27_6302.svg
1611,108,6,按,1,1,0,正篆,卷.部首.頁：12上.手.252,按說文‧手部,,是,glyphwiki,https://www.zdic.net/hans/按/xiaozhuan,https://img.zdic.net/zy/xiaozhuan/27_6309.svg
1612,108,7,挎,1,1,0,正篆,卷.部首.頁：12上.手.251,挎說文‧手部,,是,glyphwiki,https://www.zdic.net/hans/挎/xiaozhuan,https://img.zdic.net/zy/xiaozhuan/27_6473.svg
1613,108,8,挑,1,1,0,正篆,卷.部首.頁：12上.手.253,挑說文‧手部,,是,glyphwiki,https://www.zdic.net/hans/挑/xiaozhuan,https://img.zdic.net/zy/xiaozhuan/27_6311.svg
1614,108,9,挟,1,1,0,正篆,卷.部首.頁：12上.手.252,挟說文‧手部,,是,glyphwiki,https://www.zdic.net/hans/挟/xiaozhuan,https://img.zdic.net/zy/xiaozhuan/27_633E.svg
1615,108,10,挠,1,1,0,正篆,卷.部首.頁：12上.手.253,挠說文‧手部,,是,glyphwiki,https://www.zdic.net/hans/挠/xiaozhuan,https://img.zdic.net/zy/xiaozhuan/27_6493.svg
1616,108,11,挤,1,1,0,正篆,卷.部首.頁：12上.手.251,挤說文‧手部,,是,glyphwiki,https://www.zdic.net/hans/挤/xiaozhuan,https://img.zdic.net/zy/xiaozhuan/27_64E0.svg
1617,108,12,挪,1,1,0,正篆,卷.部首.頁：6下.邑.134,挪說文‧邑部,,是,glyphwiki,https://www.zdic.net/hans/挪/xiaozhuan,https://img.zdic.net/zy/xiaozhuan/27_90A3.svg
1618,108,13,挫,1,1,0,正篆,卷.部首.頁：12上.手.251,挫說文‧手部,,是,glyphwiki,https://www.zdic.net/hans/挫/xiaozhuan,https://img.zdic.net/zy/xiaozhuan/27_632B.svg
1619,108,14,挹,1,1,0,正篆,卷.部首.頁：12上.手.254,挹說文‧手部,,是,glyphwiki,https://www.zdic.net/hans/挹/xiaozhuan,https://img.zdic.net/zy/xiaozhuan/27_6339.svg
1620,108,15,挺,1,1,0,正篆,卷.部首.頁：12上.手.255,挺說文‧手部,,是,glyphwiki,https://www.zdic.net/hans/挺/xiaozhuan,https://img.zdic.net/zy/xiaozhuan/27_633A.svg
1621,109,1,挽,1,1,0,正篆,卷.部首.頁：14上.車.303,挽說文‧車部,,是,glyphwiki,https://www.zdic.net/hans/挽/xiaozhuan,https://img.zdic.net/zy/xiaozhuan/27_8F13.svg
1622,109,2,捋,1,1,0,正篆,卷.部首.頁：12上.手.252,捋說文‧手部,,是,glyphwiki,https://www.zdic.net/hans/捋/xiaozhuan,https://img.zdic.net/zy/xiaozhuan/27_634B.svg
1623,109,3,捐,1,1,0,正篆,卷.部首.頁：12上.手.257,捐說文‧手部,,是,glyphwiki,https://www.zdic.net/hans/捐/xiaozhuan,https://img.zdic.net/zy/xiaozhuan/27_6350.svg
1624,109,4,损,1,1,0,正篆,卷.部首.頁：12上.手.254,损說文‧手部,,是,glyphwiki,https://www.zdic.net/hans/损/xiaozhuan,https://img.zdic.net/zy/xiaozhuan/27_640D.svg
1625,109,5,捡,1,1,0,正篆,卷.部首.頁：12上.手.251,捡說文‧手部,,是,glyphwiki,https://www.zdic.net/hans/捡/xiaozhuan,https://img.zdic.net/zy/xiaozhuan/27_64BF.svg
1626,109,6,换,1,1,0,正篆,卷.部首.頁：12上.手.257,换說文‧手部,,是,glyphwiki,https://www.zdic.net/hans/换/xiaozhuan,https://img.zdic.net/zy/xiaozhuan/27_63DB.svg
1627,109,7,捣,1,1,0,正篆,卷.部首.頁：12上.手.255,捣說文‧手部,,是,glyphwiki,https://www.zdic.net/hans/捣/xiaozhuan,https://img.zdic.net/zy/xiaozhuan/27_64E3.svg
1628,109,8,据,1,1,0,正篆,卷.部首.頁：12上.手.253,据說文‧手部,,是,glyphwiki,https://www.zdic.net/hans/据/xiaozhuan,https://img.zdic.net/zy/xiaozhuan/27_636E.svg
1629,109,9,捯,1,1,0,正篆,卷.部首.頁：12上.手.255,捯說文‧手部,,是,glyphwiki,https://www.zdic.net/hans/捯/xiaozhuan,https://img.zdic.net/zy/xiaozhuan/27_64E3.svg
1630,109,10,捻,1,1,0,正篆,卷.部首.頁：12上.手.258,捻說文‧手部,,是,glyphwiki,https://www.zdic.net/hans/捻/xiaozhuan,https://img.zdic.net/zy/xiaozhuan/27_637B.svg
1631,109,11,掀,1,1,0,正篆,卷.部首.頁：12上.手.254,掀說文‧手部,,是,glyphwiki,https://www.zdic.net/hans/掀/xiaozhuan,https://img.zdic.net/zy/xiaozhuan/27_6380.svg
1632,109,12,授,1,1,0,正篆,卷.部首.頁：12上.手.253,授說文‧手部,,是,glyphwiki,https://www.zdic.net/hans/授/xiaozhuan,https://img.zdic.net/zy/xiaozhuan/27_6388.svg
1633,109,13,掉,1,1,0,正篆,卷.部首.頁：12上.手.254,掉說文‧手部,,是,glyphwiki,https://www.zdic.net/hans/掉/xiaozhuan,https://img.zdic.net/zy/xiaozhuan/27_6389.svg
1634,109,14,掊,1,1,0,正篆,卷.部首.頁：12上.手.252,掊說文‧手部,,是,glyphwiki,https://www.zdic.net/hans/掊/xiaozhuan,https://img.zdic.net/zy/xiaozhuan/27_638A.svg
1635,109,15,掎,1,1,0,正篆,卷.部首.頁：12上.手.255,掎說文‧手部,,是,glyphwiki,https://www.zdic.net/hans/掎/xiaozhuan,https://img.zdic.net/zy/xiaozhuan/27_638E.svg
1636,110,1,排,1,1,0,正篆,卷.部首.頁：12上.手.251,排說文‧手部,,是,glyphwiki,https://www.zdic.net/hans/排/xiaozhuan,https://img.zdic.net/zy/xiaozhuan/27_6392.svg
1637,110,2,探,1,1,0,正篆,卷.部首.頁：12上.手.255,探說文‧手部,,是,glyphwiki,https://www.zdic.net/hans/探/xiaozhuan,https://img.zdic.net/zy/xiaozhuan/27_63A2.svg
1638,110,3,接,1,1,0,正篆,卷.部首.頁：12上.手.253,接說文‧手部,,是,glyphwiki,https://www.zdic.net/hans/接/xiaozhuan,https://img.zdic.net/zy/xiaozhuan/27_63A5.svg
1639,110,4,控,1,1,0,正篆,卷.部首.頁：12上.手.252,控說文‧手部,,是,glyphwiki,https://www.zdic.net/hans/控/xiaozhuan,https://img.zdic.net/zy/xiaozhuan/27_63A7.svg
1640,110,5,推,1,1,0,正篆,卷.部首.頁：12上.手.251,推說文‧手部,,是,glyphwiki,https://www.zdic.net/hans/推/xiaozhuan,https://img.zdic.net/zy/xiaozhuan/27_63A8.svg
1641,110,6,掩,1,1,0,正篆,卷.部首.頁：12上.手.256,掩說文‧手部,,是,glyphwiki,https://www.zdic.net/hans/掩/xiaozhuan,https://img.zdic.net/zy/xiaozhuan/27_63A9.svg
1642,110,7,掼,1,1,0,正篆,卷.部首.頁：12上.手.253,掼說文‧手部,,是,glyphwiki,https://www.zdic.net/hans/掼/xiaozhuan,https://img.zdic.net/zy/xiaozhuan/27_645C.svg
1643,110,8,揆,1,1,0,正篆,卷.部首.頁：12上.手.254,揆說文‧手部,,是,glyphwiki,https://www.zdic.net/hans/揆/xiaozhuan,https://img.zdic.net/zy/xiaozhuan/27_63C6.svg
1644,110,9,插,1,1,0,正篆,卷.部首.頁：12上.手.252,插說文‧手部,,是,glyphwiki,https://www.zdic.net/hans/插/xiaozhuan,https://img.zdic.net/zy/xiaozhuan/27_63D2.svg
1645,110,10,揖,1,1,0,正篆,卷.部首.頁：12上.手.251,揖說文‧手部,,是,glyphwiki,https://www.zdic.net/hans/揖/xiaozhuan,https://img.zdic.net/zy/xiaozhuan/27_63D6.svg
1646,110,11,握,2,1,1,古文+正篆,卷.部首.頁：12上.手.252,握說文‧手部 | 握說文古文,,是,glyphwiki,https://www.zdic.net/hans/握/xiaozhuan,https://img.zdic.net/zy/xiaozhuan/27_63E1.svg;https://img.zdic.net/zy/xiaozhuan/27_EA02.svg
1647,110,12,揶,1,1,0,正篆,卷.部首.頁：8下.欠.179,揶說文‧欠部,,是,glyphwiki,https://www.zdic.net/hans/揶/xiaozhuan,https://img.zdic.net/zy/xiaozhuan/27_6B4B.svg
1648,110,13,搀,1,1,0,正篆,卷.部首.頁：12上.手.258,搀說文‧手部,,是,glyphwiki,https://www.zdic.net/hans/搀/xiaozhuan,https://img.zdic.net/zy/xiaozhuan/27_6519.svg
1649,110,14,搂,1,1,0,正篆,卷.部首.頁：12上.手.254,搂說文‧手部,,是,glyphwiki,https://www.zdic.net/hans/搂/xiaozhuan,https://img.zdic.net/zy/xiaozhuan/27_645F.svg
1650,110,15,搒,1,1,0,正篆,卷.部首.頁：12上.手.257,搒說文‧手部,,是,glyphwiki,https://www.zdic.net/hans/搒/xiaozhuan,https://img.zdic.net/zy/xiaozhuan/27_6412.svg
1651,111,1,搜,1,1,0,正篆,卷.部首.頁：12上.手.257,搜說文‧手部,,是,glyphwiki,https://www.zdic.net/hans/搜/xiaozhuan,https://img.zdic.net/zy/xiaozhuan/27_641C.svg
1652,111,2,搞,1,1,0,正篆,卷.部首.頁：3下.攴.69,搞說文‧攴部,,是,glyphwiki,https://www.zdic.net/hans/搞/xiaozhuan,https://img.zdic.net/zy/xiaozhuan/27_6572.svg
1653,111,3,搠,1,1,0,正篆,卷.部首.頁：6上.木.126,搠說文‧木部,,是,glyphwiki,https://www.zdic.net/hans/搠/xiaozhuan,https://img.zdic.net/zy/xiaozhuan/27_69CA.svg
1654,111,4,携,1,1,0,正篆,卷.部首.頁：12上.手.252,携說文‧手部,,是,glyphwiki,https://www.zdic.net/hans/携/xiaozhuan,https://img.zdic.net/zy/xiaozhuan/27_651C.svg
1655,111,5,摇,1,1,0,正篆,卷.部首.頁：12上.手.254,摇說文‧手部,,是,glyphwiki,https://www.zdic.net/hans/摇/xiaozhuan,https://img.zdic.net/zy/xiaozhuan/27_6416.svg
1656,111,6,摊,1,1,0,正篆,卷.部首.頁：12上.手.258,摊說文‧手部,,是,glyphwiki,https://www.zdic.net/hans/摊/xiaozhuan,https://img.zdic.net/zy/xiaozhuan/27_6524.svg
1657,111,7,摘,1,1,0,正篆,卷.部首.頁：12上.手.253,摘說文‧手部,,是,glyphwiki,https://www.zdic.net/hans/摘/xiaozhuan,https://img.zdic.net/zy/xiaozhuan/27_6458.svg
1658,111,8,摛,1,1,0,正篆,卷.部首.頁：12上.手.252,摛說文‧手部,,是,glyphwiki,https://www.zdic.net/hans/摛/xiaozhuan,https://img.zdic.net/zy/xiaozhuan/27_645B.svg
1659,111,9,摧,1,1,0,正篆,卷.部首.頁：12上.手.251,摧說文‧手部,,是,glyphwiki,https://www.zdic.net/hans/摧/xiaozhuan,https://img.zdic.net/zy/xiaozhuan/27_6467.svg
1660,111,10,摩,1,1,0,正篆,卷.部首.頁：12上.手.255,摩說文‧手部,,是,glyphwiki,https://www.zdic.net/hans/摩/xiaozhuan,https://img.zdic.net/zy/xiaozhuan/27_6469.svg
1661,111,11,摭,2,1,1,或體+正篆,卷.部首.頁：12上.手.255,摭說文‧手部 | 摭說文或體,,是,glyphwiki,https://www.zdic.net/hans/摭/xiaozhuan,https://img.zdic.net/zy/xiaozhuan/27_62D3.svg;https://img.zdic.net/zy/xiaozhuan/27_646D.svg
1662,111,12,摴,1,1,0,正篆,卷.部首.頁：12上.手.258,摴說文‧手部,,是,glyphwiki,https://www.zdic.net/hans/摴/xiaozhuan,https://img.zdic.net/zy/xiaozhuan/27_6474.svg
1663,111,13,摸,1,1,0,正篆,卷.部首.頁：12上.手.256,摸說文‧手部,,是,glyphwiki,https://www.zdic.net/hans/摸/xiaozhuan,https://img.zdic.net/zy/xiaozhuan/27_6479.svg
1664,111,14,摽,1,1,0,正篆,卷.部首.頁：12上.手.253,摽說文‧手部,,是,glyphwiki,https://www.zdic.net/hans/摽/xiaozhuan,https://img.zdic.net/zy/xiaozhuan/27_647D.svg
1665,111,15,撅,1,1,0,正篆,卷.部首.頁：12上.手.257,撅說文‧手部,,是,glyphwiki,https://www.zdic.net/hans/撅/xiaozhuan,https://img.zdic.net/zy/xiaozhuan/27_6485.svg
1666,112,1,撩,1,1,0,正篆,卷.部首.頁：12上.手.252,撩說文‧手部,,是,glyphwiki,https://www.zdic.net/hans/撩/xiaozhuan,https://img.zdic.net/zy/xiaozhuan/27_64A9.svg
1667,112,2,撷,2,1,1,或體+正篆,卷.部首.頁：8上.衣.172,撷說文‧衣部 | 撷說文或體,,是,glyphwiki,https://www.zdic.net/hans/撷/xiaozhuan,https://img.zdic.net/zy/xiaozhuan/27_896D.svg;https://img.zdic.net/zy/xiaozhuan/27_64F7.svg
1668,112,3,擘,1,1,0,正篆,卷.部首.頁：12上.手.255,擘說文‧手部,,是,glyphwiki,https://www.zdic.net/hans/擘/xiaozhuan,https://img.zdic.net/zy/xiaozhuan/27_64D8.svg
1669,112,4,攀,2,1,1,或體+正篆,卷.部首.頁：3上.𠬜.59,攀說文‧𠬜部 | 攀說文或體,,是,glyphwiki,https://www.zdic.net/hans/攀/xiaozhuan,https://img.zdic.net/zy/xiaozhuan/27_F399.svg;https://img.zdic.net/zy/xiaozhuan/27_6500.svg
1670,112,5,攒,1,1,0,正篆,卷.部首.頁：6上.木.123,攒說文‧木部,,是,glyphwiki,https://www.zdic.net/hans/攒/xiaozhuan,https://img.zdic.net/zy/xiaozhuan/27_6B11.svg
1671,112,6,攘,1,1,0,正篆,卷.部首.頁：12上.手.251,攘說文‧手部,,是,glyphwiki,https://www.zdic.net/hans/攘/xiaozhuan,https://img.zdic.net/zy/xiaozhuan/27_6518.svg
1672,112,7,敉,2,1,1,或體+正篆,卷.部首.頁：3下.攴.68,敉說文‧攴部 | 敉說文或體,,是,glyphwiki,https://www.zdic.net/hans/敉/xiaozhuan,https://img.zdic.net/zy/xiaozhuan/27_6549.svg;https://img.zdic.net/zy/xiaozhuan/27_E2C2.svg
1673,112,8,斐,1,1,0,正篆,卷.部首.頁：9上.文.185,斐說文‧文部,,是,glyphwiki,https://www.zdic.net/hans/斐/xiaozhuan,https://img.zdic.net/zy/xiaozhuan/27_6590.svg
1674,112,9,斠,1,1,0,正篆,卷.部首.頁：14上.斗.300,斠說文‧斗部,,是,glyphwiki,https://www.zdic.net/hans/斠/xiaozhuan,https://img.zdic.net/zy/xiaozhuan/27_65A0.svg
1675,112,10,斡,1,1,0,正篆,卷.部首.頁：14上.斗.300,斡說文‧斗部,,是,glyphwiki,https://www.zdic.net/hans/斡/xiaozhuan,https://img.zdic.net/zy/xiaozhuan/27_65A1.svg
1676,112,11,旁,4,1,3,古文+正篆+籀文,卷.部首.頁：1上.上.7,旁說文‧上部 | 旁說文古文 | 旁說文古文 | 旁說文籀文,,是,bamboo-silk/bronze/glyphwiki/oracle-bone,https://www.zdic.net/hans/旁/xiaozhuan,https://img.zdic.net/zy/xiaozhuan/27_65C1.svg;https://img.zdic.net/zy/xiaozhuan/27_E002.svg;https://img.zdic.net/zy/xiaozhuan/27_E003.svg;https://img.zdic.net/zy/xiaozhuan/27_96F1.svg
1677,112,12,旖,1,1,0,正篆,卷.部首.頁：7上.㫃.140,旖說文‧㫃部,,是,glyphwiki,https://www.zdic.net/hans/旖/xiaozhuan,https://img.zdic.net/zy/xiaozhuan/27_65D6.svg
1678,112,13,既,1,1,0,正篆,卷.部首.頁：5下.皀.106,既說文‧皀部,,是,bamboo-silk/bronze/glyphwiki/oracle-bone,https://www.zdic.net/hans/既/xiaozhuan,https://img.zdic.net/zy/xiaozhuan/27_65E2.svg
1679,112,14,旮,1,1,0,正篆,卷.部首.頁：7上.日.138,旮說文‧日部,,是,glyphwiki,https://www.zdic.net/hans/旮/xiaozhuan,https://img.zdic.net/zy/xiaozhuan/27_65ED.svg
1680,112,15,旰,1,1,0,正篆,卷.部首.頁：7上.日.138,旰說文‧日部,,是,glyphwiki,https://www.zdic.net/hans/旰/xiaozhuan,https://img.zdic.net/zy/xiaozhuan/27_65F0.svg
1681,113,1,旷,1,1,0,正篆,卷.部首.頁：7上.日.137,旷說文‧日部,,是,glyphwiki,https://www.zdic.net/hans/旷/xiaozhuan,https://img.zdic.net/zy/xiaozhuan/27_66E0.svg
1682,113,2,旿,1,1,0,正篆,卷.部首.頁：7上.日.137,旿說文‧日部,,是,glyphwiki,https://www.zdic.net/hans/旿/xiaozhuan,https://img.zdic.net/zy/xiaozhuan/27_6664.svg
1683,113,3,昙,1,1,0,正篆,卷.部首.頁：7上.日.139,昙說文‧日部,,是,glyphwiki,https://www.zdic.net/hans/昙/xiaozhuan,https://img.zdic.net/zy/xiaozhuan/27_66C7.svg
1684,113,4,映,1,1,0,正篆,卷.部首.頁：7上.日.139,映說文‧日部,,是,glyphwiki,https://www.zdic.net/hans/映/xiaozhuan,https://img.zdic.net/zy/xiaozhuan/27_6620.svg
1685,113,5,昪,1,1,0,正篆,卷.部首.頁：7上.日.138,昪說文‧日部,,是,glyphwiki,https://www.zdic.net/hans/昪/xiaozhuan,https://img.zdic.net/zy/xiaozhuan/27_E59C.svg
1686,113,6,昳,1,1,0,正篆,卷.部首.頁：7上.日.139,昳說文‧日部,,是,glyphwiki,https://www.zdic.net/hans/昳/xiaozhuan,https://img.zdic.net/zy/xiaozhuan/27_6633.svg
1687,113,7,昴,1,1,0,正篆,卷.部首.頁：7上.日.138,昴說文‧日部,,是,glyphwiki,https://www.zdic.net/hans/昴/xiaozhuan,https://img.zdic.net/zy/xiaozhuan/27_6634.svg
1688,113,8,昽,1,1,0,正篆,卷.部首.頁：7上.日.139,昽說文‧日部,,是,glyphwiki,https://www.zdic.net/hans/昽/xiaozhuan,https://img.zdic.net/zy/xiaozhuan/27_66E8.svg
1689,113,9,晌,1,1,0,正篆,卷.部首.頁：7上.日.138,晌說文‧日部,,是,glyphwiki,https://www.zdic.net/hans/晌/xiaozhuan,https://img.zdic.net/zy/xiaozhuan/27_66CF.svg
1690,113,10,晒,1,1,0,正篆,卷.部首.頁：7上.日.139,晒說文‧日部,,是,glyphwiki,https://www.zdic.net/hans/晒/xiaozhuan,https://img.zdic.net/zy/xiaozhuan/27_66EC.svg
1691,113,11,晔,1,1,0,正篆,卷.部首.頁：7上.日.138,晔說文‧日部,,是,glyphwiki,https://www.zdic.net/hans/晔/xiaozhuan,https://img.zdic.net/zy/xiaozhuan/27_66C4.svg
1692,113,12,晙,1,1,0,正篆,卷.部首.頁：7上.日.139,晙說文‧日部,,是,glyphwiki,https://www.zdic.net/hans/晙/xiaozhuan,https://img.zdic.net/zy/xiaozhuan/27_6659.svg
1693,113,13,晚,1,1,0,正篆,卷.部首.頁：7上.日.138,晚說文‧日部,,是,glyphwiki,https://www.zdic.net/hans/晚/xiaozhuan,https://img.zdic.net/zy/xiaozhuan/27_665A.svg
1694,113,14,晤,1,1,0,正篆,卷.部首.頁：7上.日.137,晤說文‧日部,,是,glyphwiki,https://www.zdic.net/hans/晤/xiaozhuan,https://img.zdic.net/zy/xiaozhuan/27_6664.svg
1695,113,15,晷,1,1,0,正篆,卷.部首.頁：7上.日.138,晷說文‧日部,,是,glyphwiki,https://www.zdic.net/hans/晷/xiaozhuan,https://img.zdic.net/zy/xiaozhuan/27_6677.svg
1696,114,1,晾,1,1,0,正篆,卷.部首.頁：11上.水.236,晾說文‧水部,,是,glyphwiki,https://www.zdic.net/hans/晾/xiaozhuan,https://img.zdic.net/zy/xiaozhuan/27_6DBC.svg
1697,114,2,暝,1,1,0,正篆,卷.部首.頁：7上.冥.141,暝說文‧冥部,,是,glyphwiki,https://www.zdic.net/hans/暝/xiaozhuan,https://img.zdic.net/zy/xiaozhuan/27_51A5.svg
1698,114,3,曙,1,1,0,正篆,卷.部首.頁：7上.日.139,曙說文‧日部,,是,glyphwiki,https://www.zdic.net/hans/曙/xiaozhuan,https://img.zdic.net/zy/xiaozhuan/27_66D9.svg
1699,114,4,曜,1,1,0,正篆,卷.部首.頁：10上.火.209,曜說文‧火部,,是,glyphwiki,https://www.zdic.net/hans/曜/xiaozhuan,https://img.zdic.net/zy/xiaozhuan/27_71FF.svg
1700,114,5,曩,1,1,0,正篆,卷.部首.頁：7上.日.138,曩說文‧日部,,是,glyphwiki,https://www.zdic.net/hans/曩/xiaozhuan,https://img.zdic.net/zy/xiaozhuan/27_66E9.svg
1701,114,6,朝,1,1,0,正篆,卷.部首.頁：7上.倝.140,朝說文‧倝部,,是,bamboo-silk/bronze/glyphwiki/oracle-bone,https://www.zdic.net/hans/朝/xiaozhuan,https://img.zdic.net/zy/xiaozhuan/27_671D.svg
1702,114,7,杈,1,1,0,正篆,卷.部首.頁：6上.木.118,杈說文‧木部,,是,glyphwiki,https://www.zdic.net/hans/杈/xiaozhuan,https://img.zdic.net/zy/xiaozhuan/27_6748.svg
1703,114,8,杖,1,1,0,正篆,卷.部首.頁：6上.木.123,杖說文‧木部,,是,glyphwiki,https://www.zdic.net/hans/杖/xiaozhuan,https://img.zdic.net/zy/xiaozhuan/27_6756.svg
1704,114,9,杪,1,1,0,正篆,卷.部首.頁：6上.木.119,杪說文‧木部,,是,glyphwiki,https://www.zdic.net/hans/杪/xiaozhuan,https://img.zdic.net/zy/xiaozhuan/27_676A.svg
1705,114,10,杭,2,1,1,或體+正篆,卷.部首.頁：12上.手.257,杭說文‧手部 | 杭說文或體,,是,glyphwiki,https://www.zdic.net/hans/杭/xiaozhuan,https://img.zdic.net/zy/xiaozhuan/27_6297.svg;https://img.zdic.net/zy/xiaozhuan/27_676D.svg
1706,114,11,杷,1,1,0,正篆,卷.部首.頁：6上.木.122,杷說文‧木部,,是,glyphwiki,https://www.zdic.net/hans/杷/xiaozhuan,https://img.zdic.net/zy/xiaozhuan/27_6777.svg
1707,114,12,杼,1,1,0,正篆,卷.部首.頁：6上.木.123,杼說文‧木部,,是,glyphwiki,https://www.zdic.net/hans/杼/xiaozhuan,https://img.zdic.net/zy/xiaozhuan/27_677C.svg
1708,114,13,板,1,1,0,正篆,卷.部首.頁：7上.片.143,板說文‧片部,,是,bamboo-silk/glyphwiki,https://www.zdic.net/hans/板/xiaozhuan,https://img.zdic.net/zy/xiaozhuan/27_7248.svg
1709,114,14,构,1,1,0,正篆,卷.部首.頁：6上.木.120,构說文‧木部,,是,glyphwiki,https://www.zdic.net/hans/构/xiaozhuan,https://img.zdic.net/zy/xiaozhuan/27_69CB.svg
1710,114,15,枇,1,1,0,正篆,卷.部首.頁：6上.木.116,枇說文‧木部,,是,glyphwiki,https://www.zdic.net/hans/枇/xiaozhuan,https://img.zdic.net/zy/xiaozhuan/27_6787.svg
1711,115,1,枞,1,1,0,正篆,卷.部首.頁：6上.木.118,枞說文‧木部,,是,glyphwiki,https://www.zdic.net/hans/枞/xiaozhuan,https://img.zdic.net/zy/xiaozhuan/27_6A05.svg
1712,115,2,枥,1,1,0,正篆,卷.部首.頁：6上.木.125,枥說文‧木部,,是,glyphwiki,https://www.zdic.net/hans/枥/xiaozhuan,https://img.zdic.net/zy/xiaozhuan/27_6AEA.svg
1713,115,3,枨,1,1,0,正篆,卷.部首.頁：6上.木.123,枨說文‧木部,,是,glyphwiki,https://www.zdic.net/hans/枨/xiaozhuan,https://img.zdic.net/zy/xiaozhuan/27_68D6.svg
1714,115,4,枫,1,1,0,正篆,卷.部首.頁：6上.木.117,枫說文‧木部,,是,glyphwiki,https://www.zdic.net/hans/枫/xiaozhuan,https://img.zdic.net/zy/xiaozhuan/27_6953.svg
1715,115,5,枰,1,1,0,正篆,卷.部首.頁：6上.木.125,枰說文‧木部,,是,glyphwiki,https://www.zdic.net/hans/枰/xiaozhuan,https://img.zdic.net/zy/xiaozhuan/27_67B0.svg
1716,115,6,枵,1,1,0,正篆,卷.部首.頁：6上.木.119,枵說文‧木部,,是,glyphwiki,https://www.zdic.net/hans/枵/xiaozhuan,https://img.zdic.net/zy/xiaozhuan/27_67B5.svg
1717,115,7,柚,1,1,0,正篆,卷.部首.頁：6上.木.114,柚說文‧木部,,是,glyphwiki/oracle-bone,https://www.zdic.net/hans/柚/xiaozhuan,https://img.zdic.net/zy/xiaozhuan/27_67DA.svg
1718,115,8,柝,1,1,0,正篆,卷.部首.頁：6上.木.119,柝說文‧木部,,是,glyphwiki,https://www.zdic.net/hans/柝/xiaozhuan,https://img.zdic.net/zy/xiaozhuan/27_67DD.svg
1719,115,9,柿,1,1,0,正篆,卷.部首.頁：6上.木.114,柿說文‧木部,,是,glyphwiki,https://www.zdic.net/hans/柿/xiaozhuan,https://img.zdic.net/zy/xiaozhuan/27_E4C8.svg
1720,115,10,栅,1,1,0,正篆,卷.部首.頁：6上.木.121,栅說文‧木部,,是,glyphwiki,https://www.zdic.net/hans/栅/xiaozhuan,https://img.zdic.net/zy/xiaozhuan/27_67F5.svg
1721,115,11,栊,1,1,0,正篆,卷.部首.頁：6上.木.125,栊說文‧木部,,是,glyphwiki,https://www.zdic.net/hans/栊/xiaozhuan,https://img.zdic.net/zy/xiaozhuan/27_6AF3.svg
1722,115,12,栋,1,1,0,正篆,卷.部首.頁：6上.木.120,栋說文‧木部,,是,glyphwiki,https://www.zdic.net/hans/栋/xiaozhuan,https://img.zdic.net/zy/xiaozhuan/27_68DF.svg
1723,115,13,栌,1,1,0,正篆,卷.部首.頁：6上.木.120,栌說文‧木部,,是,glyphwiki,https://www.zdic.net/hans/栌/xiaozhuan,https://img.zdic.net/zy/xiaozhuan/27_6AE8.svg
1724,115,14,栝,1,1,0,正篆,卷.部首.頁：6上.木.123,栝說文‧木部,,是,glyphwiki,https://www.zdic.net/hans/栝/xiaozhuan,https://img.zdic.net/zy/xiaozhuan/27_681D.svg
1725,115,15,栟,1,1,0,正篆,卷.部首.頁：6上.木.115,栟說文‧木部,,是,glyphwiki,https://www.zdic.net/hans/栟/xiaozhuan,https://img.zdic.net/zy/xiaozhuan/27_681F.svg
1726,116,1,桅,1,1,0,正篆,卷.部首.頁：6上.木.118,桅說文‧木部,,是,glyphwiki,https://www.zdic.net/hans/桅/xiaozhuan,https://img.zdic.net/zy/xiaozhuan/27_6845.svg
1727,116,2,桡,1,1,0,正篆,卷.部首.頁：6上.木.119,桡說文‧木部,,是,glyphwiki,https://www.zdic.net/hans/桡/xiaozhuan,https://img.zdic.net/zy/xiaozhuan/27_6A48.svg
1728,116,3,桩,1,1,0,正篆,卷.部首.頁：6上.木.126,桩說文‧木部,,是,glyphwiki,https://www.zdic.net/hans/桩/xiaozhuan,https://img.zdic.net/zy/xiaozhuan/27_6A01.svg
1729,116,4,桴,1,1,0,正篆,卷.部首.頁：6上.木.120,桴說文‧木部,,是,bronze/glyphwiki,https://www.zdic.net/hans/桴/xiaozhuan,https://img.zdic.net/zy/xiaozhuan/27_6874.svg
1730,116,5,桷,1,1,0,正篆,卷.部首.頁：6上.木.120,桷說文‧木部,,是,glyphwiki,https://www.zdic.net/hans/桷/xiaozhuan,https://img.zdic.net/zy/xiaozhuan/27_6877.svg
1731,116,6,梏,1,1,0,正篆,卷.部首.頁：6上.木.125,梏說文‧木部,,是,glyphwiki,https://www.zdic.net/hans/梏/xiaozhuan,https://img.zdic.net/zy/xiaozhuan/27_688F.svg
1732,116,7,梓,2,1,1,或體+正篆,卷.部首.頁：6上.木.115,梓說文‧木部 | 梓說文或體,,是,glyphwiki,https://www.zdic.net/hans/梓/xiaozhuan,https://img.zdic.net/zy/xiaozhuan/27_6893.svg;https://img.zdic.net/zy/xiaozhuan/27_E4D5.svg
1733,116,8,梣,2,1,1,或體+正篆,卷.部首.頁：6上.木.115,梣說文‧木部 | 梣說文或體,,是,glyphwiki,https://www.zdic.net/hans/梣/xiaozhuan,https://img.zdic.net/zy/xiaozhuan/27_68A3.svg;https://img.zdic.net/zy/xiaozhuan/27_E4CD.svg
1734,116,9,梧,1,1,0,正篆,卷.部首.頁：6上.木.117,梧說文‧木部,,是,glyphwiki,https://www.zdic.net/hans/梧/xiaozhuan,https://img.zdic.net/zy/xiaozhuan/27_68A7.svg
1735,116,10,梭,1,1,0,正篆,卷.部首.頁：6上.木.116,梭說文‧木部,,是,glyphwiki,https://www.zdic.net/hans/梭/xiaozhuan,https://img.zdic.net/zy/xiaozhuan/27_68AD.svg
1736,116,11,梯,1,1,0,正篆,卷.部首.頁：6上.木.123,梯說文‧木部,,是,glyphwiki,https://www.zdic.net/hans/梯/xiaozhuan,https://img.zdic.net/zy/xiaozhuan/27_68AF.svg
1737,116,12,械,1,1,0,正篆,卷.部首.頁：6上.木.125,械說文‧木部,,是,glyphwiki,https://www.zdic.net/hans/械/xiaozhuan,https://img.zdic.net/zy/xiaozhuan/27_68B0.svg
1738,116,13,梴,1,1,0,正篆,卷.部首.頁：6上.木.119,梴說文‧木部,,是,glyphwiki,https://www.zdic.net/hans/梴/xiaozhuan,https://img.zdic.net/zy/xiaozhuan/27_68B4.svg
1739,116,14,梵,1,1,0,正篆,卷.部首.頁：6上.林.126,梵說文‧林部,,是,glyphwiki,https://www.zdic.net/hans/梵/xiaozhuan,https://img.zdic.net/zy/xiaozhuan/27_68B5.svg
1740,116,15,梿,1,1,0,正篆,卷.部首.頁：6上.木.122,梿說文‧木部,,是,glyphwiki,https://www.zdic.net/hans/梿/xiaozhuan,https://img.zdic.net/zy/xiaozhuan/27_69E4.svg
1741,117,1,棁,1,1,0,正篆,卷.部首.頁：6上.木.123,棁說文‧木部,,是,glyphwiki,https://www.zdic.net/hans/棁/xiaozhuan,https://img.zdic.net/zy/xiaozhuan/27_68B2.svg
1742,117,2,棚,1,1,0,正篆,卷.部首.頁：6上.木.123,棚說文‧木部,,是,glyphwiki,https://www.zdic.net/hans/棚/xiaozhuan,https://img.zdic.net/zy/xiaozhuan/27_68DA.svg
1743,117,3,棣,1,1,0,正篆,卷.部首.頁：6上.木.117,棣說文‧木部,,是,glyphwiki,https://www.zdic.net/hans/棣/xiaozhuan,https://img.zdic.net/zy/xiaozhuan/27_68E3.svg
1744,117,4,棱,1,1,0,正篆,卷.部首.頁：6上.木.125,棱說文‧木部,,是,glyphwiki,https://www.zdic.net/hans/棱/xiaozhuan,https://img.zdic.net/zy/xiaozhuan/27_68F1.svg
1745,117,5,棵,1,1,0,正篆,卷.部首.頁：7上.禾.146,棵說文‧禾部,,是,glyphwiki,https://www.zdic.net/hans/棵/xiaozhuan,https://img.zdic.net/zy/xiaozhuan/27_79D1.svg
1746,117,6,棹,1,1,0,正篆,卷.部首.頁：6上.木.126,棹說文‧木部,,是,glyphwiki,https://www.zdic.net/hans/棹/xiaozhuan,https://img.zdic.net/zy/xiaozhuan/27_6AC2.svg
1747,117,7,棽,1,1,0,正篆,卷.部首.頁：6上.林.126,棽說文‧林部,,是,glyphwiki,https://www.zdic.net/hans/棽/xiaozhuan,https://img.zdic.net/zy/xiaozhuan/27_68FD.svg
1748,117,8,椆,1,1,0,正篆,卷.部首.頁：6上.木.115,椆說文‧木部,,是,glyphwiki,https://www.zdic.net/hans/椆/xiaozhuan,https://img.zdic.net/zy/xiaozhuan/27_6906.svg
1749,117,9,椐,1,1,0,正篆,卷.部首.頁：6上.木.116,椐說文‧木部,,是,glyphwiki,https://www.zdic.net/hans/椐/xiaozhuan,https://img.zdic.net/zy/xiaozhuan/27_6910.svg
1750,117,10,椠,1,1,0,正篆,卷.部首.頁：6上.木.124,椠說文‧木部,,是,glyphwiki,https://www.zdic.net/hans/椠/xiaozhuan,https://img.zdic.net/zy/xiaozhuan/27_69E7.svg
1751,117,11,椽,1,1,0,正篆,卷.部首.頁：6上.木.120,椽說文‧木部,,是,glyphwiki,https://www.zdic.net/hans/椽/xiaozhuan,https://img.zdic.net/zy/xiaozhuan/27_693D.svg
1752,117,12,楔,1,1,0,正篆,卷.部首.頁：6上.木.121,楔說文‧木部,,是,glyphwiki,https://www.zdic.net/hans/楔/xiaozhuan,https://img.zdic.net/zy/xiaozhuan/27_6954.svg
1753,117,13,楗,1,1,0,正篆,卷.部首.頁：6上.木.121,楗說文‧木部,,是,glyphwiki,https://www.zdic.net/hans/楗/xiaozhuan,https://img.zdic.net/zy/xiaozhuan/27_6957.svg
1754,117,14,楞,1,1,0,正篆,卷.部首.頁：6上.木.125,楞說文‧木部,,是,glyphwiki,https://www.zdic.net/hans/楞/xiaozhuan,https://img.zdic.net/zy/xiaozhuan/27_68F1.svg
1755,117,15,楣,1,1,0,正篆,卷.部首.頁：6上.木.120,楣說文‧木部,,是,glyphwiki,https://www.zdic.net/hans/楣/xiaozhuan,https://img.zdic.net/zy/xiaozhuan/27_6963.svg
1756,118,1,楸,1,1,0,正篆,卷.部首.頁：6上.木.115,楸說文‧木部,,是,glyphwiki,https://www.zdic.net/hans/楸/xiaozhuan,https://img.zdic.net/zy/xiaozhuan/27_6978.svg
1757,118,2,楹,1,1,0,正篆,卷.部首.頁：6上.木.120,楹說文‧木部,,是,glyphwiki,https://www.zdic.net/hans/楹/xiaozhuan,https://img.zdic.net/zy/xiaozhuan/27_6979.svg
1758,118,3,概,1,1,0,正篆,卷.部首.頁：6上.木.122,概說文‧木部,,是,glyphwiki,https://www.zdic.net/hans/概/xiaozhuan,https://img.zdic.net/zy/xiaozhuan/27_6982.svg
1759,118,4,榇,1,1,0,正篆,卷.部首.頁：6上.木.125,榇說文‧木部,,是,glyphwiki,https://www.zdic.net/hans/榇/xiaozhuan,https://img.zdic.net/zy/xiaozhuan/27_6AEC.svg
1760,118,5,榑,1,1,0,正篆,卷.部首.頁：6上.木.119,榑說文‧木部,,是,glyphwiki,https://www.zdic.net/hans/榑/xiaozhuan,https://img.zdic.net/zy/xiaozhuan/27_6991.svg
1761,118,6,榖,1,1,0,正篆,卷.部首.頁：6上.木.117,榖說文‧木部,,是,glyphwiki,https://www.zdic.net/hans/榖/xiaozhuan,https://img.zdic.net/zy/xiaozhuan/27_6996.svg
1762,118,7,榛,1,1,0,正篆,卷.部首.頁：6上.木.116,榛說文‧木部,,是,glyphwiki,https://www.zdic.net/hans/榛/xiaozhuan,https://img.zdic.net/zy/xiaozhuan/27_699B.svg
1763,118,8,榜,1,1,0,正篆,卷.部首.頁：6上.木.123,榜說文‧木部,,是,glyphwiki,https://www.zdic.net/hans/榜/xiaozhuan,https://img.zdic.net/zy/xiaozhuan/27_699C.svg
1764,118,9,榰,1,1,0,正篆,卷.部首.頁：6上.木.120,榰說文‧木部,,是,glyphwiki,https://www.zdic.net/hans/榰/xiaozhuan,https://img.zdic.net/zy/xiaozhuan/27_69B0.svg
1765,118,10,榱,1,1,0,正篆,卷.部首.頁：6上.木.120,榱說文‧木部,,是,glyphwiki,https://www.zdic.net/hans/榱/xiaozhuan,https://img.zdic.net/zy/xiaozhuan/27_69B1.svg
1766,118,11,榷,1,1,0,正篆,卷.部首.頁：6上.木.124,榷說文‧木部,,是,glyphwiki,https://www.zdic.net/hans/榷/xiaozhuan,https://img.zdic.net/zy/xiaozhuan/27_69B7.svg
1767,118,12,榻,1,1,0,正篆,卷.部首.頁：6上.木.126,榻說文‧木部,,是,glyphwiki,https://www.zdic.net/hans/榻/xiaozhuan,https://img.zdic.net/zy/xiaozhuan/27_69BB.svg
1768,118,13,槊,1,1,0,正篆,卷.部首.頁：6上.木.126,槊說文‧木部,,是,glyphwiki,https://www.zdic.net/hans/槊/xiaozhuan,https://img.zdic.net/zy/xiaozhuan/27_69CA.svg
1769,118,14,槌,1,1,0,正篆,卷.部首.頁：6上.木.122,槌說文‧木部,,是,glyphwiki,https://www.zdic.net/hans/槌/xiaozhuan,https://img.zdic.net/zy/xiaozhuan/27_69CC.svg
1770,118,15,槎,1,1,0,正篆,卷.部首.頁：6上.木.125,槎說文‧木部,,是,glyphwiki,https://www.zdic.net/hans/槎/xiaozhuan,https://img.zdic.net/zy/xiaozhuan/27_69CE.svg
1771,119,1,槔,1,1,0,正篆,卷.部首.頁：6上.木.126,槔說文‧木部,,是,glyphwiki,https://www.zdic.net/hans/槔/xiaozhuan,https://img.zdic.net/zy/xiaozhuan/27_69D4.svg
1772,119,2,槚,1,1,0,正篆,卷.部首.頁：6上.木.115,槚說文‧木部,,是,glyphwiki,https://www.zdic.net/hans/槚/xiaozhuan,https://img.zdic.net/zy/xiaozhuan/27_6A9F.svg
1773,119,3,槛,1,1,0,正篆,卷.部首.頁：6上.木.125,槛說文‧木部,,是,glyphwiki,https://www.zdic.net/hans/槛/xiaozhuan,https://img.zdic.net/zy/xiaozhuan/27_6ABB.svg
1774,119,4,槭,1,1,0,正篆,卷.部首.頁：6上.木.117,槭說文‧木部,,是,glyphwiki,https://www.zdic.net/hans/槭/xiaozhuan,https://img.zdic.net/zy/xiaozhuan/27_69ED.svg
1775,119,5,樗,2,1,1,或體+正篆,卷.部首.頁：6上.木.117,樗說文‧木部 | 樗說文或體,,是,glyphwiki,https://www.zdic.net/hans/樗/xiaozhuan,https://img.zdic.net/zy/xiaozhuan/27_6A17.svg;https://img.zdic.net/zy/xiaozhuan/27_6AB4.svg
1776,119,6,樘,1,1,0,正篆,卷.部首.頁：6上.木.120,樘說文‧木部,,是,glyphwiki,https://www.zdic.net/hans/樘/xiaozhuan,https://img.zdic.net/zy/xiaozhuan/27_6A18.svg
1777,119,7,樱,1,1,0,正篆,卷.部首.頁：6上.木.126,樱說文‧木部,,是,glyphwiki,https://www.zdic.net/hans/樱/xiaozhuan,https://img.zdic.net/zy/xiaozhuan/27_6AFB.svg
1778,119,8,樵,1,1,0,正篆,卷.部首.頁：6上.木.118,樵說文‧木部,,是,glyphwiki,https://www.zdic.net/hans/樵/xiaozhuan,https://img.zdic.net/zy/xiaozhuan/27_6A35.svg
1779,119,9,橙,1,1,0,正篆,卷.部首.頁：6上.木.114,橙說文‧木部,,是,glyphwiki,https://www.zdic.net/hans/橙/xiaozhuan,https://img.zdic.net/zy/xiaozhuan/27_6A59.svg
1780,119,10,橛,1,1,0,正篆,卷.部首.頁：6上.木.123,橛說文‧木部,,是,glyphwiki,https://www.zdic.net/hans/橛/xiaozhuan,https://img.zdic.net/zy/xiaozhuan/27_6A5B.svg
1781,119,11,橞,1,1,0,正篆,卷.部首.頁：6上.木.116,橞說文‧木部,,是,glyphwiki,https://www.zdic.net/hans/橞/xiaozhuan,https://img.zdic.net/zy/xiaozhuan/27_6A5E.svg
1782,119,12,檄,1,1,0,正篆,卷.部首.頁：6上.木.124,檄說文‧木部,,是,glyphwiki,https://www.zdic.net/hans/檄/xiaozhuan,https://img.zdic.net/zy/xiaozhuan/27_6A84.svg
1783,119,13,櫆,1,1,0,正篆,卷.部首.頁：14上.斗.300,櫆說文‧斗部,,是,glyphwiki,https://www.zdic.net/hans/櫆/xiaozhuan,https://img.zdic.net/zy/xiaozhuan/27_9B41.svg
1784,119,14,欂,1,1,0,正篆,卷.部首.頁：6上.木.119,欂說文‧木部,,是,glyphwiki,https://www.zdic.net/hans/欂/xiaozhuan,https://img.zdic.net/zy/xiaozhuan/27_6991.svg
1785,119,15,欢,1,1,0,正篆,卷.部首.頁：8下.欠.179,欢說文‧欠部,,是,glyphwiki,https://www.zdic.net/hans/欢/xiaozhuan,https://img.zdic.net/zy/xiaozhuan/27_6B61.svg
1786,120,1,欣,1,1,0,正篆,卷.部首.頁：8下.欠.179,欣說文‧欠部,,是,glyphwiki/oracle-bone,https://www.zdic.net/hans/欣/xiaozhuan,https://img.zdic.net/zy/xiaozhuan/27_6B23.svg
1787,120,2,欸,1,1,0,正篆,卷.部首.頁：8下.欠.179,欸說文‧欠部,,是,glyphwiki,https://www.zdic.net/hans/欸/xiaozhuan,https://img.zdic.net/zy/xiaozhuan/27_6B38.svg
1788,120,3,款,2,1,1,或體+正篆,卷.部首.頁：8下.欠.179,款說文‧欠部 | 款說文或體,,是,glyphwiki,https://www.zdic.net/hans/款/xiaozhuan,https://img.zdic.net/zy/xiaozhuan/27_6B3E.svg;https://img.zdic.net/zy/xiaozhuan/27_E733.svg
1789,120,4,歙,1,1,0,正篆,卷.部首.頁：8下.欠.180,歙說文‧欠部,,是,glyphwiki,https://www.zdic.net/hans/歙/xiaozhuan,https://img.zdic.net/zy/xiaozhuan/27_6B59.svg
1790,120,5,歧,3,1,2,古文+或體+正篆,卷.部首.頁：6下.邑.132,歧說文‧邑部 | 歧說文或體 | 歧說文古文,,是,glyphwiki,https://www.zdic.net/hans/歧/xiaozhuan,https://img.zdic.net/zy/xiaozhuan/27_E556.svg;https://img.zdic.net/zy/xiaozhuan/27_5C90.svg;https://img.zdic.net/zy/xiaozhuan/27_E557.svg
1791,120,6,歼,1,1,0,正篆,卷.部首.頁：4下.歹.85,歼說文‧歹部,,是,glyphwiki,https://www.zdic.net/hans/歼/xiaozhuan,https://img.zdic.net/zy/xiaozhuan/27_6BB2.svg
1792,120,7,殃,1,1,0,正篆,卷.部首.頁：4下.歹.85,殃說文‧歹部,,是,glyphwiki,https://www.zdic.net/hans/殃/xiaozhuan,https://img.zdic.net/zy/xiaozhuan/27_6B83.svg
1793,120,8,殄,2,1,1,古文+正篆,卷.部首.頁：4下.歹.85,殄說文‧歹部 | 殄說文古文,,是,glyphwiki,https://www.zdic.net/hans/殄/xiaozhuan,https://img.zdic.net/zy/xiaozhuan/27_6B84.svg;https://img.zdic.net/zy/xiaozhuan/27_F400.svg
1794,120,9,残,1,1,0,正篆,卷.部首.頁：4下.歹.85,残說文‧歹部,,是,glyphwiki,https://www.zdic.net/hans/残/xiaozhuan,https://img.zdic.net/zy/xiaozhuan/27_6B98.svg
1795,120,10,殖,1,1,0,正篆,卷.部首.頁：4下.歹.85,殖說文‧歹部,,是,glyphwiki,https://www.zdic.net/hans/殖/xiaozhuan,https://img.zdic.net/zy/xiaozhuan/27_6B96.svg
1796,120,11,殛,1,1,0,正篆,卷.部首.頁：4下.歹.85,殛說文‧歹部,,是,glyphwiki,https://www.zdic.net/hans/殛/xiaozhuan,https://img.zdic.net/zy/xiaozhuan/27_6B9B.svg
1797,120,12,殡,1,1,0,正篆,卷.部首.頁：4下.歹.85,殡說文‧歹部,,是,glyphwiki,https://www.zdic.net/hans/殡/xiaozhuan,https://img.zdic.net/zy/xiaozhuan/27_6BAF.svg
1798,120,13,殪,2,1,1,古文+正篆,卷.部首.頁：4下.歹.85,殪說文‧歹部 | 殪說文古文,,是,glyphwiki,https://www.zdic.net/hans/殪/xiaozhuan,https://img.zdic.net/zy/xiaozhuan/27_6BAA.svg;https://img.zdic.net/zy/xiaozhuan/27_E379.svg
1799,120,14,殷,1,1,0,正篆,卷.部首.頁：8上.𠂣.170,殷說文‧𠂣部,,是,bronze/glyphwiki/oracle-bone,https://www.zdic.net/hans/殷/xiaozhuan,https://img.zdic.net/zy/xiaozhuan/27_6BB7.svg
1800,120,15,毐,1,1,0,正篆,卷.部首.頁：12下.毋.265,毐說文‧毋部,,是,glyphwiki,https://www.zdic.net/hans/毐/xiaozhuan,https://img.zdic.net/zy/xiaozhuan/27_6BD0.svg
1801,121,1,毖,1,1,0,正篆,卷.部首.頁：8上.比.169,毖說文‧比部,,是,glyphwiki,https://www.zdic.net/hans/毖/xiaozhuan,https://img.zdic.net/zy/xiaozhuan/27_6BD6.svg
1802,121,2,氍,1,1,0,正篆,卷.部首.頁：8上.毛.174,氍說文‧毛部,,是,glyphwiki,https://www.zdic.net/hans/氍/xiaozhuan,https://img.zdic.net/zy/xiaozhuan/27_6C0D.svg
1803,121,3,汔,1,1,0,正篆,卷.部首.頁：2下.辵.42,汔說文‧辵部,,是,glyphwiki,https://www.zdic.net/hans/汔/xiaozhuan,https://img.zdic.net/zy/xiaozhuan/27_8FC4.svg
1804,121,4,汗,1,1,0,正篆,卷.部首.頁：11上.水.237,汗說文‧水部,,是,glyphwiki,https://www.zdic.net/hans/汗/xiaozhuan,https://img.zdic.net/zy/xiaozhuan/27_6C57.svg
1805,121,5,汫,3,1,2,古文+或體+正篆,卷.部首.頁：5下.井.106,汫說文‧井部 | 汫說文或體 | 汫說文古文,,是,glyphwiki/oracle-bone,https://www.zdic.net/hans/汫/xiaozhuan,https://img.zdic.net/zy/xiaozhuan/27_9631.svg;https://img.zdic.net/zy/xiaozhuan/27_E464.svg;https://img.zdic.net/zy/xiaozhuan/27_E465.svg
1806,121,6,沂,1,1,0,正篆,卷.部首.頁：11上.水.227,沂說文‧水部,,是,glyphwiki,https://www.zdic.net/hans/沂/xiaozhuan,https://img.zdic.net/zy/xiaozhuan/27_6C82.svg
1807,121,7,沄,1,1,0,正篆,卷.部首.頁：11上.水.230,沄說文‧水部,,是,glyphwiki,https://www.zdic.net/hans/沄/xiaozhuan,https://img.zdic.net/zy/xiaozhuan/27_6C84.svg
1808,121,8,沆,1,1,0,正篆,卷.部首.頁：11上.水.230,沆說文‧水部,,是,glyphwiki,https://www.zdic.net/hans/沆/xiaozhuan,https://img.zdic.net/zy/xiaozhuan/27_6C86.svg
1809,121,9,沔,1,1,0,正篆,卷.部首.頁：11上.水.225,沔說文‧水部,,是,glyphwiki,https://www.zdic.net/hans/沔/xiaozhuan,https://img.zdic.net/zy/xiaozhuan/27_6C94.svg
1810,121,10,沥,1,1,0,正篆,卷.部首.頁：11上.水.236,沥說文‧水部,,是,glyphwiki,https://www.zdic.net/hans/沥/xiaozhuan,https://img.zdic.net/zy/xiaozhuan/27_701D.svg
1811,121,11,沭,1,1,0,正篆,卷.部首.頁：11上.水.227,沭說文‧水部,,是,glyphwiki,https://www.zdic.net/hans/沭/xiaozhuan,https://img.zdic.net/zy/xiaozhuan/27_6CAD.svg
1812,121,12,沸,1,1,0,正篆,卷.部首.頁：11上.水.232,沸說文‧水部,,是,glyphwiki,https://www.zdic.net/hans/沸/xiaozhuan,https://img.zdic.net/zy/xiaozhuan/27_6CB8.svg
1813,121,13,沿,1,1,0,正篆,卷.部首.頁：11上.水.226、11上.水.233,沿說文‧水部,,是,glyphwiki,https://www.zdic.net/hans/沿/xiaozhuan,https://img.zdic.net/zy/xiaozhuan/27_6CBF.svg
1814,121,14,泌,1,1,0,正篆,卷.部首.頁：11上.水.229,泌說文‧水部,,是,glyphwiki,https://www.zdic.net/hans/泌/xiaozhuan,https://img.zdic.net/zy/xiaozhuan/27_6CCC.svg
1815,121,15,泐,1,1,0,正篆,卷.部首.頁：11上.水.234,泐說文‧水部,,是,glyphwiki,https://www.zdic.net/hans/泐/xiaozhuan,https://img.zdic.net/zy/xiaozhuan/27_6CD0.svg
1816,122,1,泓,1,1,0,正篆,卷.部首.頁：11上.水.230,泓說文‧水部,,是,glyphwiki,https://www.zdic.net/hans/泓/xiaozhuan,https://img.zdic.net/zy/xiaozhuan/27_6CD3.svg
1817,122,2,泜,1,1,0,正篆,卷.部首.頁：11上.水.228,泜說文‧水部,,是,glyphwiki,https://www.zdic.net/hans/泜/xiaozhuan,https://img.zdic.net/zy/xiaozhuan/27_6CDC.svg
1818,122,3,泮,1,1,0,正篆,卷.部首.頁：11上.水.237,泮說文‧水部,,是,glyphwiki,https://www.zdic.net/hans/泮/xiaozhuan,https://img.zdic.net/zy/xiaozhuan/27_6CEE.svg
1819,122,4,泯,1,1,0,正篆,卷.部首.頁：11上.水.238,泯說文‧水部,,是,glyphwiki,https://www.zdic.net/hans/泯/xiaozhuan,https://img.zdic.net/zy/xiaozhuan/27_6CEF.svg
1820,122,5,洁,1,1,0,正篆,卷.部首.頁：11上.水.238,洁說文‧水部,,是,glyphwiki,https://www.zdic.net/hans/洁/xiaozhuan,https://img.zdic.net/zy/xiaozhuan/27_6F54.svg
1821,122,6,洓,1,1,0,正篆,卷.部首.頁：11上.水.234,洓說文‧水部,,是,glyphwiki,https://www.zdic.net/hans/洓/xiaozhuan,https://img.zdic.net/zy/xiaozhuan/27_E959.svg
1822,122,7,洗,1,1,0,正篆,卷.部首.頁：11上.水.237,洗說文‧水部,,是,glyphwiki/oracle-bone,https://www.zdic.net/hans/洗/xiaozhuan,https://img.zdic.net/zy/xiaozhuan/27_6D17.svg
1823,122,8,洙,1,1,0,正篆,卷.部首.頁：11上.水.227,洙說文‧水部,,是,glyphwiki,https://www.zdic.net/hans/洙/xiaozhuan,https://img.zdic.net/zy/xiaozhuan/27_6D19.svg
1824,122,9,洺,1,1,0,正篆,卷.部首.頁：11上.水.238,洺說文‧水部,,是,glyphwiki,https://www.zdic.net/hans/洺/xiaozhuan,https://img.zdic.net/zy/xiaozhuan/27_6D3A.svg
1825,122,10,浃,1,1,0,正篆,卷.部首.頁：11上.水.238,浃說文‧水部,,是,glyphwiki,https://www.zdic.net/hans/浃/xiaozhuan,https://img.zdic.net/zy/xiaozhuan/27_6D79.svg
1826,122,11,浆,2,1,1,古文+正篆,卷.部首.頁：11上.水.236,浆說文‧水部 | 浆說文古文,,是,glyphwiki,https://www.zdic.net/hans/浆/xiaozhuan,https://img.zdic.net/zy/xiaozhuan/27_6F3F.svg;https://img.zdic.net/zy/xiaozhuan/27_E967.svg
1827,122,12,浇,1,1,0,正篆,卷.部首.頁：11上.水.236,浇說文‧水部,,是,glyphwiki,https://www.zdic.net/hans/浇/xiaozhuan,https://img.zdic.net/zy/xiaozhuan/27_6F86.svg
1828,122,13,浏,1,1,0,正篆,卷.部首.頁：11上.水.229,浏說文‧水部,,是,glyphwiki,https://www.zdic.net/hans/浏/xiaozhuan,https://img.zdic.net/zy/xiaozhuan/27_700F.svg
1829,122,14,浐,1,1,0,正篆,卷.部首.頁：11上.水.225,浐說文‧水部,,是,glyphwiki,https://www.zdic.net/hans/浐/xiaozhuan,https://img.zdic.net/zy/xiaozhuan/27_6EFB.svg
1830,122,15,浓,1,1,0,正篆,卷.部首.頁：11上.水.234,浓說文‧水部,,是,glyphwiki,https://www.zdic.net/hans/浓/xiaozhuan,https://img.zdic.net/zy/xiaozhuan/27_6FC3.svg
1831,123,1,浞,1,1,0,正篆,卷.部首.頁：11上.水.234,浞說文‧水部,,是,glyphwiki,https://www.zdic.net/hans/浞/xiaozhuan,https://img.zdic.net/zy/xiaozhuan/27_6D5E.svg
1832,123,2,浣,2,1,1,或體+正篆,卷.部首.頁：11上.水.237,浣說文‧水部 | 浣說文或體,,是,glyphwiki,https://www.zdic.net/hans/浣/xiaozhuan,https://img.zdic.net/zy/xiaozhuan/27_E96B.svg;https://img.zdic.net/zy/xiaozhuan/27_6D63.svg
1833,123,3,浮,1,1,0,正篆,卷.部首.頁：11上.水.230,浮說文‧水部,,是,bamboo-silk/bronze/glyphwiki,https://www.zdic.net/hans/浮/xiaozhuan,https://img.zdic.net/zy/xiaozhuan/27_6D6E.svg
1834,123,4,浯,1,1,0,正篆,卷.部首.頁：11上.水.227,浯說文‧水部,,是,glyphwiki,https://www.zdic.net/hans/浯/xiaozhuan,https://img.zdic.net/zy/xiaozhuan/27_6D6F.svg
1835,123,5,浼,1,1,0,正篆,卷.部首.頁：11上.水.235,浼說文‧水部,,是,glyphwiki,https://www.zdic.net/hans/浼/xiaozhuan,https://img.zdic.net/zy/xiaozhuan/27_6D7C.svg
1836,123,6,涌,1,1,0,正篆,卷.部首.頁：11上.水.230,涌說文‧水部,,是,glyphwiki,https://www.zdic.net/hans/涌/xiaozhuan,https://img.zdic.net/zy/xiaozhuan/27_6D8C.svg
1837,123,7,涐,1,1,0,正篆,卷.部首.頁：11上.水.224,涐說文‧水部,,是,glyphwiki,https://www.zdic.net/hans/涐/xiaozhuan,https://img.zdic.net/zy/xiaozhuan/27_6D90.svg
1838,123,8,涓,1,1,0,正篆,卷.部首.頁：11上.水.229,涓說文‧水部,,是,glyphwiki,https://www.zdic.net/hans/涓/xiaozhuan,https://img.zdic.net/zy/xiaozhuan/27_6D93.svg
1839,123,9,涔,1,1,0,正篆,卷.部首.頁：11上.水.234,涔說文‧水部,,是,glyphwiki,https://www.zdic.net/hans/涔/xiaozhuan,https://img.zdic.net/zy/xiaozhuan/27_6D94.svg
1840,123,10,涝,1,1,0,正篆,卷.部首.頁：11上.水.225,涝說文‧水部,,是,glyphwiki,https://www.zdic.net/hans/涝/xiaozhuan,https://img.zdic.net/zy/xiaozhuan/27_6F87.svg
1841,123,11,涠,1,1,0,正篆,卷.部首.頁：11上.水.231,涠說文‧水部,,是,glyphwiki,https://www.zdic.net/hans/涠/xiaozhuan,https://img.zdic.net/zy/xiaozhuan/27_6F7F.svg
1842,123,12,涣,1,1,0,正篆,卷.部首.頁：11上.水.229,涣說文‧水部,,是,glyphwiki,https://www.zdic.net/hans/涣/xiaozhuan,https://img.zdic.net/zy/xiaozhuan/27_6E19.svg
1843,123,13,涤,1,1,0,正篆,卷.部首.頁：11上.水.236,涤說文‧水部,,是,glyphwiki,https://www.zdic.net/hans/涤/xiaozhuan,https://img.zdic.net/zy/xiaozhuan/27_6ECC.svg
1844,123,14,润,1,1,0,正篆,卷.部首.頁：11上.水.235,润說文‧水部,,是,glyphwiki,https://www.zdic.net/hans/润/xiaozhuan,https://img.zdic.net/zy/xiaozhuan/27_6F64.svg
1845,123,15,涧,1,1,0,正篆,卷.部首.頁：11上.水.232,涧說文‧水部,,是,glyphwiki,https://www.zdic.net/hans/涧/xiaozhuan,https://img.zdic.net/zy/xiaozhuan/27_6F97.svg
1846,124,1,涪,1,1,0,正篆,卷.部首.頁：11上.水.224,涪說文‧水部,,是,glyphwiki,https://www.zdic.net/hans/涪/xiaozhuan,https://img.zdic.net/zy/xiaozhuan/27_6DAA.svg
1847,124,2,涫,1,1,0,正篆,卷.部首.頁：11上.水.235,涫說文‧水部,,是,glyphwiki,https://www.zdic.net/hans/涫/xiaozhuan,https://img.zdic.net/zy/xiaozhuan/27_6DAB.svg
1848,124,3,淋,1,1,0,正篆,卷.部首.頁：11上.水.237,淋說文‧水部,,是,glyphwiki,https://www.zdic.net/hans/淋/xiaozhuan,https://img.zdic.net/zy/xiaozhuan/27_6DCB.svg
1849,124,4,淙,1,1,0,正篆,卷.部首.頁：11上.水.230,淙說文‧水部,,是,glyphwiki,https://www.zdic.net/hans/淙/xiaozhuan,https://img.zdic.net/zy/xiaozhuan/27_6DD9.svg
1850,124,5,淤,1,1,0,正篆,卷.部首.頁：11上.水.236,淤說文‧水部,,是,glyphwiki,https://www.zdic.net/hans/淤/xiaozhuan,https://img.zdic.net/zy/xiaozhuan/27_6DE4.svg
1851,124,6,淯,1,1,0,正篆,卷.部首.頁：11上.水.225,淯說文‧水部,,是,glyphwiki,https://www.zdic.net/hans/淯/xiaozhuan,https://img.zdic.net/zy/xiaozhuan/27_6DEF.svg
1852,124,7,渌,2,1,1,或體+正篆,卷.部首.頁：11上.水.236,渌說文‧水部 | 渌說文或體,,是,glyphwiki,https://www.zdic.net/hans/渌/xiaozhuan,https://img.zdic.net/zy/xiaozhuan/27_6F09.svg;https://img.zdic.net/zy/xiaozhuan/27_6DE5.svg
1853,124,8,渝,1,1,0,正篆,卷.部首.頁：11上.水.237,渝說文‧水部,,是,glyphwiki,https://www.zdic.net/hans/渝/xiaozhuan,https://img.zdic.net/zy/xiaozhuan/27_6E1D.svg
1854,124,9,渥,1,1,0,正篆,卷.部首.頁：11上.水.234,渥說文‧水部,,是,glyphwiki,https://www.zdic.net/hans/渥/xiaozhuan,https://img.zdic.net/zy/xiaozhuan/27_6E25.svg
1855,124,10,港,1,1,0,正篆,卷.部首.頁：11上.水.238,港說文‧水部,,是,glyphwiki,https://www.zdic.net/hans/港/xiaozhuan,https://img.zdic.net/zy/xiaozhuan/27_6E2F.svg
1856,124,11,湎,1,1,0,正篆,卷.部首.頁：11上.水.236,湎說文‧水部,,是,glyphwiki,https://www.zdic.net/hans/湎/xiaozhuan,https://img.zdic.net/zy/xiaozhuan/27_6E4E.svg
1857,124,12,湑,1,1,0,正篆,卷.部首.頁：11上.水.236,湑說文‧水部,,是,glyphwiki,https://www.zdic.net/hans/湑/xiaozhuan,https://img.zdic.net/zy/xiaozhuan/27_6E51.svg
1858,124,13,湔,1,1,0,正篆,卷.部首.頁：11上.水.225,湔說文‧水部,,是,glyphwiki,https://www.zdic.net/hans/湔/xiaozhuan,https://img.zdic.net/zy/xiaozhuan/27_6E54.svg
1859,124,14,湜,1,1,0,正篆,卷.部首.頁：11上.水.231,湜說文‧水部,,是,glyphwiki,https://www.zdic.net/hans/湜/xiaozhuan,https://img.zdic.net/zy/xiaozhuan/27_6E5C.svg
1860,124,15,湟,1,1,0,正篆,卷.部首.頁：11上.水.225,湟說文‧水部,,是,glyphwiki,https://www.zdic.net/hans/湟/xiaozhuan,https://img.zdic.net/zy/xiaozhuan/27_6E5F.svg
1861,125,1,湫,1,1,0,正篆,卷.部首.頁：11上.水.235,湫說文‧水部,,是,glyphwiki,https://www.zdic.net/hans/湫/xiaozhuan,https://img.zdic.net/zy/xiaozhuan/27_6E6B.svg
1862,125,2,湮,1,1,0,正篆,卷.部首.頁：11上.水.233,湮說文‧水部,,是,glyphwiki,https://www.zdic.net/hans/湮/xiaozhuan,https://img.zdic.net/zy/xiaozhuan/27_6E6E.svg
1863,125,3,湲,1,1,0,正篆,卷.部首.頁：11上.水.238,湲說文‧水部,,是,glyphwiki,https://www.zdic.net/hans/湲/xiaozhuan,https://img.zdic.net/zy/xiaozhuan/27_6E72.svg
1864,125,4,湿,1,1,0,正篆,卷.部首.頁：11上.水.227,湿說文‧水部,,是,glyphwiki,https://www.zdic.net/hans/湿/xiaozhuan,https://img.zdic.net/zy/xiaozhuan/27_6FD5.svg
1865,125,5,溆,1,1,0,正篆,卷.部首.頁：11上.水.238,溆說文‧水部,,是,glyphwiki,https://www.zdic.net/hans/溆/xiaozhuan,https://img.zdic.net/zy/xiaozhuan/27_6F35.svg
1866,125,6,溜,1,1,0,正篆,卷.部首.頁：11上.水.226,溜說文‧水部,,是,glyphwiki,https://www.zdic.net/hans/溜/xiaozhuan,https://img.zdic.net/zy/xiaozhuan/27_6E9C.svg
1867,125,7,溟,1,1,0,正篆,卷.部首.頁：11上.水.233,溟說文‧水部,,是,glyphwiki,https://www.zdic.net/hans/溟/xiaozhuan,https://img.zdic.net/zy/xiaozhuan/27_6E9F.svg
1868,125,8,溠,1,1,0,正篆,卷.部首.頁：11上.水.226,溠說文‧水部,,是,glyphwiki,https://www.zdic.net/hans/溠/xiaozhuan,https://img.zdic.net/zy/xiaozhuan/27_6EA0.svg
1869,125,9,溢,1,1,0,正篆,卷.部首.頁：11上.水.236,溢說文‧水部,,是,glyphwiki,https://www.zdic.net/hans/溢/xiaozhuan,https://img.zdic.net/zy/xiaozhuan/27_6EA2.svg
1870,125,10,溥,1,1,0,正篆,卷.部首.頁：11上.水.229,溥說文‧水部,,是,glyphwiki,https://www.zdic.net/hans/溥/xiaozhuan,https://img.zdic.net/zy/xiaozhuan/27_6EA5.svg
1871,125,11,溦,1,1,0,正篆,卷.部首.頁：11上.水.234,溦說文‧水部,,是,glyphwiki,https://www.zdic.net/hans/溦/xiaozhuan,https://img.zdic.net/zy/xiaozhuan/27_6EA6.svg
1872,125,12,溧,1,1,0,正篆,卷.部首.頁：11上.水.226,溧說文‧水部,,是,glyphwiki,https://www.zdic.net/hans/溧/xiaozhuan,https://img.zdic.net/zy/xiaozhuan/27_6EA7.svg
1873,125,13,溶,1,1,0,正篆,卷.部首.頁：11上.水.231,溶說文‧水部,,是,glyphwiki,https://www.zdic.net/hans/溶/xiaozhuan,https://img.zdic.net/zy/xiaozhuan/27_6EB6.svg
1874,125,14,溷,1,1,0,正篆,卷.部首.頁：11上.水.231,溷說文‧水部,,是,glyphwiki,https://www.zdic.net/hans/溷/xiaozhuan,https://img.zdic.net/zy/xiaozhuan/27_6EB7.svg
1875,125,15,溽,1,1,0,正篆,卷.部首.頁：11上.水.231,溽說文‧水部,,是,glyphwiki,https://www.zdic.net/hans/溽/xiaozhuan,https://img.zdic.net/zy/xiaozhuan/27_6EBD.svg
1876,126,1,滁,1,1,0,正篆,卷.部首.頁：11上.水.238,滁說文‧水部,,是,glyphwiki,https://www.zdic.net/hans/滁/xiaozhuan,https://img.zdic.net/zy/xiaozhuan/27_6EC1.svg
1877,126,2,滃,1,1,0,正篆,卷.部首.頁：11上.水.233,滃說文‧水部,,是,glyphwiki,https://www.zdic.net/hans/滃/xiaozhuan,https://img.zdic.net/zy/xiaozhuan/27_6EC3.svg
1878,126,3,滇,1,1,0,正篆,卷.部首.頁：11上.水.225,滇說文‧水部,,是,glyphwiki,https://www.zdic.net/hans/滇/xiaozhuan,https://img.zdic.net/zy/xiaozhuan/27_6EC7.svg
1879,126,4,滍,1,1,0,正篆,卷.部首.頁：11上.水.226,滍說文‧水部,,是,glyphwiki,https://www.zdic.net/hans/滍/xiaozhuan,https://img.zdic.net/zy/xiaozhuan/27_6ECD.svg
1880,126,5,滓,1,1,0,正篆,卷.部首.頁：11上.水.236,滓說文‧水部,,是,glyphwiki,https://www.zdic.net/hans/滓/xiaozhuan,https://img.zdic.net/zy/xiaozhuan/27_6ED3.svg
1881,126,6,满,1,1,0,正篆,卷.部首.頁：11上.水.231,满說文‧水部,,是,glyphwiki,https://www.zdic.net/hans/满/xiaozhuan,https://img.zdic.net/zy/xiaozhuan/27_6EFF.svg
1882,126,7,滥,1,1,0,正篆,卷.部首.頁：11上.水.230,滥說文‧水部,,是,glyphwiki,https://www.zdic.net/hans/滥/xiaozhuan,https://img.zdic.net/zy/xiaozhuan/27_6FEB.svg
1883,126,8,滴,1,1,0,正篆,卷.部首.頁：11上.水.233,滴說文‧水部,,是,glyphwiki,https://www.zdic.net/hans/滴/xiaozhuan,https://img.zdic.net/zy/xiaozhuan/27_6EF4.svg
1884,126,9,漉,2,1,1,或體+正篆,卷.部首.頁：11上.水.236,漉說文‧水部 | 漉說文或體,,是,glyphwiki,https://www.zdic.net/hans/漉/xiaozhuan,https://img.zdic.net/zy/xiaozhuan/27_6F09.svg;https://img.zdic.net/zy/xiaozhuan/27_6DE5.svg
1885,126,10,漓,1,1,0,正篆,卷.部首.頁：14下.酉.313,漓說文‧酉部,,是,glyphwiki,https://www.zdic.net/hans/漓/xiaozhuan,https://img.zdic.net/zy/xiaozhuan/27_91A8.svg
1886,126,11,演,1,1,0,正篆,卷.部首.頁：11上.水.229,演說文‧水部,,是,glyphwiki,https://www.zdic.net/hans/演/xiaozhuan,https://img.zdic.net/zy/xiaozhuan/27_6F14.svg
1887,126,12,漤,1,1,0,正篆,卷.部首.頁：11上.水.230,漤說文‧水部,,是,glyphwiki,https://www.zdic.net/hans/漤/xiaozhuan,https://img.zdic.net/zy/xiaozhuan/27_6FEB.svg
1888,126,13,漦,1,1,0,正篆,卷.部首.頁：11上.水.229,漦說文‧水部,,是,glyphwiki,https://www.zdic.net/hans/漦/xiaozhuan,https://img.zdic.net/zy/xiaozhuan/27_6F26.svg
1889,126,14,漱,1,1,0,正篆,卷.部首.頁：11上.水.236,漱說文‧水部,,是,glyphwiki,https://www.zdic.net/hans/漱/xiaozhuan,https://img.zdic.net/zy/xiaozhuan/27_6F31.svg
1890,126,15,漷,1,1,0,正篆,卷.部首.頁：11上.水.227,漷說文‧水部,,是,glyphwiki,https://www.zdic.net/hans/漷/xiaozhuan,https://img.zdic.net/zy/xiaozhuan/27_6F37.svg
1891,127,1,漼,1,1,0,正篆,卷.部首.頁：11上.水.231,漼說文‧水部,,是,glyphwiki,https://www.zdic.net/hans/漼/xiaozhuan,https://img.zdic.net/zy/xiaozhuan/27_6F3C.svg
1892,127,2,潇,1,1,0,正篆,卷.部首.頁：11上.水.238,潇說文‧水部,,是,glyphwiki,https://www.zdic.net/hans/潇/xiaozhuan,https://img.zdic.net/zy/xiaozhuan/27_701F.svg
1893,127,3,潍,1,1,0,正篆,卷.部首.頁：11上.水.227,潍說文‧水部,,是,glyphwiki,https://www.zdic.net/hans/潍/xiaozhuan,https://img.zdic.net/zy/xiaozhuan/27_6FF0.svg
1894,127,4,潩,1,1,0,正篆,卷.部首.頁：11上.水.225,潩說文‧水部,,是,glyphwiki,https://www.zdic.net/hans/潩/xiaozhuan,https://img.zdic.net/zy/xiaozhuan/27_6F69.svg
1895,127,5,潴,1,1,0,正篆,卷.部首.頁：11上.水.238,潴說文‧水部,,是,glyphwiki,https://www.zdic.net/hans/潴/xiaozhuan,https://img.zdic.net/zy/xiaozhuan/27_7026.svg
1896,127,6,潸,1,1,0,正篆,卷.部首.頁：11上.水.237,潸說文‧水部,,是,glyphwiki,https://www.zdic.net/hans/潸/xiaozhuan,https://img.zdic.net/zy/xiaozhuan/27_6F78.svg
1897,127,7,潺,1,1,0,正篆,卷.部首.頁：11上.水.238,潺說文‧水部,,是,glyphwiki,https://www.zdic.net/hans/潺/xiaozhuan,https://img.zdic.net/zy/xiaozhuan/27_6F7A.svg
1898,127,8,澌,1,1,0,正篆,卷.部首.頁：11上.水.234,澌說文‧水部,,是,glyphwiki,https://www.zdic.net/hans/澌/xiaozhuan,https://img.zdic.net/zy/xiaozhuan/27_6F8C.svg
1899,127,9,澥,1,1,0,正篆,卷.部首.頁：11上.水.229,澥說文‧水部,,是,glyphwiki,https://www.zdic.net/hans/澥/xiaozhuan,https://img.zdic.net/zy/xiaozhuan/27_6FA5.svg
1900,127,10,澪,1,1,0,正篆,卷.部首.頁：11上.水.226,澪說文‧水部,,是,glyphwiki,https://www.zdic.net/hans/澪/xiaozhuan,https://img.zdic.net/zy/xiaozhuan/27_6CE0.svg
1901,127,11,澭,1,1,0,正篆,卷.部首.頁：11上.水.227,澭說文‧水部,,是,glyphwiki,https://www.zdic.net/hans/澭/xiaozhuan,https://img.zdic.net/zy/xiaozhuan/27_7049.svg
1902,127,12,澳,1,1,0,正篆,卷.部首.頁：11上.水.232,澳說文‧水部,,是,glyphwiki,https://www.zdic.net/hans/澳/xiaozhuan,https://img.zdic.net/zy/xiaozhuan/27_6FB3.svg
1903,127,13,濮,1,1,0,正篆,卷.部首.頁：11上.水.227,濮說文‧水部,,是,glyphwiki,https://www.zdic.net/hans/濮/xiaozhuan,https://img.zdic.net/zy/xiaozhuan/27_6FEE.svg
1904,127,14,瀌,1,1,0,正篆,卷.部首.頁：11上.水.234,瀌說文‧水部,,是,glyphwiki,https://www.zdic.net/hans/瀌/xiaozhuan,https://img.zdic.net/zy/xiaozhuan/27_700C.svg
1905,127,15,瀣,1,1,0,正篆,卷.部首.頁：11上.水.238,瀣說文‧水部,,是,glyphwiki,https://www.zdic.net/hans/瀣/xiaozhuan,https://img.zdic.net/zy/xiaozhuan/27_7023.svg
1906,128,1,瀱,1,1,0,正篆,卷.部首.頁：11上.水.230,瀱說文‧水部,,是,glyphwiki,https://www.zdic.net/hans/瀱/xiaozhuan,https://img.zdic.net/zy/xiaozhuan/27_7031.svg
1907,128,2,瀵,1,1,0,正篆,卷.部首.頁：11上.水.235,瀵說文‧水部,,是,glyphwiki,https://www.zdic.net/hans/瀵/xiaozhuan,https://img.zdic.net/zy/xiaozhuan/27_7035.svg
1908,128,3,灏,1,1,0,正篆,卷.部首.頁：11上.水.236,灏說文‧水部,,是,glyphwiki,https://www.zdic.net/hans/灏/xiaozhuan,https://img.zdic.net/zy/xiaozhuan/27_705D.svg
1909,128,4,灵,2,1,1,或體+正篆,卷.部首.頁：1上.玉.13,灵說文‧玉部 | 灵說文或體,,是,glyphwiki,https://www.zdic.net/hans/灵/xiaozhuan,https://img.zdic.net/zy/xiaozhuan/27_E043.svg;https://img.zdic.net/zy/xiaozhuan/27_9748.svg
1910,128,5,灿,1,1,0,正篆,卷.部首.頁：10上.火.210,灿說文‧火部,,是,glyphwiki,https://www.zdic.net/hans/灿/xiaozhuan,https://img.zdic.net/zy/xiaozhuan/27_71E6.svg
1911,128,6,炀,1,1,0,正篆,卷.部首.頁：10上.火.208,炀說文‧火部,,是,glyphwiki,https://www.zdic.net/hans/炀/xiaozhuan,https://img.zdic.net/zy/xiaozhuan/27_716C.svg
1912,128,7,炅,1,1,0,正篆,卷.部首.頁：10上.火.210,炅說文‧火部,,是,glyphwiki,https://www.zdic.net/hans/炅/xiaozhuan,https://img.zdic.net/zy/xiaozhuan/27_7085.svg
1913,128,8,炔,1,1,0,正篆,卷.部首.頁：10上.火.210,炔說文‧火部,,是,glyphwiki,https://www.zdic.net/hans/炔/xiaozhuan,https://img.zdic.net/zy/xiaozhuan/27_7085.svg
1914,128,9,炕,1,1,0,正篆,卷.部首.頁：10上.火.210,炕說文‧火部,,是,glyphwiki,https://www.zdic.net/hans/炕/xiaozhuan,https://img.zdic.net/zy/xiaozhuan/27_7095.svg
1915,128,10,炜,1,1,0,正篆,卷.部首.頁：10上.火.209,炜說文‧火部,,是,glyphwiki,https://www.zdic.net/hans/炜/xiaozhuan,https://img.zdic.net/zy/xiaozhuan/27_7152.svg
1916,128,11,炟,1,1,0,正篆,卷.部首.頁：10上.火.207,炟說文‧火部,,是,glyphwiki,https://www.zdic.net/hans/炟/xiaozhuan,https://img.zdic.net/zy/xiaozhuan/27_709F.svg
1917,128,12,炫,1,1,0,正篆,卷.部首.頁：10上.火.209,炫說文‧火部,,是,glyphwiki,https://www.zdic.net/hans/炫/xiaozhuan,https://img.zdic.net/zy/xiaozhuan/27_70AB.svg
1918,128,13,炱,1,1,0,正篆,卷.部首.頁：10上.火.208,炱說文‧火部,,是,glyphwiki,https://www.zdic.net/hans/炱/xiaozhuan,https://img.zdic.net/zy/xiaozhuan/27_70B1.svg
1919,128,14,烁,1,1,0,正篆,卷.部首.頁：10上.火.210,烁說文‧火部,,是,glyphwiki,https://www.zdic.net/hans/烁/xiaozhuan,https://img.zdic.net/zy/xiaozhuan/27_720D.svg
1920,128,15,烯,1,1,0,正篆,卷.部首.頁：7上.日.139,烯說文‧日部,,是,glyphwiki,https://www.zdic.net/hans/烯/xiaozhuan,https://img.zdic.net/zy/xiaozhuan/27_665E.svg
1921,129,1,烺,1,1,0,正篆,卷.部首.頁：7上.月.141,烺說文‧月部,,是,glyphwiki,https://www.zdic.net/hans/烺/xiaozhuan,https://img.zdic.net/zy/xiaozhuan/27_6717.svg
1922,129,2,焌,1,1,0,正篆,卷.部首.頁：10上.火.207,焌說文‧火部,,是,glyphwiki,https://www.zdic.net/hans/焌/xiaozhuan,https://img.zdic.net/zy/xiaozhuan/27_710C.svg
1923,129,3,焕,1,1,0,正篆,卷.部首.頁：10上.火.210,焕說文‧火部,,是,glyphwiki,https://www.zdic.net/hans/焕/xiaozhuan,https://img.zdic.net/zy/xiaozhuan/27_7165.svg
1924,129,4,焘,1,1,0,正篆,卷.部首.頁：10上.火.210,焘說文‧火部,,是,glyphwiki,https://www.zdic.net/hans/焘/xiaozhuan,https://img.zdic.net/zy/xiaozhuan/27_71FE.svg
1925,129,5,焜,1,1,0,正篆,卷.部首.頁：10上.火.209,焜說文‧火部,,是,glyphwiki,https://www.zdic.net/hans/焜/xiaozhuan,https://img.zdic.net/zy/xiaozhuan/27_711C.svg
1926,129,6,焞,1,1,0,正篆,卷.部首.頁：10上.火.209,焞說文‧火部,,是,glyphwiki,https://www.zdic.net/hans/焞/xiaozhuan,https://img.zdic.net/zy/xiaozhuan/27_711E.svg
1927,129,7,焯,1,1,0,正篆,卷.部首.頁：10上.火.209,焯說文‧火部,,是,glyphwiki,https://www.zdic.net/hans/焯/xiaozhuan,https://img.zdic.net/zy/xiaozhuan/27_712F.svg
1928,129,8,煊,1,1,0,正篆,卷.部首.頁：10上.火.210,煊說文‧火部,,是,glyphwiki,https://www.zdic.net/hans/煊/xiaozhuan,https://img.zdic.net/zy/xiaozhuan/27_7156.svg
1929,129,9,煎,1,1,0,正篆,卷.部首.頁：10上.火.208,煎說文‧火部,,是,glyphwiki,https://www.zdic.net/hans/煎/xiaozhuan,https://img.zdic.net/zy/xiaozhuan/27_714E.svg
1930,129,10,煦,1,1,0,正篆,卷.部首.頁：10上.火.207,煦說文‧火部,,是,glyphwiki,https://www.zdic.net/hans/煦/xiaozhuan,https://img.zdic.net/zy/xiaozhuan/27_7166.svg
1931,129,11,煨,1,1,0,正篆,卷.部首.頁：10上.火.208,煨說文‧火部,,是,glyphwiki,https://www.zdic.net/hans/煨/xiaozhuan,https://img.zdic.net/zy/xiaozhuan/27_7168.svg
1932,129,12,熠,1,1,0,正篆,卷.部首.頁：10上.火.209,熠說文‧火部,,是,glyphwiki,https://www.zdic.net/hans/熠/xiaozhuan,https://img.zdic.net/zy/xiaozhuan/27_71A0.svg
1933,129,13,燠,1,1,0,正篆,卷.部首.頁：10上.火.210,燠說文‧火部,,是,glyphwiki,https://www.zdic.net/hans/燠/xiaozhuan,https://img.zdic.net/zy/xiaozhuan/27_71E0.svg
1934,129,14,爝,1,1,0,正篆,卷.部首.頁：10上.火.210,爝說文‧火部,,是,glyphwiki,https://www.zdic.net/hans/爝/xiaozhuan,https://img.zdic.net/zy/xiaozhuan/27_721D.svg
1935,129,15,牦,1,1,0,正篆,卷.部首.頁：2上.犛.30,牦說文‧犛部,,是,glyphwiki,https://www.zdic.net/hans/牦/xiaozhuan,https://img.zdic.net/zy/xiaozhuan/27_6C02.svg
1936,130,1,特,1,1,0,正篆,卷.部首.頁：2上.牛.29,特說文‧牛部,,是,glyphwiki,https://www.zdic.net/hans/特/xiaozhuan,https://img.zdic.net/zy/xiaozhuan/27_7279.svg
1937,130,2,牻,1,1,0,正篆,卷.部首.頁：2上.牛.29,牻說文‧牛部,,是,glyphwiki,https://www.zdic.net/hans/牻/xiaozhuan,https://img.zdic.net/zy/xiaozhuan/27_727B.svg
1938,130,3,牿,1,1,0,正篆,卷.部首.頁：2上.牛.29,牿說文‧牛部,,是,glyphwiki,https://www.zdic.net/hans/牿/xiaozhuan,https://img.zdic.net/zy/xiaozhuan/27_727F.svg
1939,130,4,犄,1,1,0,正篆,卷.部首.頁：10上.犬.204,犄說文‧犬部,,是,glyphwiki,https://www.zdic.net/hans/犄/xiaozhuan,https://img.zdic.net/zy/xiaozhuan/27_7317.svg
1940,130,5,犍,1,1,0,正篆,卷.部首.頁：2上.牛.30,犍說文‧牛部,,是,glyphwiki,https://www.zdic.net/hans/犍/xiaozhuan,https://img.zdic.net/zy/xiaozhuan/27_728D.svg
1941,130,6,犴,2,1,1,或體+正篆,卷.部首.頁：9下.豸.198,犴說文‧豸部 | 犴說文或體,,是,glyphwiki,https://www.zdic.net/hans/犴/xiaozhuan,https://img.zdic.net/zy/xiaozhuan/27_8C7B.svg;https://img.zdic.net/zy/xiaozhuan/27_72B4.svg
1942,130,7,犷,1,1,0,正篆,卷.部首.頁：10上.犬.204,犷說文‧犬部,,是,glyphwiki,https://www.zdic.net/hans/犷/xiaozhuan,https://img.zdic.net/zy/xiaozhuan/27_7377.svg
1943,130,8,狎,1,1,0,正篆,卷.部首.頁：10上.犬.204,狎說文‧犬部,,是,glyphwiki,https://www.zdic.net/hans/狎/xiaozhuan,https://img.zdic.net/zy/xiaozhuan/27_72CE.svg
1944,130,9,狠,1,1,0,正篆,卷.部首.頁：10上.犬.204,狠說文‧犬部,,是,glyphwiki,https://www.zdic.net/hans/狠/xiaozhuan,https://img.zdic.net/zy/xiaozhuan/27_72E0.svg
1945,130,10,狭,1,1,0,正篆,卷.部首.頁：14下.阜.305,狭說文‧阜部,,是,glyphwiki,https://www.zdic.net/hans/狭/xiaozhuan,https://img.zdic.net/zy/xiaozhuan/27_965C.svg
1946,130,11,狯,1,1,0,正篆,卷.部首.頁：10上.犬.204,狯說文‧犬部,,是,glyphwiki,https://www.zdic.net/hans/狯/xiaozhuan,https://img.zdic.net/zy/xiaozhuan/27_736A.svg
1947,130,12,狷,1,1,0,正篆,卷.部首.頁：10上.犬.206,狷說文‧犬部,,是,glyphwiki,https://www.zdic.net/hans/狷/xiaozhuan,https://img.zdic.net/zy/xiaozhuan/27_72F7.svg
1948,130,13,狻,1,1,0,正篆,卷.部首.頁：10上.犬.205,狻說文‧犬部,,是,glyphwiki,https://www.zdic.net/hans/狻/xiaozhuan,https://img.zdic.net/zy/xiaozhuan/27_72FB.svg
1949,130,14,猗,1,1,0,正篆,卷.部首.頁：10上.犬.204,猗說文‧犬部,,是,glyphwiki,https://www.zdic.net/hans/猗/xiaozhuan,https://img.zdic.net/zy/xiaozhuan/27_7317.svg
1950,130,15,猥,1,1,0,正篆,卷.部首.頁：10上.犬.204,猥說文‧犬部,,是,glyphwiki,https://www.zdic.net/hans/猥/xiaozhuan,https://img.zdic.net/zy/xiaozhuan/27_7325.svg
1951,131,1,猩,1,1,0,正篆,卷.部首.頁：10上.犬.204,猩說文‧犬部,,是,glyphwiki,https://www.zdic.net/hans/猩/xiaozhuan,https://img.zdic.net/zy/xiaozhuan/27_7329.svg
1952,131,2,猬,2,1,1,或體+正篆,卷.部首.頁：9下.㣇.197,猬說文‧㣇部 | 猬說文或體,,是,glyphwiki,https://www.zdic.net/hans/猬/xiaozhuan,https://img.zdic.net/zy/xiaozhuan/27_5F59.svg;https://img.zdic.net/zy/xiaozhuan/27_875F.svg
1953,131,3,獠,1,1,0,正篆,卷.部首.頁：10上.犬.205,獠說文‧犬部,,是,glyphwiki,https://www.zdic.net/hans/獠/xiaozhuan,https://img.zdic.net/zy/xiaozhuan/27_7360.svg
1954,131,4,獭,1,1,0,正篆,卷.部首.頁：10上.犬.206,獭說文‧犬部,,是,glyphwiki,https://www.zdic.net/hans/獭/xiaozhuan,https://img.zdic.net/zy/xiaozhuan/27_737A.svg
1955,131,5,玑,1,1,0,正篆,卷.部首.頁：1上.玉.13,玑說文‧玉部,,是,glyphwiki,https://www.zdic.net/hans/玑/xiaozhuan,https://img.zdic.net/zy/xiaozhuan/27_74A3.svg
1956,131,6,玒,1,1,0,正篆,卷.部首.頁：1上.玉.10,玒說文‧玉部,,是,glyphwiki,https://www.zdic.net/hans/玒/xiaozhuan,https://img.zdic.net/zy/xiaozhuan/27_7392.svg
1957,131,7,玘,1,1,0,正篆,卷.部首.頁：1上.玉.14,玘說文‧玉部,,是,glyphwiki,https://www.zdic.net/hans/玘/xiaozhuan,https://img.zdic.net/zy/xiaozhuan/27_E044.svg
1958,131,8,玚,1,1,0,正篆,卷.部首.頁：1上.玉.11,玚說文‧玉部,,是,glyphwiki,https://www.zdic.net/hans/玚/xiaozhuan,https://img.zdic.net/zy/xiaozhuan/27_7452.svg
1959,131,9,玠,1,1,0,正篆,卷.部首.頁：1上.玉.11,玠說文‧玉部,,是,glyphwiki,https://www.zdic.net/hans/玠/xiaozhuan,https://img.zdic.net/zy/xiaozhuan/27_73A0.svg
1960,131,10,玤,1,1,0,正篆,卷.部首.頁：1上.玉.12,玤說文‧玉部,,是,glyphwiki,https://www.zdic.net/hans/玤/xiaozhuan,https://img.zdic.net/zy/xiaozhuan/27_73A4.svg
1961,131,11,玭,2,1,1,或體+正篆,卷.部首.頁：1上.玉.13,玭說文‧玉部 | 玭說文或體,,是,glyphwiki,https://www.zdic.net/hans/玭/xiaozhuan,https://img.zdic.net/zy/xiaozhuan/27_73AD.svg;https://img.zdic.net/zy/xiaozhuan/27_8819.svg
1962,131,12,玺,2,1,1,正篆+籀文,卷.部首.頁：13下.土.287,玺說文‧土部 | 玺說文籀文,,是,glyphwiki,https://www.zdic.net/hans/玺/xiaozhuan,https://img.zdic.net/zy/xiaozhuan/27_EB60.svg;https://img.zdic.net/zy/xiaozhuan/27_74BD.svg
1963,131,13,珇,1,1,0,正篆,卷.部首.頁：1上.玉.11,珇說文‧玉部,,是,glyphwiki,https://www.zdic.net/hans/珇/xiaozhuan,https://img.zdic.net/zy/xiaozhuan/27_73C7.svg
1964,131,14,珊,1,1,0,正篆,卷.部首.頁：1上.玉.13,珊說文‧玉部,,是,glyphwiki,https://www.zdic.net/hans/珊/xiaozhuan,https://img.zdic.net/zy/xiaozhuan/27_73CA.svg
1965,131,15,珋,1,1,0,正篆,卷.部首.頁：1上.玉.13,珋說文‧玉部,,是,glyphwiki,https://www.zdic.net/hans/珋/xiaozhuan,https://img.zdic.net/zy/xiaozhuan/27_73CB.svg
1966,132,1,珌,1,1,0,正篆,卷.部首.頁：1上.玉.11,珌說文‧玉部,,是,glyphwiki,https://www.zdic.net/hans/珌/xiaozhuan,https://img.zdic.net/zy/xiaozhuan/27_73CC.svg
1967,132,2,珍,1,1,0,正篆,卷.部首.頁：1上.玉.12,珍說文‧玉部,,是,glyphwiki,https://www.zdic.net/hans/珍/xiaozhuan,https://img.zdic.net/zy/xiaozhuan/27_73CD.svg
1968,132,3,珑,1,1,0,正篆,卷.部首.頁：1上.玉.11,珑說文‧玉部,,是,glyphwiki,https://www.zdic.net/hans/珑/xiaozhuan,https://img.zdic.net/zy/xiaozhuan/27_74CF.svg
1969,132,4,珕,1,1,0,正篆,卷.部首.頁：1上.玉.13,珕說文‧玉部,,是,glyphwiki,https://www.zdic.net/hans/珕/xiaozhuan,https://img.zdic.net/zy/xiaozhuan/27_E040.svg
1970,132,5,珛,1,1,0,正篆,卷.部首.頁：1上.玉.10,珛說文‧玉部,,是,glyphwiki,https://www.zdic.net/hans/珛/xiaozhuan,https://img.zdic.net/zy/xiaozhuan/27_73DB.svg
1971,132,6,珢,1,1,0,正篆,卷.部首.頁：1上.玉.12,珢說文‧玉部,,是,glyphwiki,https://www.zdic.net/hans/珢/xiaozhuan,https://img.zdic.net/zy/xiaozhuan/27_E02E.svg
1972,132,7,珦,1,1,0,正篆,卷.部首.頁：1上.玉.10,珦說文‧玉部,,是,glyphwiki,https://www.zdic.net/hans/珦/xiaozhuan,https://img.zdic.net/zy/xiaozhuan/27_E01B.svg
1973,132,8,珩,1,1,0,正篆,卷.部首.頁：1上.玉.11,珩說文‧玉部,,是,glyphwiki,https://www.zdic.net/hans/珩/xiaozhuan,https://img.zdic.net/zy/xiaozhuan/27_73E9.svg
1974,132,9,珵,1,1,0,正篆,卷.部首.頁：1上.玉.11,珵說文‧玉部,,是,glyphwiki,https://www.zdic.net/hans/珵/xiaozhuan,https://img.zdic.net/zy/xiaozhuan/27_73FD.svg
1975,132,10,琀,1,1,0,正篆,卷.部首.頁：1上.玉.13,琀說文‧玉部,,是,glyphwiki,https://www.zdic.net/hans/琀/xiaozhuan,https://img.zdic.net/zy/xiaozhuan/27_7400.svg
1976,132,11,琐,1,1,0,正篆,卷.部首.頁：1上.玉.12,琐說文‧玉部,,是,glyphwiki,https://www.zdic.net/hans/琐/xiaozhuan,https://img.zdic.net/zy/xiaozhuan/27_7463.svg
1977,132,12,琚,1,1,0,正篆,卷.部首.頁：1上.玉.12,琚說文‧玉部,,是,glyphwiki,https://www.zdic.net/hans/琚/xiaozhuan,https://img.zdic.net/zy/xiaozhuan/27_741A.svg
1978,132,13,琛,1,1,0,正篆,卷.部首.頁：1上.玉.14,琛說文‧玉部,,是,glyphwiki,https://www.zdic.net/hans/琛/xiaozhuan,https://img.zdic.net/zy/xiaozhuan/27_741B.svg
1979,132,14,琟,1,1,0,正篆,卷.部首.頁：1上.玉.13,琟說文‧玉部,,是,glyphwiki,https://www.zdic.net/hans/琟/xiaozhuan,https://img.zdic.net/zy/xiaozhuan/27_E038.svg
1980,132,15,琢,1,1,0,正篆,卷.部首.頁：1上.玉.12,琢說文‧玉部,,是,glyphwiki,https://www.zdic.net/hans/琢/xiaozhuan,https://img.zdic.net/zy/xiaozhuan/27_7422.svg
1981,133,1,琤,1,1,0,正篆,卷.部首.頁：1上.玉.12,琤說文‧玉部,,是,glyphwiki,https://www.zdic.net/hans/琤/xiaozhuan,https://img.zdic.net/zy/xiaozhuan/27_7424.svg
1982,133,2,琬,1,1,0,正篆,卷.部首.頁：1上.玉.11,琬說文‧玉部,,是,glyphwiki,https://www.zdic.net/hans/琬/xiaozhuan,https://img.zdic.net/zy/xiaozhuan/27_742C.svg
1983,133,3,琲,1,1,0,正篆,卷.部首.頁：1上.玉.14,琲說文‧玉部,,是,glyphwiki,https://www.zdic.net/hans/琲/xiaozhuan,https://img.zdic.net/zy/xiaozhuan/27_7432.svg
1984,133,4,琵,1,1,0,正篆,卷.部首.頁：12下.琴.267,琵說文‧琴部,,是,glyphwiki,https://www.zdic.net/hans/琵/xiaozhuan,https://img.zdic.net/zy/xiaozhuan/27_7435.svg
1985,133,5,琶,1,1,0,正篆,卷.部首.頁：12下.琴.267,琶說文‧琴部,,是,glyphwiki,https://www.zdic.net/hans/琶/xiaozhuan,https://img.zdic.net/zy/xiaozhuan/27_7436.svg
1986,133,6,瑀,1,1,0,正篆,卷.部首.頁：1上.玉.12,瑀說文‧玉部,,是,glyphwiki,https://www.zdic.net/hans/瑀/xiaozhuan,https://img.zdic.net/zy/xiaozhuan/27_7440.svg
1987,133,7,瑂,1,1,0,正篆,卷.部首.頁：1上.玉.13,瑂說文‧玉部,,是,glyphwiki,https://www.zdic.net/hans/瑂/xiaozhuan,https://img.zdic.net/zy/xiaozhuan/27_7442.svg
1988,133,8,瑑,1,1,0,正篆,卷.部首.頁：1上.玉.11,瑑說文‧玉部,,是,glyphwiki,https://www.zdic.net/hans/瑑/xiaozhuan,https://img.zdic.net/zy/xiaozhuan/27_7451.svg
1989,133,9,瑚,1,1,0,正篆,卷.部首.頁：1上.玉.13,瑚說文‧玉部,,是,glyphwiki,https://www.zdic.net/hans/瑚/xiaozhuan,https://img.zdic.net/zy/xiaozhuan/27_745A.svg
1990,133,10,瑛,1,1,0,正篆,卷.部首.頁：1上.玉.10,瑛說文‧玉部,,是,glyphwiki,https://www.zdic.net/hans/瑛/xiaozhuan,https://img.zdic.net/zy/xiaozhuan/27_745B.svg
1991,133,11,瑜,1,1,0,正篆,卷.部首.頁：1上.玉.10,瑜說文‧玉部,,是,glyphwiki,https://www.zdic.net/hans/瑜/xiaozhuan,https://img.zdic.net/zy/xiaozhuan/27_745C.svg
1992,133,12,瑝,1,1,0,正篆,卷.部首.頁：1上.玉.12,瑝說文‧玉部,,是,glyphwiki,https://www.zdic.net/hans/瑝/xiaozhuan,https://img.zdic.net/zy/xiaozhuan/27_E029.svg
1993,133,13,瑬,1,1,0,正篆,卷.部首.頁：1上.玉.11,瑬說文‧玉部,,是,glyphwiki,https://www.zdic.net/hans/瑬/xiaozhuan,https://img.zdic.net/zy/xiaozhuan/27_E025.svg
1994,133,14,瑰,1,1,0,正篆,卷.部首.頁：1上.玉.13,瑰說文‧玉部,,是,glyphwiki,https://www.zdic.net/hans/瑰/xiaozhuan,https://img.zdic.net/zy/xiaozhuan/27_7470.svg
1995,133,15,瑳,1,1,0,正篆,卷.部首.頁：1上.玉.11,瑳說文‧玉部,,是,glyphwiki,https://www.zdic.net/hans/瑳/xiaozhuan,https://img.zdic.net/zy/xiaozhuan/27_7473.svg
1996,134,1,璀,1,1,0,正篆,卷.部首.頁：1上.玉.14,璀說文‧玉部,,是,glyphwiki,https://www.zdic.net/hans/璀/xiaozhuan,https://img.zdic.net/zy/xiaozhuan/27_7480.svg
1997,134,2,璁,1,1,0,正篆,卷.部首.頁：1上.玉.12,璁說文‧玉部,,是,glyphwiki,https://www.zdic.net/hans/璁/xiaozhuan,https://img.zdic.net/zy/xiaozhuan/27_7481.svg
1998,134,3,璒,1,1,0,正篆,卷.部首.頁：1上.玉.13,璒說文‧玉部,,是,glyphwiki,https://www.zdic.net/hans/璒/xiaozhuan,https://img.zdic.net/zy/xiaozhuan/27_7492.svg
1999,134,4,璨,1,1,0,正篆,卷.部首.頁：1上.玉.14,璨說文‧玉部,,是,glyphwiki,https://www.zdic.net/hans/璨/xiaozhuan,https://img.zdic.net/zy/xiaozhuan/27_74A8.svg
2000,134,5,璩,1,1,0,正篆,卷.部首.頁：1上.玉.14,璩說文‧玉部,,是,glyphwiki,https://www.zdic.net/hans/璩/xiaozhuan,https://img.zdic.net/zy/xiaozhuan/27_74A9.svg
2001,134,6,璬,1,1,0,正篆,卷.部首.頁：1上.玉.11,璬說文‧玉部,,是,glyphwiki,https://www.zdic.net/hans/璬/xiaozhuan,https://img.zdic.net/zy/xiaozhuan/27_E020.svg
2002,134,7,璱,1,1,0,正篆,卷.部首.頁：1上.玉.12,璱說文‧玉部,,是,glyphwiki,https://www.zdic.net/hans/璱/xiaozhuan,https://img.zdic.net/zy/xiaozhuan/27_74B1.svg
2003,134,8,瓞,2,1,1,或體+正篆,卷.部首.頁：7下.瓜.149,瓞說文‧瓜部 | 瓞說文或體,,是,glyphwiki,https://www.zdic.net/hans/瓞/xiaozhuan,https://img.zdic.net/zy/xiaozhuan/27_74DE.svg;https://img.zdic.net/zy/xiaozhuan/27_E60F.svg
2004,134,9,瓠,1,1,0,正篆,卷.部首.頁：7下.瓠.150,瓠說文‧瓠部,,是,glyphwiki,https://www.zdic.net/hans/瓠/xiaozhuan,https://img.zdic.net/zy/xiaozhuan/27_74E0.svg
2005,134,10,瓢,1,1,0,正篆,卷.部首.頁：7下.瓠.150,瓢說文‧瓠部,,是,glyphwiki,https://www.zdic.net/hans/瓢/xiaozhuan,https://img.zdic.net/zy/xiaozhuan/27_74E2.svg
2006,134,11,瓻,1,1,0,正篆,卷.部首.頁：12下.瓦.269,瓻說文‧瓦部,,是,glyphwiki,https://www.zdic.net/hans/瓻/xiaozhuan,https://img.zdic.net/zy/xiaozhuan/27_74FB.svg
2007,134,12,瓿,1,1,0,正篆,卷.部首.頁：12下.瓦.269,瓿說文‧瓦部,,是,glyphwiki,https://www.zdic.net/hans/瓿/xiaozhuan,https://img.zdic.net/zy/xiaozhuan/27_74FF.svg
2008,134,13,甄,1,1,0,正篆,卷.部首.頁：12下.瓦.268,甄說文‧瓦部,,是,glyphwiki,https://www.zdic.net/hans/甄/xiaozhuan,https://img.zdic.net/zy/xiaozhuan/27_7504.svg
2009,134,14,甍,1,1,0,正篆,卷.部首.頁：12下.瓦.269,甍說文‧瓦部,,是,glyphwiki,https://www.zdic.net/hans/甍/xiaozhuan,https://img.zdic.net/zy/xiaozhuan/27_750D.svg
2010,134,15,甓,1,1,0,正篆,卷.部首.頁：12下.瓦.269,甓說文‧瓦部,,是,glyphwiki,https://www.zdic.net/hans/甓/xiaozhuan,https://img.zdic.net/zy/xiaozhuan/27_7513.svg
2011,135,1,甯,1,1,0,正篆,卷.部首.頁：3下.用.70,甯說文‧用部,,是,glyphwiki,https://www.zdic.net/hans/甯/xiaozhuan,https://img.zdic.net/zy/xiaozhuan/27_752F.svg
2012,135,2,畛,1,1,0,正篆,卷.部首.頁：13下.田.291,畛說文‧田部,,是,glyphwiki,https://www.zdic.net/hans/畛/xiaozhuan,https://img.zdic.net/zy/xiaozhuan/27_755B.svg
2013,135,3,畦,1,1,0,正篆,卷.部首.頁：13下.田.291,畦說文‧田部,,是,glyphwiki,https://www.zdic.net/hans/畦/xiaozhuan,https://img.zdic.net/zy/xiaozhuan/27_7566.svg
2014,135,4,畹,1,1,0,正篆,卷.部首.頁：13下.田.291,畹說文‧田部,,是,glyphwiki,https://www.zdic.net/hans/畹/xiaozhuan,https://img.zdic.net/zy/xiaozhuan/27_7579.svg
2015,135,5,疁,1,1,0,正篆,卷.部首.頁：13下.田.290,疁說文‧田部,,是,glyphwiki,https://www.zdic.net/hans/疁/xiaozhuan,https://img.zdic.net/zy/xiaozhuan/27_EB83.svg
2016,135,6,疗,2,1,1,或體+正篆,卷.部首.頁：7下.疒.156,疗說文‧疒部 | 疗說文或體,,是,glyphwiki,https://www.zdic.net/hans/疗/xiaozhuan,https://img.zdic.net/zy/xiaozhuan/27_E663.svg;https://img.zdic.net/zy/xiaozhuan/27_7642.svg
2017,135,7,疡,1,1,0,正篆,卷.部首.頁：7下.疒.154,疡說文‧疒部,,是,glyphwiki,https://www.zdic.net/hans/疡/xiaozhuan,https://img.zdic.net/zy/xiaozhuan/27_760D.svg
2018,135,8,疣,2,1,1,或體+正篆,卷.部首.頁：9上.頁.183,疣說文‧頁部 | 疣說文或體,,是,glyphwiki,https://www.zdic.net/hans/疣/xiaozhuan,https://img.zdic.net/zy/xiaozhuan/27_E77A.svg;https://img.zdic.net/zy/xiaozhuan/27_75A3.svg
2019,135,9,疭,1,1,0,正篆,卷.部首.頁：7下.疒.154,疭說文‧疒部,,是,glyphwiki,https://www.zdic.net/hans/疭/xiaozhuan,https://img.zdic.net/zy/xiaozhuan/27_7632.svg
2020,135,10,疲,1,1,0,正篆,卷.部首.頁：7下.疒.156,疲說文‧疒部,,是,glyphwiki,https://www.zdic.net/hans/疲/xiaozhuan,https://img.zdic.net/zy/xiaozhuan/27_75B2.svg
2021,135,11,痉,1,1,0,正篆,卷.部首.頁：7下.疒.155,痉說文‧疒部,,是,glyphwiki,https://www.zdic.net/hans/痉/xiaozhuan,https://img.zdic.net/zy/xiaozhuan/27_75D9.svg
2022,135,12,痔,1,1,0,正篆,卷.部首.頁：7下.疒.155,痔說文‧疒部,,是,glyphwiki,https://www.zdic.net/hans/痔/xiaozhuan,https://img.zdic.net/zy/xiaozhuan/27_75D4.svg
2023,135,13,痕,1,1,0,正篆,卷.部首.頁：7下.疒.155,痕說文‧疒部,,是,glyphwiki,https://www.zdic.net/hans/痕/xiaozhuan,https://img.zdic.net/zy/xiaozhuan/27_75D5.svg
2024,135,14,痞,1,1,0,正篆,卷.部首.頁：7下.疒.156,痞說文‧疒部,,是,glyphwiki,https://www.zdic.net/hans/痞/xiaozhuan,https://img.zdic.net/zy/xiaozhuan/27_75DE.svg
2025,135,15,痨,1,1,0,正篆,卷.部首.頁：7下.疒.156,痨說文‧疒部,,是,glyphwiki,https://www.zdic.net/hans/痨/xiaozhuan,https://img.zdic.net/zy/xiaozhuan/27_7646.svg
2026,136,1,痱,1,1,0,正篆,卷.部首.頁：7下.疒.155,痱說文‧疒部,,是,glyphwiki,https://www.zdic.net/hans/痱/xiaozhuan,https://img.zdic.net/zy/xiaozhuan/27_75F1.svg
2027,136,2,痹,1,1,0,正篆,卷.部首.頁：7下.疒.155,痹說文‧疒部,,是,glyphwiki,https://www.zdic.net/hans/痹/xiaozhuan,https://img.zdic.net/zy/xiaozhuan/27_75F9.svg
2028,136,3,痿,1,1,0,正篆,卷.部首.頁：7下.疒.155,痿說文‧疒部,,是,glyphwiki,https://www.zdic.net/hans/痿/xiaozhuan,https://img.zdic.net/zy/xiaozhuan/27_75FF.svg
2029,136,4,瘀,1,1,0,正篆,卷.部首.頁：7下.疒.154,瘀說文‧疒部,,是,glyphwiki,https://www.zdic.net/hans/瘀/xiaozhuan,https://img.zdic.net/zy/xiaozhuan/27_7600.svg
2030,136,5,瘃,1,1,0,正篆,卷.部首.頁：7下.疒.155,瘃說文‧疒部,,是,glyphwiki,https://www.zdic.net/hans/瘃/xiaozhuan,https://img.zdic.net/zy/xiaozhuan/27_7603.svg
2031,136,6,瘗,1,1,0,正篆,卷.部首.頁：13下.土.289,瘗說文‧土部,,是,glyphwiki,https://www.zdic.net/hans/瘗/xiaozhuan,https://img.zdic.net/zy/xiaozhuan/27_761E.svg
2032,136,7,瘛,1,1,0,正篆,卷.部首.頁：7下.疒.156,瘛說文‧疒部,,是,glyphwiki,https://www.zdic.net/hans/瘛/xiaozhuan,https://img.zdic.net/zy/xiaozhuan/27_761B.svg
2033,136,8,瘤,1,1,0,正篆,卷.部首.頁：7下.疒.155,瘤說文‧疒部,,是,glyphwiki,https://www.zdic.net/hans/瘤/xiaozhuan,https://img.zdic.net/zy/xiaozhuan/27_7624.svg
2034,136,9,瘦,1,1,0,正篆,卷.部首.頁：7下.疒.155,瘦說文‧疒部,,是,glyphwiki,https://www.zdic.net/hans/瘦/xiaozhuan,https://img.zdic.net/zy/xiaozhuan/27_7626.svg
2035,136,10,瘵,1,1,0,正篆,卷.部首.頁：7下.疒.154,瘵說文‧疒部,,是,glyphwiki,https://www.zdic.net/hans/瘵/xiaozhuan,https://img.zdic.net/zy/xiaozhuan/27_7635.svg
2036,136,11,瘿,1,1,0,正篆,卷.部首.頁：7下.疒.154,瘿說文‧疒部,,是,glyphwiki/oracle-bone,https://www.zdic.net/hans/瘿/xiaozhuan,https://img.zdic.net/zy/xiaozhuan/27_766D.svg
2037,136,12,癃,2,1,1,正篆+籀文,卷.部首.頁：7下.疒.156,癃說文‧疒部 | 癃說文籀文,,是,glyphwiki,https://www.zdic.net/hans/癃/xiaozhuan,https://img.zdic.net/zy/xiaozhuan/27_7643.svg;https://img.zdic.net/zy/xiaozhuan/27_E661.svg
2038,136,13,癣,1,1,0,正篆,卷.部首.頁：7下.疒.155,癣說文‧疒部,,是,glyphwiki,https://www.zdic.net/hans/癣/xiaozhuan,https://img.zdic.net/zy/xiaozhuan/27_766C.svg
2039,136,14,皎,1,1,0,正篆,卷.部首.頁：7下.白.160,皎說文‧白部,,是,glyphwiki,https://www.zdic.net/hans/皎/xiaozhuan,https://img.zdic.net/zy/xiaozhuan/27_768E.svg
2040,136,15,皑,1,1,0,正篆,卷.部首.頁：7下.白.161,皑說文‧白部,,是,glyphwiki,https://www.zdic.net/hans/皑/xiaozhuan,https://img.zdic.net/zy/xiaozhuan/27_769A.svg
2041,137,1,皙,1,1,0,正篆,卷.部首.頁：7下.白.160,皙說文‧白部,,是,glyphwiki,https://www.zdic.net/hans/皙/xiaozhuan,https://img.zdic.net/zy/xiaozhuan/27_7699.svg
2042,137,2,皤,2,1,1,或體+正篆,卷.部首.頁：7下.白.160,皤說文‧白部 | 皤說文或體,,是,glyphwiki,https://www.zdic.net/hans/皤/xiaozhuan,https://img.zdic.net/zy/xiaozhuan/27_76A4.svg;https://img.zdic.net/zy/xiaozhuan/27_E69F.svg
2043,137,3,皴,1,1,0,正篆,卷.部首.頁：3下.皮.67,皴說文‧皮部,,是,glyphwiki,https://www.zdic.net/hans/皴/xiaozhuan,https://img.zdic.net/zy/xiaozhuan/27_76B4.svg
2044,137,4,盦,1,1,0,正篆,卷.部首.頁：5上.皿.104,盦說文‧皿部,,是,glyphwiki,https://www.zdic.net/hans/盦/xiaozhuan,https://img.zdic.net/zy/xiaozhuan/27_76E6.svg
2045,137,5,眇,1,1,0,正篆,卷.部首.頁：4上.目.73,眇說文‧目部,,是,glyphwiki,https://www.zdic.net/hans/眇/xiaozhuan,https://img.zdic.net/zy/xiaozhuan/27_7707.svg
2046,137,6,眈,1,1,0,正篆,卷.部首.頁：4上.目.71,眈說文‧目部,,是,glyphwiki,https://www.zdic.net/hans/眈/xiaozhuan,https://img.zdic.net/zy/xiaozhuan/27_7708.svg
2047,137,7,眊,1,1,0,正篆,卷.部首.頁：4上.目.71,眊說文‧目部,,是,glyphwiki,https://www.zdic.net/hans/眊/xiaozhuan,https://img.zdic.net/zy/xiaozhuan/27_770A.svg
2048,137,8,眙,1,1,0,正篆,卷.部首.頁：4上.目.73,眙說文‧目部,,是,glyphwiki,https://www.zdic.net/hans/眙/xiaozhuan,https://img.zdic.net/zy/xiaozhuan/27_7719.svg
2049,137,9,眢,1,1,0,正篆,卷.部首.頁：4上.目.72,眢說文‧目部,,是,glyphwiki/oracle-bone,https://www.zdic.net/hans/眢/xiaozhuan,https://img.zdic.net/zy/xiaozhuan/27_7722.svg
2050,137,10,眨,1,1,0,正篆,卷.部首.頁：4上.目.73,眨說文‧目部,,是,glyphwiki,https://www.zdic.net/hans/眨/xiaozhuan,https://img.zdic.net/zy/xiaozhuan/27_7728.svg
2051,137,11,眩,1,1,0,正篆,卷.部首.頁：4上.目.70,眩說文‧目部,,是,glyphwiki,https://www.zdic.net/hans/眩/xiaozhuan,https://img.zdic.net/zy/xiaozhuan/27_7729.svg
2052,137,12,眭,1,1,0,正篆,卷.部首.頁：4上.目.73,眭說文‧目部,,是,glyphwiki,https://www.zdic.net/hans/眭/xiaozhuan,https://img.zdic.net/zy/xiaozhuan/27_772D.svg
2053,137,13,眵,1,1,0,正篆,卷.部首.頁：4上.目.73,眵說文‧目部,,是,glyphwiki,https://www.zdic.net/hans/眵/xiaozhuan,https://img.zdic.net/zy/xiaozhuan/27_7735.svg
2054,137,14,眼,1,1,0,正篆,卷.部首.頁：4上.目.70,眼說文‧目部,,是,glyphwiki,https://www.zdic.net/hans/眼/xiaozhuan,https://img.zdic.net/zy/xiaozhuan/27_773C.svg
2055,137,15,睇,1,1,0,正篆,卷.部首.頁：4上.目.73,睇說文‧目部,,是,glyphwiki,https://www.zdic.net/hans/睇/xiaozhuan,https://img.zdic.net/zy/xiaozhuan/27_7747.svg
2056,138,1,睢,1,1,0,正篆,卷.部首.頁：4上.目.72,睢說文‧目部,,是,glyphwiki,https://www.zdic.net/hans/睢/xiaozhuan,https://img.zdic.net/zy/xiaozhuan/27_7762.svg
2057,138,2,睨,1,1,0,正篆,卷.部首.頁：4上.目.71,睨說文‧目部,,是,glyphwiki,https://www.zdic.net/hans/睨/xiaozhuan,https://img.zdic.net/zy/xiaozhuan/27_7768.svg
2058,138,3,瞀,1,1,0,正篆,卷.部首.頁：4上.目.72,瞀說文‧目部,,是,glyphwiki,https://www.zdic.net/hans/瞀/xiaozhuan,https://img.zdic.net/zy/xiaozhuan/27_7780.svg
2059,138,4,瞍,1,1,0,正篆,卷.部首.頁：4上.目.73,瞍說文‧目部,,是,glyphwiki,https://www.zdic.net/hans/瞍/xiaozhuan,https://img.zdic.net/zy/xiaozhuan/27_778D.svg
2060,138,5,瞑,1,1,0,正篆,卷.部首.頁：4上.目.72,瞑說文‧目部,,是,glyphwiki,https://www.zdic.net/hans/瞑/xiaozhuan,https://img.zdic.net/zy/xiaozhuan/27_7791.svg
2061,138,6,瞒,1,1,0,正篆,卷.部首.頁：4上.目.71,瞒說文‧目部,,是,glyphwiki,https://www.zdic.net/hans/瞒/xiaozhuan,https://img.zdic.net/zy/xiaozhuan/27_779E.svg
2062,138,7,瞟,1,1,0,正篆,卷.部首.頁：4上.目.72,瞟說文‧目部,,是,glyphwiki,https://www.zdic.net/hans/瞟/xiaozhuan,https://img.zdic.net/zy/xiaozhuan/27_779F.svg
2063,138,8,瞥,1,1,0,正篆,卷.部首.頁：4上.目.73,瞥說文‧目部,,是,glyphwiki,https://www.zdic.net/hans/瞥/xiaozhuan,https://img.zdic.net/zy/xiaozhuan/27_77A5.svg
2064,138,9,瞭,1,1,0,正篆,卷.部首.頁：14下.了.310,瞭說文‧了部,,是,glyphwiki,https://www.zdic.net/hans/瞭/xiaozhuan,https://img.zdic.net/zy/xiaozhuan/27_4E86.svg
2065,138,10,瞵,1,1,0,正篆,卷.部首.頁：4上.目.71,瞵說文‧目部,,是,glyphwiki,https://www.zdic.net/hans/瞵/xiaozhuan,https://img.zdic.net/zy/xiaozhuan/27_77B5.svg
2066,138,11,矮,1,1,0,正篆,卷.部首.頁：5下.矢.110,矮說文‧矢部,,是,glyphwiki,https://www.zdic.net/hans/矮/xiaozhuan,https://img.zdic.net/zy/xiaozhuan/27_77EE.svg
2067,138,12,矶,1,1,0,正篆,卷.部首.頁：9下.石.196,矶說文‧石部,,是,glyphwiki,https://www.zdic.net/hans/矶/xiaozhuan,https://img.zdic.net/zy/xiaozhuan/27_78EF.svg
2068,138,13,砀,1,1,0,正篆,卷.部首.頁：9下.石.194,砀說文‧石部,,是,glyphwiki,https://www.zdic.net/hans/砀/xiaozhuan,https://img.zdic.net/zy/xiaozhuan/27_78AD.svg
2069,138,14,砌,1,1,0,正篆,卷.部首.頁：9下.石.196,砌說文‧石部,,是,glyphwiki,https://www.zdic.net/hans/砌/xiaozhuan,https://img.zdic.net/zy/xiaozhuan/27_780C.svg
2070,138,15,砥,2,1,1,或體+正篆,卷.部首.頁：9下.厂.193,砥說文‧厂部 | 砥說文或體,,是,glyphwiki,https://www.zdic.net/hans/砥/xiaozhuan,https://img.zdic.net/zy/xiaozhuan/27_538E.svg;https://img.zdic.net/zy/xiaozhuan/27_7825.svg
2071,139,1,砭,1,1,0,正篆,卷.部首.頁：9下.石.195,砭說文‧石部,,是,glyphwiki,https://www.zdic.net/hans/砭/xiaozhuan,https://img.zdic.net/zy/xiaozhuan/27_782D.svg
2072,139,2,砮,1,1,0,正篆,卷.部首.頁：9下.石.194,砮說文‧石部,,是,glyphwiki,https://www.zdic.net/hans/砮/xiaozhuan,https://img.zdic.net/zy/xiaozhuan/27_782E.svg
2073,139,3,破,1,1,0,正篆,卷.部首.頁：9下.石.195,破說文‧石部,,是,glyphwiki,https://www.zdic.net/hans/破/xiaozhuan,https://img.zdic.net/zy/xiaozhuan/27_7834.svg
2074,139,4,砻,1,1,0,正篆,卷.部首.頁：9下.石.195,砻說文‧石部,,是,glyphwiki,https://www.zdic.net/hans/砻/xiaozhuan,https://img.zdic.net/zy/xiaozhuan/27_7931.svg
2075,139,5,砾,1,1,0,正篆,卷.部首.頁：9下.石.194,砾說文‧石部,,是,glyphwiki,https://www.zdic.net/hans/砾/xiaozhuan,https://img.zdic.net/zy/xiaozhuan/27_792B.svg
2076,139,6,础,1,1,0,正篆,卷.部首.頁：9下.石.196,础說文‧石部,,是,glyphwiki,https://www.zdic.net/hans/础/xiaozhuan,https://img.zdic.net/zy/xiaozhuan/27_790E.svg
2077,139,7,硁,3,1,2,古文+正篆+籀文,卷.部首.頁：9下.石.195,硁說文‧石部 | 硁說文籀文 | 硁說文古文,,是,glyphwiki,https://www.zdic.net/hans/硁/xiaozhuan,https://img.zdic.net/zy/xiaozhuan/27_78EC.svg;https://img.zdic.net/zy/xiaozhuan/27_F558.svg;https://img.zdic.net/zy/xiaozhuan/27_785C.svg
2078,139,8,硐,1,1,0,正篆,卷.部首.頁：11上.水.230,硐說文‧水部,,是,glyphwiki,https://www.zdic.net/hans/硐/xiaozhuan,https://img.zdic.net/zy/xiaozhuan/27_6D1E.svg
2079,139,9,硗,1,1,0,正篆,卷.部首.頁：9下.石.195,硗說文‧石部,,是,glyphwiki,https://www.zdic.net/hans/硗/xiaozhuan,https://img.zdic.net/zy/xiaozhuan/27_78FD.svg
2080,139,10,确,2,1,1,或體+正篆,卷.部首.頁：9下.石.195,确說文‧石部 | 确說文或體,,是,glyphwiki,https://www.zdic.net/hans/确/xiaozhuan,https://img.zdic.net/zy/xiaozhuan/27_786E.svg;https://img.zdic.net/zy/xiaozhuan/27_E7FD.svg
2081,139,11,碌,1,1,0,正篆,卷.部首.頁：9下.石.196,碌說文‧石部,,是,glyphwiki,https://www.zdic.net/hans/碌/xiaozhuan,https://img.zdic.net/zy/xiaozhuan/27_788C.svg
2082,139,12,碍,1,1,0,正篆,卷.部首.頁：9下.石.195,碍說文‧石部,,是,glyphwiki,https://www.zdic.net/hans/碍/xiaozhuan,https://img.zdic.net/zy/xiaozhuan/27_7919.svg
2083,139,13,碑,1,1,0,正篆,卷.部首.頁：9下.石.194,碑說文‧石部,,是,glyphwiki,https://www.zdic.net/hans/碑/xiaozhuan,https://img.zdic.net/zy/xiaozhuan/27_7891.svg
2084,139,14,碓,1,1,0,正篆,卷.部首.頁：9下.石.195,碓說文‧石部,,是,glyphwiki,https://www.zdic.net/hans/碓/xiaozhuan,https://img.zdic.net/zy/xiaozhuan/27_7893.svg
2085,139,15,碧,1,1,0,正篆,卷.部首.頁：1上.玉.13,碧說文‧玉部,,是,glyphwiki,https://www.zdic.net/hans/碧/xiaozhuan,https://img.zdic.net/zy/xiaozhuan/27_78A7.svg
2086,140,1,磁,1,1,0,正篆,卷.部首.頁：12下.瓦.269,磁說文‧瓦部,,是,glyphwiki,https://www.zdic.net/hans/磁/xiaozhuan,https://img.zdic.net/zy/xiaozhuan/27_74F7.svg
2087,140,2,磻,1,1,0,正篆,卷.部首.頁：9下.石.195,磻說文‧石部,,是,glyphwiki,https://www.zdic.net/hans/磻/xiaozhuan,https://img.zdic.net/zy/xiaozhuan/27_78FB.svg
2088,140,3,礌,1,1,0,正篆,卷.部首.頁：9下.石.195,礌說文‧石部,,是,glyphwiki,https://www.zdic.net/hans/礌/xiaozhuan,https://img.zdic.net/zy/xiaozhuan/27_78CA.svg
2089,140,4,祃,1,1,0,正篆,卷.部首.頁：1上.示.9,祃說文‧示部,,是,glyphwiki,https://www.zdic.net/hans/祃/xiaozhuan,https://img.zdic.net/zy/xiaozhuan/27_79A1.svg
2090,140,5,祆,1,1,0,正篆,卷.部首.頁：1上.示.9,祆說文‧示部,,是,glyphwiki,https://www.zdic.net/hans/祆/xiaozhuan,https://img.zdic.net/zy/xiaozhuan/27_7946.svg
2091,140,6,祊,2,1,1,或體+正篆,卷.部首.頁：1上.示.8,祊說文‧示部 | 祊說文或體,,是,glyphwiki/oracle-bone,https://www.zdic.net/hans/祊/xiaozhuan,https://img.zdic.net/zy/xiaozhuan/27_E00A.svg;https://img.zdic.net/zy/xiaozhuan/27_794A.svg
2092,140,7,祏,1,1,0,正篆,卷.部首.頁：1上.示.8,祏說文‧示部,,是,glyphwiki/oracle-bone,https://www.zdic.net/hans/祏/xiaozhuan,https://img.zdic.net/zy/xiaozhuan/27_794F.svg
2093,140,8,祢,1,1,0,正篆,卷.部首.頁：1上.示.9,祢說文‧示部,,是,glyphwiki,https://www.zdic.net/hans/祢/xiaozhuan,https://img.zdic.net/zy/xiaozhuan/27_79B0.svg
2094,140,9,祲,1,1,0,正篆,卷.部首.頁：1上.示.9,祲說文‧示部,,是,glyphwiki,https://www.zdic.net/hans/祲/xiaozhuan,https://img.zdic.net/zy/xiaozhuan/27_7972.svg
2095,140,10,禔,1,1,0,正篆,卷.部首.頁：1上.示.7,禔說文‧示部,,是,glyphwiki,https://www.zdic.net/hans/禔/xiaozhuan,https://img.zdic.net/zy/xiaozhuan/27_7994.svg
2096,140,11,禛,1,1,0,正篆,卷.部首.頁：1上.示.7,禛說文‧示部,,是,glyphwiki,https://www.zdic.net/hans/禛/xiaozhuan,https://img.zdic.net/zy/xiaozhuan/27_799B.svg
2097,140,12,禳,1,1,0,正篆,卷.部首.頁：1上.示.8,禳說文‧示部,,是,glyphwiki,https://www.zdic.net/hans/禳/xiaozhuan,https://img.zdic.net/zy/xiaozhuan/27_79B3.svg
2098,140,13,秆,2,1,1,或體+正篆,卷.部首.頁：7上.禾.145,秆說文‧禾部 | 秆說文或體,,是,glyphwiki,https://www.zdic.net/hans/秆/xiaozhuan,https://img.zdic.net/zy/xiaozhuan/27_7A08.svg;https://img.zdic.net/zy/xiaozhuan/27_E5E2.svg
2099,140,14,秒,1,1,0,正篆,卷.部首.頁：7上.禾.145,秒說文‧禾部,,是,glyphwiki,https://www.zdic.net/hans/秒/xiaozhuan,https://img.zdic.net/zy/xiaozhuan/27_79D2.svg
2100,140,15,秘,1,1,0,正篆,卷.部首.頁：1上.示.8,秘說文‧示部,,是,glyphwiki,https://www.zdic.net/hans/秘/xiaozhuan,https://img.zdic.net/zy/xiaozhuan/27_7955.svg
2101,141,1,秧,1,1,0,正篆,卷.部首.頁：7上.禾.145,秧說文‧禾部,,是,glyphwiki,https://www.zdic.net/hans/秧/xiaozhuan,https://img.zdic.net/zy/xiaozhuan/27_79E7.svg
2102,141,2,税,1,1,0,正篆,卷.部首.頁：7上.禾.146,税說文‧禾部,,是,glyphwiki,https://www.zdic.net/hans/税/xiaozhuan,https://img.zdic.net/zy/xiaozhuan/27_7A05.svg
2103,141,3,稑,2,1,1,或體+正篆,卷.部首.頁：7上.禾.144,稑說文‧禾部 | 稑說文或體,,是,glyphwiki,https://www.zdic.net/hans/稑/xiaozhuan,https://img.zdic.net/zy/xiaozhuan/27_7A11.svg;https://img.zdic.net/zy/xiaozhuan/27_7A4B.svg
2104,141,4,稔,1,1,0,正篆,卷.部首.頁：7上.禾.146,稔說文‧禾部,,是,glyphwiki,https://www.zdic.net/hans/稔/xiaozhuan,https://img.zdic.net/zy/xiaozhuan/27_7A14.svg
2105,141,5,稞,1,1,0,正篆,卷.部首.頁：7上.禾.145,稞說文‧禾部,,是,glyphwiki,https://www.zdic.net/hans/稞/xiaozhuan,https://img.zdic.net/zy/xiaozhuan/27_7A1E.svg
2106,141,6,稹,1,1,0,正篆,卷.部首.頁：7上.禾.144,稹說文‧禾部,,是,glyphwiki,https://www.zdic.net/hans/稹/xiaozhuan,https://img.zdic.net/zy/xiaozhuan/27_7A39.svg
2107,141,7,穄,1,1,0,正篆,卷.部首.頁：7上.禾.144,穄說文‧禾部,,是,glyphwiki,https://www.zdic.net/hans/穄/xiaozhuan,https://img.zdic.net/zy/xiaozhuan/27_7A44.svg
2108,141,8,穟,2,1,1,或體+正篆,卷.部首.頁：7上.禾.145,穟說文‧禾部 | 穟說文或體,,是,glyphwiki,https://www.zdic.net/hans/穟/xiaozhuan,https://img.zdic.net/zy/xiaozhuan/27_7A5F.svg;https://img.zdic.net/zy/xiaozhuan/27_E5D5.svg
2109,141,9,穸,1,1,0,正篆,卷.部首.頁：7下.穴.153,穸說文‧穴部,,是,glyphwiki,https://www.zdic.net/hans/穸/xiaozhuan,https://img.zdic.net/zy/xiaozhuan/27_7A78.svg
2110,141,10,穹,1,1,0,正篆,卷.部首.頁：7下.穴.153,穹說文‧穴部,,是,glyphwiki,https://www.zdic.net/hans/穹/xiaozhuan,https://img.zdic.net/zy/xiaozhuan/27_7A79.svg
2111,141,11,窈,1,1,0,正篆,卷.部首.頁：7下.穴.153,窈說文‧穴部,,是,glyphwiki,https://www.zdic.net/hans/窈/xiaozhuan,https://img.zdic.net/zy/xiaozhuan/27_7A88.svg
2112,141,12,窍,1,1,0,正篆,卷.部首.頁：7下.穴.152,窍說文‧穴部,,是,glyphwiki,https://www.zdic.net/hans/窍/xiaozhuan,https://img.zdic.net/zy/xiaozhuan/27_7AC5.svg
2113,141,13,窖,1,1,0,正篆,卷.部首.頁：7下.穴.152,窖說文‧穴部,,是,glyphwiki,https://www.zdic.net/hans/窖/xiaozhuan,https://img.zdic.net/zy/xiaozhuan/27_7A96.svg
2114,141,14,窘,1,1,0,正篆,卷.部首.頁：7下.穴.153,窘說文‧穴部,,是,glyphwiki,https://www.zdic.net/hans/窘/xiaozhuan,https://img.zdic.net/zy/xiaozhuan/27_7A98.svg
2115,141,15,窟,1,1,0,正篆,卷.部首.頁：13下.土.287,窟說文‧土部,,是,glyphwiki,https://www.zdic.net/hans/窟/xiaozhuan,https://img.zdic.net/zy/xiaozhuan/27_5800.svg
2116,142,1,窠,1,1,0,正篆,卷.部首.頁：7下.穴.152,窠說文‧穴部,,是,glyphwiki,https://www.zdic.net/hans/窠/xiaozhuan,https://img.zdic.net/zy/xiaozhuan/27_7AA0.svg
2117,142,2,窥,1,1,0,正篆,卷.部首.頁：7下.穴.153,窥說文‧穴部,,是,glyphwiki,https://www.zdic.net/hans/窥/xiaozhuan,https://img.zdic.net/zy/xiaozhuan/27_7ABA.svg
2118,142,3,窬,1,1,0,正篆,卷.部首.頁：7下.穴.152,窬說文‧穴部,,是,glyphwiki,https://www.zdic.net/hans/窬/xiaozhuan,https://img.zdic.net/zy/xiaozhuan/27_7AAC.svg
2119,142,4,窳,1,1,0,正篆,卷.部首.頁：7下.穴.152,窳說文‧穴部,,是,glyphwiki,https://www.zdic.net/hans/窳/xiaozhuan,https://img.zdic.net/zy/xiaozhuan/27_7AB3.svg
2120,142,5,窿,1,1,0,正篆,卷.部首.頁：6下.生.127,窿說文‧生部,,是,glyphwiki,https://www.zdic.net/hans/窿/xiaozhuan,https://img.zdic.net/zy/xiaozhuan/27_9686.svg
2121,142,6,竣,1,1,0,正篆,卷.部首.頁：10下.立.216,竣說文‧立部,,是,glyphwiki,https://www.zdic.net/hans/竣/xiaozhuan,https://img.zdic.net/zy/xiaozhuan/27_7AE3.svg
2122,142,7,笔,1,1,0,正篆,卷.部首.頁：3下.聿.65,笔說文‧聿部,,是,glyphwiki,https://www.zdic.net/hans/笔/xiaozhuan,https://img.zdic.net/zy/xiaozhuan/27_7B46.svg
2123,142,8,笛,1,1,0,正篆,卷.部首.頁：5上.竹.98,笛說文‧竹部,,是,glyphwiki,https://www.zdic.net/hans/笛/xiaozhuan,https://img.zdic.net/zy/xiaozhuan/27_7B1B.svg
2124,142,9,笞,1,1,0,正篆,卷.部首.頁：5上.竹.98,笞說文‧竹部,,是,glyphwiki,https://www.zdic.net/hans/笞/xiaozhuan,https://img.zdic.net/zy/xiaozhuan/27_7B1E.svg
2125,142,10,笫,1,1,0,正篆,卷.部首.頁：5上.竹.96,笫說文‧竹部,,是,glyphwiki,https://www.zdic.net/hans/笫/xiaozhuan,https://img.zdic.net/zy/xiaozhuan/27_7B2B.svg
2126,142,11,笯,1,1,0,正篆,卷.部首.頁：5上.竹.97,笯說文‧竹部,,是,glyphwiki,https://www.zdic.net/hans/笯/xiaozhuan,https://img.zdic.net/zy/xiaozhuan/27_7B2F.svg
2127,142,12,笺,1,1,0,正篆,卷.部首.頁：5上.竹.96,笺說文‧竹部,,是,glyphwiki,https://www.zdic.net/hans/笺/xiaozhuan,https://img.zdic.net/zy/xiaozhuan/27_7B8B.svg
2128,142,13,笾,2,1,1,正篆+籀文,卷.部首.頁：5上.竹.97,笾說文‧竹部 | 笾說文籀文,,是,glyphwiki,https://www.zdic.net/hans/笾/xiaozhuan,https://img.zdic.net/zy/xiaozhuan/27_7C69.svg;https://img.zdic.net/zy/xiaozhuan/27_E400.svg
2129,142,14,筌,1,1,0,正篆,卷.部首.頁：1下.艸.24,筌說文‧艸部,,是,glyphwiki,https://www.zdic.net/hans/筌/xiaozhuan,https://img.zdic.net/zy/xiaozhuan/27_8343.svg
2130,142,15,筒,1,1,0,正篆,卷.部首.頁：5上.竹.98,筒說文‧竹部,,是,glyphwiki,https://www.zdic.net/hans/筒/xiaozhuan,https://img.zdic.net/zy/xiaozhuan/27_7B52.svg
2131,143,1,筚,1,1,0,正篆,卷.部首.頁：5上.竹.99,筚說文‧竹部,,是,glyphwiki,https://www.zdic.net/hans/筚/xiaozhuan,https://img.zdic.net/zy/xiaozhuan/27_7BF3.svg
2132,143,2,筝,1,1,0,正篆,卷.部首.頁：5上.竹.98,筝說文‧竹部,,是,glyphwiki,https://www.zdic.net/hans/筝/xiaozhuan,https://img.zdic.net/zy/xiaozhuan/27_7B8F.svg
2133,143,3,筠,1,1,0,正篆,卷.部首.頁：5上.竹.99,筠說文‧竹部,,是,glyphwiki,https://www.zdic.net/hans/筠/xiaozhuan,https://img.zdic.net/zy/xiaozhuan/27_7B60.svg
2134,143,4,筱,1,1,0,正篆,卷.部首.頁：5上.竹.95,筱說文‧竹部,,是,glyphwiki,https://www.zdic.net/hans/筱/xiaozhuan,https://img.zdic.net/zy/xiaozhuan/27_7B71.svg
2135,143,5,箅,1,1,0,正篆,卷.部首.頁：5上.竹.96,箅說文‧竹部,,是,glyphwiki,https://www.zdic.net/hans/箅/xiaozhuan,https://img.zdic.net/zy/xiaozhuan/27_7B85.svg
2136,143,6,箓,2,1,1,或體+正篆,卷.部首.頁：5上.竹.97,箓說文‧竹部 | 箓說文或體,,是,glyphwiki,https://www.zdic.net/hans/箓/xiaozhuan,https://img.zdic.net/zy/xiaozhuan/27_7C0F.svg;https://img.zdic.net/zy/xiaozhuan/27_E403.svg
2137,143,7,箔,1,1,0,正篆,卷.部首.頁：1下.艸.23,箔說文‧艸部,,是,glyphwiki,https://www.zdic.net/hans/箔/xiaozhuan,https://img.zdic.net/zy/xiaozhuan/27_8584.svg
2138,143,8,管,2,1,1,或體+正篆,卷.部首.頁：5上.竹.98,管說文‧竹部 | 管說文或體,,是,glyphwiki,https://www.zdic.net/hans/管/xiaozhuan,https://img.zdic.net/zy/xiaozhuan/27_7BA1.svg;https://img.zdic.net/zy/xiaozhuan/27_742F.svg
2139,143,9,箦,1,1,0,正篆,卷.部首.頁：5上.竹.96,箦說文‧竹部,,是,glyphwiki,https://www.zdic.net/hans/箦/xiaozhuan,https://img.zdic.net/zy/xiaozhuan/27_7C00.svg
2140,143,10,篓,1,1,0,正篆,卷.部首.頁：5上.竹.96,篓說文‧竹部,,是,glyphwiki,https://www.zdic.net/hans/篓/xiaozhuan,https://img.zdic.net/zy/xiaozhuan/27_7C0D.svg
2141,143,11,篝,1,1,0,正篆,卷.部首.頁：5上.竹.96,篝說文‧竹部,,是,glyphwiki,https://www.zdic.net/hans/篝/xiaozhuan,https://img.zdic.net/zy/xiaozhuan/27_7BDD.svg
2142,143,12,篦,1,1,0,正篆,卷.部首.頁：5上.竹.99,篦說文‧竹部,,是,glyphwiki,https://www.zdic.net/hans/篦/xiaozhuan,https://img.zdic.net/zy/xiaozhuan/27_7BE6.svg
2143,143,13,篮,2,1,1,古文+正篆,卷.部首.頁：5上.竹.96,篮說文‧竹部 | 篮說文古文,,是,glyphwiki,https://www.zdic.net/hans/篮/xiaozhuan,https://img.zdic.net/zy/xiaozhuan/27_7C43.svg;https://img.zdic.net/zy/xiaozhuan/27_E3F9.svg
2144,143,14,篼,1,1,0,正篆,卷.部首.頁：5上.竹.97,篼說文‧竹部,,是,glyphwiki,https://www.zdic.net/hans/篼/xiaozhuan,https://img.zdic.net/zy/xiaozhuan/27_E40A.svg
2145,143,15,簃,1,1,0,正篆,卷.部首.頁：5上.竹.99,簃說文‧竹部,,是,glyphwiki,https://www.zdic.net/hans/簃/xiaozhuan,https://img.zdic.net/zy/xiaozhuan/27_7C03.svg
2146,144,1,簏,2,1,1,或體+正篆,卷.部首.頁：5上.竹.97,簏說文‧竹部 | 簏說文或體,,是,glyphwiki,https://www.zdic.net/hans/簏/xiaozhuan,https://img.zdic.net/zy/xiaozhuan/27_7C0F.svg;https://img.zdic.net/zy/xiaozhuan/27_E403.svg
2147,144,2,簝,1,1,0,正篆,卷.部首.頁：5上.竹.97,簝說文‧竹部,,是,glyphwiki,https://www.zdic.net/hans/簝/xiaozhuan,https://img.zdic.net/zy/xiaozhuan/27_7C1D.svg
2148,144,3,簿,1,1,0,正篆,卷.部首.頁：1下.艸.23,簿說文‧艸部,,是,glyphwiki,https://www.zdic.net/hans/簿/xiaozhuan,https://img.zdic.net/zy/xiaozhuan/27_8584.svg
2149,144,4,粕,1,1,0,正篆,卷.部首.頁：7上.米.148,粕說文‧米部,,是,glyphwiki,https://www.zdic.net/hans/粕/xiaozhuan,https://img.zdic.net/zy/xiaozhuan/27_7C95.svg
2150,144,5,粥,1,1,0,正篆,卷.部首.頁：3下.䰜.62,粥說文‧䰜部,,是,glyphwiki,https://www.zdic.net/hans/粥/xiaozhuan,https://img.zdic.net/zy/xiaozhuan/27_9B3B.svg
2151,144,6,粱,1,1,0,正篆,卷.部首.頁：7上.米.147,粱說文‧米部,,是,bronze/glyphwiki,https://www.zdic.net/hans/粱/xiaozhuan,https://img.zdic.net/zy/xiaozhuan/27_7CB1.svg
2152,144,7,糇,1,1,0,正篆,卷.部首.頁：5下.食.107,糇說文‧食部,,是,glyphwiki,https://www.zdic.net/hans/糇/xiaozhuan,https://img.zdic.net/zy/xiaozhuan/27_9931.svg
2153,144,8,糈,1,1,0,正篆,卷.部首.頁：7上.米.147,糈說文‧米部,,是,glyphwiki,https://www.zdic.net/hans/糈/xiaozhuan,https://img.zdic.net/zy/xiaozhuan/27_7CC8.svg
2154,144,9,糊,1,1,0,正篆,卷.部首.頁：5下.食.107,糊說文‧食部,,是,glyphwiki,https://www.zdic.net/hans/糊/xiaozhuan,https://img.zdic.net/zy/xiaozhuan/27_992C.svg
2155,144,10,糜,1,1,0,正篆,卷.部首.頁：7上.米.147,糜說文‧米部,,是,glyphwiki,https://www.zdic.net/hans/糜/xiaozhuan,https://img.zdic.net/zy/xiaozhuan/27_7CDC.svg
2156,144,11,糨,2,1,1,古文+正篆,卷.部首.頁：11上.水.236,糨說文‧水部 | 糨說文古文,,是,glyphwiki,https://www.zdic.net/hans/糨/xiaozhuan,https://img.zdic.net/zy/xiaozhuan/27_6F3F.svg;https://img.zdic.net/zy/xiaozhuan/27_E967.svg
2157,144,12,紊,1,1,0,正篆,卷.部首.頁：13上.糸.272,紊說文‧糸部,,是,glyphwiki,https://www.zdic.net/hans/紊/xiaozhuan,https://img.zdic.net/zy/xiaozhuan/27_7D0A.svg
2158,144,13,累,1,1,0,正篆,卷.部首.頁：13上.糸.275,累說文‧糸部,,是,glyphwiki,https://www.zdic.net/hans/累/xiaozhuan,https://img.zdic.net/zy/xiaozhuan/27_7E8D.svg
2159,144,14,縻,2,1,1,或體+正篆,卷.部首.頁：13上.糸.276,縻說文‧糸部 | 縻說文或體,,是,glyphwiki,https://www.zdic.net/hans/縻/xiaozhuan,https://img.zdic.net/zy/xiaozhuan/27_7E3B.svg;https://img.zdic.net/zy/xiaozhuan/27_EAE6.svg
2160,144,15,繄,1,1,0,正篆,卷.部首.頁：13上.糸.275,繄說文‧糸部,,是,glyphwiki,https://www.zdic.net/hans/繄/xiaozhuan,https://img.zdic.net/zy/xiaozhuan/27_7E44.svg
2161,145,1,纡,1,1,0,正篆,卷.部首.頁：13上.糸.272,纡說文‧糸部,,是,glyphwiki,https://www.zdic.net/hans/纡/xiaozhuan,https://img.zdic.net/zy/xiaozhuan/27_7D06.svg
2162,145,2,纤,1,1,0,正篆,卷.部首.頁：13上.糸.272,纤說文‧糸部,,是,glyphwiki,https://www.zdic.net/hans/纤/xiaozhuan,https://img.zdic.net/zy/xiaozhuan/27_7E96.svg
2163,145,3,纨,1,1,0,正篆,卷.部首.頁：13上.糸.273,纨說文‧糸部,,是,glyphwiki,https://www.zdic.net/hans/纨/xiaozhuan,https://img.zdic.net/zy/xiaozhuan/27_7D08.svg
2164,145,4,纩,2,1,1,或體+正篆,卷.部首.頁：13上.糸.276,纩說文‧糸部 | 纩說文或體,,是,glyphwiki,https://www.zdic.net/hans/纩/xiaozhuan,https://img.zdic.net/zy/xiaozhuan/27_7E8A.svg;https://img.zdic.net/zy/xiaozhuan/27_7D56.svg
2165,145,5,纰,1,1,0,正篆,卷.部首.頁：13上.糸.277,纰說文‧糸部,,是,glyphwiki,https://www.zdic.net/hans/纰/xiaozhuan,https://img.zdic.net/zy/xiaozhuan/27_7D15.svg
2166,145,6,纲,2,1,1,古文+正篆,卷.部首.頁：13上.糸.275,纲說文‧糸部 | 纲說文古文,,是,glyphwiki,https://www.zdic.net/hans/纲/xiaozhuan,https://img.zdic.net/zy/xiaozhuan/27_7DB1.svg;https://img.zdic.net/zy/xiaozhuan/27_EAD7.svg
2167,145,7,纴,2,1,1,或體+正篆,卷.部首.頁：13上.糸.271,纴說文‧糸部 | 纴說文或體,,是,glyphwiki,https://www.zdic.net/hans/纴/xiaozhuan,https://img.zdic.net/zy/xiaozhuan/27_7D1D.svg;https://img.zdic.net/zy/xiaozhuan/27_EABB.svg
2168,145,8,纶,1,1,0,正篆,卷.部首.頁：13上.糸.274,纶說文‧糸部,,是,glyphwiki,https://www.zdic.net/hans/纶/xiaozhuan,https://img.zdic.net/zy/xiaozhuan/27_7DB8.svg
2169,145,9,纻,2,1,1,或體+正篆,卷.部首.頁：13上.糸.277,纻說文‧糸部 | 纻說文或體,,是,glyphwiki,https://www.zdic.net/hans/纻/xiaozhuan,https://img.zdic.net/zy/xiaozhuan/27_7D35.svg;https://img.zdic.net/zy/xiaozhuan/27_EAF2.svg
2170,145,10,绊,1,1,0,正篆,卷.部首.頁：13上.糸.276,绊說文‧糸部,,是,glyphwiki,https://www.zdic.net/hans/绊/xiaozhuan,https://img.zdic.net/zy/xiaozhuan/27_7D46.svg
2171,145,11,绐,1,1,0,正篆,卷.部首.頁：13上.糸.271,绐說文‧糸部,,是,glyphwiki,https://www.zdic.net/hans/绐/xiaozhuan,https://img.zdic.net/zy/xiaozhuan/27_7D3F.svg
2172,145,12,绔,1,1,0,正篆,卷.部首.頁：13上.糸.275,绔說文‧糸部,,是,glyphwiki,https://www.zdic.net/hans/绔/xiaozhuan,https://img.zdic.net/zy/xiaozhuan/27_EAD2.svg
2173,145,13,绛,1,1,0,正篆,卷.部首.頁：13上.糸.273,绛說文‧糸部,,是,glyphwiki,https://www.zdic.net/hans/绛/xiaozhuan,https://img.zdic.net/zy/xiaozhuan/27_7D73.svg
2174,145,14,绞,1,1,0,正篆,卷.部首.頁：10下.交.214,绞說文‧交部,,是,glyphwiki,https://www.zdic.net/hans/绞/xiaozhuan,https://img.zdic.net/zy/xiaozhuan/27_7D5E.svg
2175,145,15,绠,1,1,0,正篆,卷.部首.頁：13上.糸.276,绠說文‧糸部,,是,glyphwiki,https://www.zdic.net/hans/绠/xiaozhuan,https://img.zdic.net/zy/xiaozhuan/27_7D86.svg
2176,146,1,绨,1,1,0,正篆,卷.部首.頁：13上.糸.273,绨說文‧糸部,,是,glyphwiki,https://www.zdic.net/hans/绨/xiaozhuan,https://img.zdic.net/zy/xiaozhuan/27_7D88.svg
2177,146,2,绮,1,1,0,正篆,卷.部首.頁：13上.糸.273,绮說文‧糸部,,是,glyphwiki,https://www.zdic.net/hans/绮/xiaozhuan,https://img.zdic.net/zy/xiaozhuan/27_7DBA.svg
2178,146,3,绺,1,1,0,正篆,卷.部首.頁：13上.糸.271,绺說文‧糸部,,是,glyphwiki,https://www.zdic.net/hans/绺/xiaozhuan,https://img.zdic.net/zy/xiaozhuan/27_7DB9.svg
2179,146,4,绻,1,1,0,正篆,卷.部首.頁：13上.糸.278,绻說文‧糸部,,是,glyphwiki,https://www.zdic.net/hans/绻/xiaozhuan,https://img.zdic.net/zy/xiaozhuan/27_7DA3.svg
2180,146,5,综,1,1,0,正篆,卷.部首.頁：13上.糸.271,综說文‧糸部,,是,glyphwiki,https://www.zdic.net/hans/综/xiaozhuan,https://img.zdic.net/zy/xiaozhuan/27_7D9C.svg
2181,146,6,缃,1,1,0,正篆,卷.部首.頁：13上.糸.278,缃說文‧糸部,,是,glyphwiki,https://www.zdic.net/hans/缃/xiaozhuan,https://img.zdic.net/zy/xiaozhuan/27_7DD7.svg
2182,146,7,缅,1,1,0,正篆,卷.部首.頁：13上.糸.271,缅說文‧糸部,,是,glyphwiki,https://www.zdic.net/hans/缅/xiaozhuan,https://img.zdic.net/zy/xiaozhuan/27_7DEC.svg
2183,146,8,缉,1,1,0,正篆,卷.部首.頁：13上.糸.277,缉說文‧糸部,,是,glyphwiki,https://www.zdic.net/hans/缉/xiaozhuan,https://img.zdic.net/zy/xiaozhuan/27_7DDD.svg
2184,146,9,缊,1,1,0,正篆,卷.部首.頁：13上.糸.277,缊說文‧糸部,,是,glyphwiki,https://www.zdic.net/hans/缊/xiaozhuan,https://img.zdic.net/zy/xiaozhuan/27_7E15.svg
2185,146,10,缌,2,1,1,古文+正篆,卷.部首.頁：13上.糸.277,缌說文‧糸部 | 缌說文古文,,是,glyphwiki,https://www.zdic.net/hans/缌/xiaozhuan,https://img.zdic.net/zy/xiaozhuan/27_7DE6.svg;https://img.zdic.net/zy/xiaozhuan/27_EAF3.svg
2186,146,11,缎,2,1,1,或體+正篆,卷.部首.頁：5下.韋.113,缎說文‧韋部 | 缎說文或體,,是,glyphwiki,https://www.zdic.net/hans/缎/xiaozhuan,https://img.zdic.net/zy/xiaozhuan/27_E4C1.svg;https://img.zdic.net/zy/xiaozhuan/27_7DDE.svg
2187,146,12,缐,2,1,1,古文+正篆,卷.部首.頁：13上.糸.275,缐說文‧糸部 | 缐說文古文,,是,glyphwiki,https://www.zdic.net/hans/缐/xiaozhuan,https://img.zdic.net/zy/xiaozhuan/27_EAD8.svg;https://img.zdic.net/zy/xiaozhuan/27_7DDA.svg
2188,146,13,缑,1,1,0,正篆,卷.部首.頁：13上.糸.275,缑說文‧糸部,,是,glyphwiki,https://www.zdic.net/hans/缑/xiaozhuan,https://img.zdic.net/zy/xiaozhuan/27_7DF1.svg
2189,146,14,缒,1,1,0,正篆,卷.部首.頁：13上.糸.276,缒說文‧糸部,,是,glyphwiki,https://www.zdic.net/hans/缒/xiaozhuan,https://img.zdic.net/zy/xiaozhuan/27_7E0B.svg
2190,146,15,缔,1,1,0,正篆,卷.部首.頁：13上.糸.272,缔說文‧糸部,,是,glyphwiki,https://www.zdic.net/hans/缔/xiaozhuan,https://img.zdic.net/zy/xiaozhuan/27_7DE0.svg
2191,147,1,缛,1,1,0,正篆,卷.部首.頁：13上.糸.274,缛說文‧糸部,,是,glyphwiki,https://www.zdic.net/hans/缛/xiaozhuan,https://img.zdic.net/zy/xiaozhuan/27_7E1F.svg
2192,147,2,缝,1,1,0,正篆,卷.部首.頁：13上.糸.275,缝說文‧糸部,,是,glyphwiki,https://www.zdic.net/hans/缝/xiaozhuan,https://img.zdic.net/zy/xiaozhuan/27_7E2B.svg
2193,147,3,缞,1,1,0,正篆,卷.部首.頁：13上.糸.277,缞說文‧糸部,,是,glyphwiki,https://www.zdic.net/hans/缞/xiaozhuan,https://img.zdic.net/zy/xiaozhuan/27_7E17.svg
2194,147,4,缡,1,1,0,正篆,卷.部首.頁：13上.糸.275,缡說文‧糸部,,是,glyphwiki,https://www.zdic.net/hans/缡/xiaozhuan,https://img.zdic.net/zy/xiaozhuan/27_7E2D.svg
2195,147,5,缢,1,1,0,正篆,卷.部首.頁：13上.糸.277,缢說文‧糸部,,是,glyphwiki,https://www.zdic.net/hans/缢/xiaozhuan,https://img.zdic.net/zy/xiaozhuan/27_7E0A.svg
2196,147,6,缥,1,1,0,正篆,卷.部首.頁：13上.糸.273,缥說文‧糸部,,是,glyphwiki,https://www.zdic.net/hans/缥/xiaozhuan,https://img.zdic.net/zy/xiaozhuan/27_7E39.svg
2197,147,7,缩,1,1,0,正篆,卷.部首.頁：13上.糸.272,缩說文‧糸部,,是,glyphwiki,https://www.zdic.net/hans/缩/xiaozhuan,https://img.zdic.net/zy/xiaozhuan/27_7E2E.svg
2198,147,8,缭,1,1,0,正篆,卷.部首.頁：13上.糸.272,缭說文‧糸部,,是,glyphwiki,https://www.zdic.net/hans/缭/xiaozhuan,https://img.zdic.net/zy/xiaozhuan/27_7E5A.svg
2199,147,9,缴,1,1,0,正篆,卷.部首.頁：13上.糸.276,缴說文‧糸部,,是,glyphwiki,https://www.zdic.net/hans/缴/xiaozhuan,https://img.zdic.net/zy/xiaozhuan/27_7E73.svg
2200,147,10,缸,1,1,0,正篆,卷.部首.頁：5下.缶.109,缸說文‧缶部,,是,glyphwiki,https://www.zdic.net/hans/缸/xiaozhuan,https://img.zdic.net/zy/xiaozhuan/27_7F38.svg
2201,147,11,罂,1,1,0,正篆,卷.部首.頁：5下.缶.109,罂說文‧缶部,,是,glyphwiki,https://www.zdic.net/hans/罂/xiaozhuan,https://img.zdic.net/zy/xiaozhuan/27_7F4C.svg
2202,147,12,罄,1,1,0,正篆,卷.部首.頁：5下.缶.109,罄說文‧缶部,,是,glyphwiki,https://www.zdic.net/hans/罄/xiaozhuan,https://img.zdic.net/zy/xiaozhuan/27_7F44.svg
2203,147,13,罐,1,1,0,正篆,卷.部首.頁：5下.缶.110,罐說文‧缶部,,是,glyphwiki,https://www.zdic.net/hans/罐/xiaozhuan,https://img.zdic.net/zy/xiaozhuan/27_7F50.svg
2204,147,14,罕,1,1,0,正篆,卷.部首.頁：7下.网.157,罕說文‧网部,,是,glyphwiki,https://www.zdic.net/hans/罕/xiaozhuan,https://img.zdic.net/zy/xiaozhuan/27_7F55.svg
2205,147,15,罘,1,1,0,正篆,卷.部首.頁：7下.网.157,罘說文‧网部,,是,glyphwiki,https://www.zdic.net/hans/罘/xiaozhuan,https://img.zdic.net/zy/xiaozhuan/27_7F58.svg
2206,148,1,罨,1,1,0,正篆,卷.部首.頁：7下.网.157,罨說文‧网部,,是,glyphwiki,https://www.zdic.net/hans/罨/xiaozhuan,https://img.zdic.net/zy/xiaozhuan/27_7F68.svg
2207,148,2,罩,1,1,0,正篆,卷.部首.頁：7下.网.157,罩說文‧网部,,是,glyphwiki,https://www.zdic.net/hans/罩/xiaozhuan,https://img.zdic.net/zy/xiaozhuan/27_7F69.svg
2208,148,3,罹,1,1,0,正篆,卷.部首.頁：7下.网.158,罹說文‧网部,,是,glyphwiki,https://www.zdic.net/hans/罹/xiaozhuan,https://img.zdic.net/zy/xiaozhuan/27_7F79.svg
2209,148,4,羁,2,1,1,或體+正篆,卷.部首.頁：7下.网.158,羁說文‧网部 | 羁說文或體,,是,glyphwiki,https://www.zdic.net/hans/羁/xiaozhuan,https://img.zdic.net/zy/xiaozhuan/27_F06A.svg;https://img.zdic.net/zy/xiaozhuan/27_7F88.svg
2210,148,5,羟,1,1,0,正篆,卷.部首.頁：4上.羊.78,羟說文‧羊部,,是,glyphwiki,https://www.zdic.net/hans/羟/xiaozhuan,https://img.zdic.net/zy/xiaozhuan/27_7FA5.svg
2211,148,6,羡,1,1,0,正篆,卷.部首.頁：8下.㳄.180,羡說文‧㳄部,,是,glyphwiki/oracle-bone,https://www.zdic.net/hans/羡/xiaozhuan,https://img.zdic.net/zy/xiaozhuan/27_7FA8.svg
2212,148,7,翔,1,1,0,正篆,卷.部首.頁：4上.羽.75,翔說文‧羽部,,是,glyphwiki,https://www.zdic.net/hans/翔/xiaozhuan,https://img.zdic.net/zy/xiaozhuan/27_7FD4.svg
2213,148,8,翘,1,1,0,正篆,卷.部首.頁：4上.羽.75,翘說文‧羽部,,是,glyphwiki,https://www.zdic.net/hans/翘/xiaozhuan,https://img.zdic.net/zy/xiaozhuan/27_7FF9.svg
2214,148,9,翙,1,1,0,正篆,卷.部首.頁：4上.羽.75,翙說文‧羽部,,是,glyphwiki,https://www.zdic.net/hans/翙/xiaozhuan,https://img.zdic.net/zy/xiaozhuan/27_7FFD.svg
2215,148,10,翚,1,1,0,正篆,卷.部首.頁：4上.羽.75,翚說文‧羽部,,是,glyphwiki,https://www.zdic.net/hans/翚/xiaozhuan,https://img.zdic.net/zy/xiaozhuan/27_7FEC.svg
2216,148,11,翮,1,1,0,正篆,卷.部首.頁：4上.羽.75,翮說文‧羽部,,是,glyphwiki,https://www.zdic.net/hans/翮/xiaozhuan,https://img.zdic.net/zy/xiaozhuan/27_7FEE.svg
2217,148,12,翰,1,1,0,正篆,卷.部首.頁：4上.羽.75,翰說文‧羽部,,是,glyphwiki,https://www.zdic.net/hans/翰/xiaozhuan,https://img.zdic.net/zy/xiaozhuan/27_7FF0.svg
2218,148,13,翱,1,1,0,正篆,卷.部首.頁：4上.羽.75,翱說文‧羽部,,是,glyphwiki,https://www.zdic.net/hans/翱/xiaozhuan,https://img.zdic.net/zy/xiaozhuan/27_7FF1.svg
2219,148,14,翻,1,1,0,正篆,卷.部首.頁：4上.羽.75,翻說文‧羽部,,是,glyphwiki,https://www.zdic.net/hans/翻/xiaozhuan,https://img.zdic.net/zy/xiaozhuan/27_7FFB.svg
2220,148,15,耸,1,1,0,正篆,卷.部首.頁：12上.耳.250,耸說文‧耳部,,是,glyphwiki,https://www.zdic.net/hans/耸/xiaozhuan,https://img.zdic.net/zy/xiaozhuan/27_8073.svg
2221,149,1,聃,2,1,1,或體+正篆,卷.部首.頁：12上.耳.249,聃說文‧耳部 | 聃說文或體,,是,glyphwiki,https://www.zdic.net/hans/聃/xiaozhuan,https://img.zdic.net/zy/xiaozhuan/27_8043.svg;https://img.zdic.net/zy/xiaozhuan/27_E9EB.svg
2222,149,2,聊,1,1,0,正篆,卷.部首.頁：12上.耳.249,聊說文‧耳部,,是,glyphwiki,https://www.zdic.net/hans/聊/xiaozhuan,https://img.zdic.net/zy/xiaozhuan/27_804A.svg
2223,149,3,聒,1,1,0,正篆,卷.部首.頁：12上.耳.250,聒說文‧耳部,,是,glyphwiki,https://www.zdic.net/hans/聒/xiaozhuan,https://img.zdic.net/zy/xiaozhuan/27_8052.svg
2224,149,4,肌,1,1,0,正篆,卷.部首.頁：4下.肉.87,肌說文‧肉部,,是,glyphwiki,https://www.zdic.net/hans/肌/xiaozhuan,https://img.zdic.net/zy/xiaozhuan/27_808C.svg
2225,149,5,肝,1,1,0,正篆,卷.部首.頁：4下.肉.87,肝說文‧肉部,,是,glyphwiki,https://www.zdic.net/hans/肝/xiaozhuan,https://img.zdic.net/zy/xiaozhuan/27_809D.svg
2226,149,6,肪,1,1,0,正篆,卷.部首.頁：4下.肉.87,肪說文‧肉部,,是,glyphwiki,https://www.zdic.net/hans/肪/xiaozhuan,https://img.zdic.net/zy/xiaozhuan/27_80AA.svg
2227,149,7,肭,1,1,0,正篆,卷.部首.頁：7上.月.141,肭說文‧月部,,是,glyphwiki,https://www.zdic.net/hans/肭/xiaozhuan,https://img.zdic.net/zy/xiaozhuan/27_80AD.svg
2228,149,8,肺,1,1,0,正篆,卷.部首.頁：4下.肉.87,肺說文‧肉部,,是,glyphwiki,https://www.zdic.net/hans/肺/xiaozhuan,https://img.zdic.net/zy/xiaozhuan/27_80BA.svg
2229,149,9,胂,1,1,0,正篆,卷.部首.頁：4下.肉.87,胂說文‧肉部,,是,glyphwiki,https://www.zdic.net/hans/胂/xiaozhuan,https://img.zdic.net/zy/xiaozhuan/27_80C2.svg
2230,149,10,胄,1,1,0,正篆,卷.部首.頁：4下.肉.88,胄說文‧肉部,,是,glyphwiki,https://www.zdic.net/hans/胄/xiaozhuan,https://img.zdic.net/zy/xiaozhuan/27_80C4.svg
2231,149,11,胆,1,1,0,正篆,卷.部首.頁：4下.肉.87,胆說文‧肉部,,是,glyphwiki,https://www.zdic.net/hans/胆/xiaozhuan,https://img.zdic.net/zy/xiaozhuan/27_81BD.svg
2232,149,12,胗,2,1,1,正篆+籀文,卷.部首.頁：4下.肉.88,胗說文‧肉部 | 胗說文籀文,,是,glyphwiki,https://www.zdic.net/hans/胗/xiaozhuan,https://img.zdic.net/zy/xiaozhuan/27_80D7.svg;https://img.zdic.net/zy/xiaozhuan/27_75B9.svg
2233,149,13,胝,1,1,0,正篆,卷.部首.頁：4下.肉.88,胝說文‧肉部,,是,glyphwiki,https://www.zdic.net/hans/胝/xiaozhuan,https://img.zdic.net/zy/xiaozhuan/27_80DD.svg
2234,149,14,胥,1,1,0,正篆,卷.部首.頁：4下.肉.89,胥說文‧肉部,,是,glyphwiki,https://www.zdic.net/hans/胥/xiaozhuan,https://img.zdic.net/zy/xiaozhuan/27_80E5.svg
2235,149,15,胧,1,1,0,正篆,卷.部首.頁：7上.月.141,胧說文‧月部,,是,glyphwiki,https://www.zdic.net/hans/胧/xiaozhuan,https://img.zdic.net/zy/xiaozhuan/27_6727.svg
2236,150,1,胯,1,1,0,正篆,卷.部首.頁：4下.肉.88,胯說文‧肉部,,是,glyphwiki,https://www.zdic.net/hans/胯/xiaozhuan,https://img.zdic.net/zy/xiaozhuan/27_80EF.svg
2237,150,2,胲,1,1,0,正篆,卷.部首.頁：4下.肉.88,胲說文‧肉部,,是,glyphwiki,https://www.zdic.net/hans/胲/xiaozhuan,https://img.zdic.net/zy/xiaozhuan/27_80F2.svg
2238,150,3,脍,1,1,0,正篆,卷.部首.頁：4下.肉.90,脍說文‧肉部,,是,glyphwiki,https://www.zdic.net/hans/脍/xiaozhuan,https://img.zdic.net/zy/xiaozhuan/27_81BE.svg
2239,150,4,脓,2,1,1,俗字+正篆,卷.部首.頁：5上.血.105,脓說文‧血部 | 脓說文俗字,,是,glyphwiki,https://www.zdic.net/hans/脓/xiaozhuan,https://img.zdic.net/zy/xiaozhuan/27_E459.svg;https://img.zdic.net/zy/xiaozhuan/27_81BF.svg
2240,150,5,脔,1,1,0,正篆,卷.部首.頁：4下.肉.88,脔說文‧肉部,,是,glyphwiki,https://www.zdic.net/hans/脔/xiaozhuan,https://img.zdic.net/zy/xiaozhuan/27_81E0.svg
2241,150,6,脘,1,1,0,正篆,卷.部首.頁：4下.肉.89,脘說文‧肉部,,是,glyphwiki,https://www.zdic.net/hans/脘/xiaozhuan,https://img.zdic.net/zy/xiaozhuan/27_8118.svg
2242,150,7,脟,1,1,0,正篆,卷.部首.頁：4下.肉.87,脟說文‧肉部,,是,glyphwiki,https://www.zdic.net/hans/脟/xiaozhuan,https://img.zdic.net/zy/xiaozhuan/27_811F.svg
2243,150,8,脬,1,1,0,正篆,卷.部首.頁：4下.肉.87,脬說文‧肉部,,是,glyphwiki,https://www.zdic.net/hans/脬/xiaozhuan,https://img.zdic.net/zy/xiaozhuan/27_812C.svg
2244,150,9,脾,1,1,0,正篆,卷.部首.頁：4下.肉.87,脾說文‧肉部,,是,glyphwiki,https://www.zdic.net/hans/脾/xiaozhuan,https://img.zdic.net/zy/xiaozhuan/27_813E.svg
2245,150,10,腆,2,1,1,古文+正篆,卷.部首.頁：4下.肉.89,腆說文‧肉部 | 腆說文古文,,是,glyphwiki,https://www.zdic.net/hans/腆/xiaozhuan,https://img.zdic.net/zy/xiaozhuan/27_8146.svg;https://img.zdic.net/zy/xiaozhuan/27_E39D.svg
2246,150,11,腌,1,1,0,正篆,卷.部首.頁：4下.肉.90,腌說文‧肉部,,是,glyphwiki,https://www.zdic.net/hans/腌/xiaozhuan,https://img.zdic.net/zy/xiaozhuan/27_814C.svg
2247,150,12,腐,1,1,0,正篆,卷.部首.頁：4下.肉.90,腐說文‧肉部,,是,glyphwiki,https://www.zdic.net/hans/腐/xiaozhuan,https://img.zdic.net/zy/xiaozhuan/27_8150.svg
2248,150,13,腒,1,1,0,正篆,卷.部首.頁：4下.肉.89,腒說文‧肉部,,是,glyphwiki,https://www.zdic.net/hans/腒/xiaozhuan,https://img.zdic.net/zy/xiaozhuan/27_8152.svg
2249,150,14,腓,1,1,0,正篆,卷.部首.頁：4下.肉.88,腓說文‧肉部,,是,glyphwiki,https://www.zdic.net/hans/腓/xiaozhuan,https://img.zdic.net/zy/xiaozhuan/27_8153.svg
2250,150,15,腥,1,1,0,正篆,卷.部首.頁：4下.肉.89,腥說文‧肉部,,是,glyphwiki,https://www.zdic.net/hans/腥/xiaozhuan,https://img.zdic.net/zy/xiaozhuan/27_8165.svg
2251,151,1,腨,1,1,0,正篆,卷.部首.頁：4下.肉.88,腨說文‧肉部,,是,glyphwiki,https://www.zdic.net/hans/腨/xiaozhuan,https://img.zdic.net/zy/xiaozhuan/27_E393.svg
2252,151,2,腱,2,1,1,或體+正篆,卷.部首.頁：4下.筋.91,腱說文‧筋部 | 腱說文或體,,是,glyphwiki,https://www.zdic.net/hans/腱/xiaozhuan,https://img.zdic.net/zy/xiaozhuan/27_E3B9.svg;https://img.zdic.net/zy/xiaozhuan/27_8171.svg
2253,151,3,腴,1,1,0,正篆,卷.部首.頁：4下.肉.88,腴說文‧肉部,,是,glyphwiki,https://www.zdic.net/hans/腴/xiaozhuan,https://img.zdic.net/zy/xiaozhuan/27_8174.svg
2254,151,4,膀,2,1,1,或體+正篆,卷.部首.頁：4下.肉.87,膀說文‧肉部 | 膀說文或體,,是,glyphwiki,https://www.zdic.net/hans/膀/xiaozhuan,https://img.zdic.net/zy/xiaozhuan/27_8180.svg;https://img.zdic.net/zy/xiaozhuan/27_E391.svg
2255,151,5,膂,2,1,1,或體+正篆,卷.部首.頁：7下.呂.152,膂說文‧呂部 | 膂說文或體,,是,glyphwiki,https://www.zdic.net/hans/膂/xiaozhuan,https://img.zdic.net/zy/xiaozhuan/27_5442.svg;https://img.zdic.net/zy/xiaozhuan/27_8182.svg
2256,151,6,膈,1,1,0,正篆,卷.部首.頁：14下.阜.305,膈說文‧阜部,,是,glyphwiki,https://www.zdic.net/hans/膈/xiaozhuan,https://img.zdic.net/zy/xiaozhuan/27_9694.svg
2257,151,7,膊,1,1,0,正篆,卷.部首.頁：4下.肉.89,膊說文‧肉部,,是,glyphwiki,https://www.zdic.net/hans/膊/xiaozhuan,https://img.zdic.net/zy/xiaozhuan/27_818A.svg
2258,151,8,膘,1,1,0,正篆,卷.部首.頁：4下.肉.89,膘說文‧肉部,,是,glyphwiki,https://www.zdic.net/hans/膘/xiaozhuan,https://img.zdic.net/zy/xiaozhuan/27_8198.svg
2259,151,9,膻,1,1,0,正篆,卷.部首.頁：4下.肉.88,膻說文‧肉部,,是,glyphwiki,https://www.zdic.net/hans/膻/xiaozhuan,https://img.zdic.net/zy/xiaozhuan/27_81BB.svg
2260,151,10,舅,1,1,0,正篆,卷.部首.頁：13下.男.291,舅說文‧男部,,是,glyphwiki,https://www.zdic.net/hans/舅/xiaozhuan,https://img.zdic.net/zy/xiaozhuan/27_8205.svg
2261,151,11,舫,1,1,0,正篆,卷.部首.頁：8下.舟.176,舫說文‧舟部,,是,glyphwiki,https://www.zdic.net/hans/舫/xiaozhuan,https://img.zdic.net/zy/xiaozhuan/27_822B.svg
2262,151,12,舳,1,1,0,正篆,卷.部首.頁：8下.舟.176,舳說文‧舟部,,是,glyphwiki/oracle-bone,https://www.zdic.net/hans/舳/xiaozhuan,https://img.zdic.net/zy/xiaozhuan/27_8233.svg
2263,151,13,舻,1,1,0,正篆,卷.部首.頁：8下.舟.176,舻說文‧舟部,,是,glyphwiki,https://www.zdic.net/hans/舻/xiaozhuan,https://img.zdic.net/zy/xiaozhuan/27_826B.svg
2264,151,14,艇,1,1,0,正篆,卷.部首.頁：8下.舟.176,艇說文‧舟部,,是,glyphwiki,https://www.zdic.net/hans/艇/xiaozhuan,https://img.zdic.net/zy/xiaozhuan/27_8247.svg
2265,151,15,艎,1,1,0,正篆,卷.部首.頁：8下.舟.176,艎說文‧舟部,,是,glyphwiki,https://www.zdic.net/hans/艎/xiaozhuan,https://img.zdic.net/zy/xiaozhuan/27_824E.svg
2266,152,1,艴,1,1,0,正篆,卷.部首.頁：9上.色.187,艴說文‧色部,,是,glyphwiki,https://www.zdic.net/hans/艴/xiaozhuan,https://img.zdic.net/zy/xiaozhuan/27_8274.svg
2267,152,2,艾,1,1,0,正篆,卷.部首.頁：1下.艸.19,艾說文‧艸部,,是,glyphwiki,https://www.zdic.net/hans/艾/xiaozhuan,https://img.zdic.net/zy/xiaozhuan/27_827E.svg
2268,152,3,芄,1,1,0,正篆,卷.部首.頁：1下.艸.16,芄說文‧艸部,,是,glyphwiki,https://www.zdic.net/hans/芄/xiaozhuan,https://img.zdic.net/zy/xiaozhuan/27_8284.svg
2269,152,4,芊,1,1,0,正篆,卷.部首.頁：1下.艸.27,芊說文‧艸部,,是,glyphwiki,https://www.zdic.net/hans/芊/xiaozhuan,https://img.zdic.net/zy/xiaozhuan/27_828A.svg
2270,152,5,芎,2,1,1,或體+正篆,卷.部首.頁：1下.艸.16,芎說文‧艸部 | 芎說文或體,,是,glyphwiki,https://www.zdic.net/hans/芎/xiaozhuan,https://img.zdic.net/zy/xiaozhuan/27_E05A.svg;https://img.zdic.net/zy/xiaozhuan/27_828E.svg
2271,152,6,芗,1,1,0,正篆,卷.部首.頁：1下.艸.27,芗說文‧艸部,,是,glyphwiki,https://www.zdic.net/hans/芗/xiaozhuan,https://img.zdic.net/zy/xiaozhuan/27_858C.svg
2272,152,7,芘,1,1,0,正篆,卷.部首.頁：1下.艸.21,芘說文‧艸部,,是,glyphwiki,https://www.zdic.net/hans/芘/xiaozhuan,https://img.zdic.net/zy/xiaozhuan/27_8298.svg
2273,152,8,芡,1,1,0,正篆,卷.部首.頁：1下.艸.20,芡說文‧艸部,,是,glyphwiki,https://www.zdic.net/hans/芡/xiaozhuan,https://img.zdic.net/zy/xiaozhuan/27_82A1.svg
2274,152,9,芽,1,1,0,正篆,卷.部首.頁：1下.艸.22,芽說文‧艸部,,是,glyphwiki,https://www.zdic.net/hans/芽/xiaozhuan,https://img.zdic.net/zy/xiaozhuan/27_82BD.svg
2275,152,10,苌,1,1,0,正篆,卷.部首.頁：1下.艸.17,苌說文‧艸部,,是,glyphwiki,https://www.zdic.net/hans/苌/xiaozhuan,https://img.zdic.net/zy/xiaozhuan/27_8407.svg
2276,152,11,苕,1,1,0,正篆,卷.部首.頁：1下.艸.26,苕說文‧艸部,,是,glyphwiki,https://www.zdic.net/hans/苕/xiaozhuan,https://img.zdic.net/zy/xiaozhuan/27_82D5.svg
2277,152,12,苡,1,1,0,正篆,卷.部首.頁：1下.艸.18,苡說文‧艸部,,是,glyphwiki,https://www.zdic.net/hans/苡/xiaozhuan,https://img.zdic.net/zy/xiaozhuan/27_82E1.svg
2278,152,13,苣,1,1,0,正篆,卷.部首.頁：1下.艸.25,苣說文‧艸部,,是,glyphwiki,https://www.zdic.net/hans/苣/xiaozhuan,https://img.zdic.net/zy/xiaozhuan/27_82E3.svg
2279,152,14,苫,1,1,0,正篆,卷.部首.頁：1下.艸.24,苫說文‧艸部,,是,glyphwiki,https://www.zdic.net/hans/苫/xiaozhuan,https://img.zdic.net/zy/xiaozhuan/27_82EB.svg
2280,152,15,苷,1,1,0,正篆,卷.部首.頁：1下.艸.17,苷說文‧艸部,,是,glyphwiki,https://www.zdic.net/hans/苷/xiaozhuan,https://img.zdic.net/zy/xiaozhuan/27_E05E.svg
2281,153,1,苹,1,1,0,正篆,卷.部首.頁：1下.艸.16,苹說文‧艸部,,是,glyphwiki,https://www.zdic.net/hans/苹/xiaozhuan,https://img.zdic.net/zy/xiaozhuan/27_82F9.svg
2282,153,2,茎,1,1,0,正篆,卷.部首.頁：1下.艸.22,茎說文‧艸部,,是,glyphwiki,https://www.zdic.net/hans/茎/xiaozhuan,https://img.zdic.net/zy/xiaozhuan/27_8396.svg
2283,153,3,茏,1,1,0,正篆,卷.部首.頁：1下.艸.20,茏說文‧艸部,,是,glyphwiki,https://www.zdic.net/hans/茏/xiaozhuan,https://img.zdic.net/zy/xiaozhuan/27_8622.svg
2284,153,4,茑,2,1,1,或體+正篆,卷.部首.頁：1下.艸.19,茑說文‧艸部 | 茑說文或體,,是,glyphwiki,https://www.zdic.net/hans/茑/xiaozhuan,https://img.zdic.net/zy/xiaozhuan/27_8526.svg;https://img.zdic.net/zy/xiaozhuan/27_E079.svg
2285,153,5,茔,1,1,0,正篆,卷.部首.頁：13下.土.289,茔說文‧土部,,是,glyphwiki,https://www.zdic.net/hans/茔/xiaozhuan,https://img.zdic.net/zy/xiaozhuan/27_584B.svg
2286,153,6,茗,1,1,0,正篆,卷.部首.頁：1下.艸.27,茗說文‧艸部,,是,glyphwiki,https://www.zdic.net/hans/茗/xiaozhuan,https://img.zdic.net/zy/xiaozhuan/27_8317.svg
2287,153,7,茬,1,1,0,正篆,卷.部首.頁：1下.艸.23,茬說文‧艸部,,是,glyphwiki,https://www.zdic.net/hans/茬/xiaozhuan,https://img.zdic.net/zy/xiaozhuan/27_832C.svg
2288,153,8,茭,1,1,0,正篆,卷.部首.頁：1下.艸.25,茭說文‧艸部,,是,glyphwiki,https://www.zdic.net/hans/茭/xiaozhuan,https://img.zdic.net/zy/xiaozhuan/27_832D.svg
2289,153,9,茯,3,1,2,或體+正篆,卷.部首.頁：13上.糸.276,茯說文‧糸部 | 茯說文或體 | 茯說文或體,,是,glyphwiki,https://www.zdic.net/hans/茯/xiaozhuan,https://img.zdic.net/zy/xiaozhuan/27_EADF.svg;https://img.zdic.net/zy/xiaozhuan/27_832F.svg;https://img.zdic.net/zy/xiaozhuan/27_EAE0.svg
2290,153,10,茱,1,1,0,正篆,卷.部首.頁：1下.艸.21,茱說文‧艸部,,是,glyphwiki,https://www.zdic.net/hans/茱/xiaozhuan,https://img.zdic.net/zy/xiaozhuan/27_8331.svg
2291,153,11,茵,2,1,1,或體+正篆,卷.部首.頁：1下.艸.25,茵說文‧艸部 | 茵說文或體,,是,glyphwiki,https://www.zdic.net/hans/茵/xiaozhuan,https://img.zdic.net/zy/xiaozhuan/27_8335.svg;https://img.zdic.net/zy/xiaozhuan/27_E0B9.svg
2292,153,12,茸,1,1,0,正篆,卷.部首.頁：1下.艸.27,茸說文‧艸部,,是,glyphwiki,https://www.zdic.net/hans/茸/xiaozhuan,https://img.zdic.net/zy/xiaozhuan/27_8338.svg
2293,153,13,荃,1,1,0,正篆,卷.部首.頁：1下.艸.24,荃說文‧艸部,,是,glyphwiki,https://www.zdic.net/hans/荃/xiaozhuan,https://img.zdic.net/zy/xiaozhuan/27_8343.svg
2294,153,14,荄,1,1,0,正篆,卷.部首.頁：1下.艸.22,荄說文‧艸部,,是,glyphwiki,https://www.zdic.net/hans/荄/xiaozhuan,https://img.zdic.net/zy/xiaozhuan/27_8344.svg
2295,153,15,荓,1,1,0,正篆,卷.部首.頁：1下.艸.18,荓說文‧艸部,,是,glyphwiki,https://www.zdic.net/hans/荓/xiaozhuan,https://img.zdic.net/zy/xiaozhuan/27_8353.svg
2296,154,1,荚,1,1,0,正篆,卷.部首.頁：1下.艸.22,荚說文‧艸部,,是,glyphwiki,https://www.zdic.net/hans/荚/xiaozhuan,https://img.zdic.net/zy/xiaozhuan/27_83A2.svg
2297,154,2,荛,1,1,0,正篆,卷.部首.頁：1下.艸.25,荛說文‧艸部,,是,glyphwiki,https://www.zdic.net/hans/荛/xiaozhuan,https://img.zdic.net/zy/xiaozhuan/27_8558.svg
2298,154,3,荟,1,1,0,正篆,卷.部首.頁：1下.艸.23,荟說文‧艸部,,是,glyphwiki,https://www.zdic.net/hans/荟/xiaozhuan,https://img.zdic.net/zy/xiaozhuan/27_8588.svg
2299,154,4,荡,1,1,0,正篆,卷.部首.頁：5上.皿.104,荡說文‧皿部,,是,glyphwiki,https://www.zdic.net/hans/荡/xiaozhuan,https://img.zdic.net/zy/xiaozhuan/27_76EA.svg
2300,154,5,荥,1,1,0,正篆,卷.部首.頁：11上.水.232,荥說文‧水部,,是,glyphwiki,https://www.zdic.net/hans/荥/xiaozhuan,https://img.zdic.net/zy/xiaozhuan/27_6ECE.svg
2301,154,6,荦,1,1,0,正篆,卷.部首.頁：2上.牛.29,荦說文‧牛部,,是,glyphwiki,https://www.zdic.net/hans/荦/xiaozhuan,https://img.zdic.net/zy/xiaozhuan/27_7296.svg
2302,154,7,荩,1,1,0,正篆,卷.部首.頁：1下.艸.17,荩說文‧艸部,,是,glyphwiki,https://www.zdic.net/hans/荩/xiaozhuan,https://img.zdic.net/zy/xiaozhuan/27_85CE.svg
2303,154,8,荫,1,1,0,正篆,卷.部首.頁：1下.艸.22,荫說文‧艸部,,是,glyphwiki,https://www.zdic.net/hans/荫/xiaozhuan,https://img.zdic.net/zy/xiaozhuan/27_852D.svg
2304,154,9,荼,1,1,0,正篆,卷.部首.頁：1下.艸.26,荼說文‧艸部,,是,glyphwiki,https://www.zdic.net/hans/荼/xiaozhuan,https://img.zdic.net/zy/xiaozhuan/27_837C.svg
2305,154,10,莒,1,1,0,正篆,卷.部首.頁：1下.艸.16,莒說文‧艸部,,是,glyphwiki,https://www.zdic.net/hans/莒/xiaozhuan,https://img.zdic.net/zy/xiaozhuan/27_8392.svg
2306,154,11,莙,1,1,0,正篆,卷.部首.頁：1下.艸.18,莙說文‧艸部,,是,glyphwiki,https://www.zdic.net/hans/莙/xiaozhuan,https://img.zdic.net/zy/xiaozhuan/27_8399.svg
2307,154,12,莛,1,1,0,正篆,卷.部首.頁：1下.艸.22,莛說文‧艸部,,是,glyphwiki,https://www.zdic.net/hans/莛/xiaozhuan,https://img.zdic.net/zy/xiaozhuan/27_839B.svg
2308,154,13,莜,1,1,0,正篆,卷.部首.頁：1下.艸.25,莜說文‧艸部,,是,glyphwiki,https://www.zdic.net/hans/莜/xiaozhuan,https://img.zdic.net/zy/xiaozhuan/27_E0B5.svg
2309,154,14,莩,1,1,0,正篆,卷.部首.頁：1下.艸.18,莩說文‧艸部,,是,glyphwiki,https://www.zdic.net/hans/莩/xiaozhuan,https://img.zdic.net/zy/xiaozhuan/27_83A9.svg
2310,154,15,莲,1,1,0,正篆,卷.部首.頁：1下.艸.20,莲說文‧艸部,,是,glyphwiki,https://www.zdic.net/hans/莲/xiaozhuan,https://img.zdic.net/zy/xiaozhuan/27_84EE.svg
2311,155,1,莳,1,1,0,正篆,卷.部首.頁：1下.艸.23,莳說文‧艸部,,是,glyphwiki,https://www.zdic.net/hans/莳/xiaozhuan,https://img.zdic.net/zy/xiaozhuan/27_8494.svg
2312,155,2,莸,1,1,0,正篆,卷.部首.頁：1下.艸.18,莸說文‧艸部,,是,glyphwiki,https://www.zdic.net/hans/莸/xiaozhuan,https://img.zdic.net/zy/xiaozhuan/27_8555.svg
2313,155,3,莹,1,1,0,正篆,卷.部首.頁：1上.玉.12,莹說文‧玉部,,是,glyphwiki,https://www.zdic.net/hans/莹/xiaozhuan,https://img.zdic.net/zy/xiaozhuan/27_7469.svg
2314,155,4,莺,1,1,0,正篆,卷.部首.頁：4上.鳥.82,莺說文‧鳥部,,是,glyphwiki,https://www.zdic.net/hans/莺/xiaozhuan,https://img.zdic.net/zy/xiaozhuan/27_9DAF.svg
2315,155,5,莼,1,1,0,正篆,卷.部首.頁：1下.艸.25,莼說文‧艸部,,是,glyphwiki,https://www.zdic.net/hans/莼/xiaozhuan,https://img.zdic.net/zy/xiaozhuan/27_84F4.svg
2316,155,6,莿,1,1,0,正篆,卷.部首.頁：1下.艸.19,莿說文‧艸部,,是,glyphwiki,https://www.zdic.net/hans/莿/xiaozhuan,https://img.zdic.net/zy/xiaozhuan/27_83BF.svg
2317,155,7,菀,1,1,0,正篆,卷.部首.頁：1下.艸.21,菀說文‧艸部,,是,glyphwiki,https://www.zdic.net/hans/菀/xiaozhuan,https://img.zdic.net/zy/xiaozhuan/27_83C0.svg
2318,155,8,菁,1,1,0,正篆,卷.部首.頁：1下.艸.16,菁說文‧艸部,,是,glyphwiki,https://www.zdic.net/hans/菁/xiaozhuan,https://img.zdic.net/zy/xiaozhuan/27_83C1.svg
2319,155,9,菅,1,1,0,正篆,卷.部首.頁：1下.艸.17,菅說文‧艸部,,是,glyphwiki,https://www.zdic.net/hans/菅/xiaozhuan,https://img.zdic.net/zy/xiaozhuan/27_83C5.svg
2320,155,10,菉,1,1,0,正篆,卷.部首.頁：1下.艸.26,菉說文‧艸部,,是,glyphwiki,https://www.zdic.net/hans/菉/xiaozhuan,https://img.zdic.net/zy/xiaozhuan/27_83C9.svg
2321,155,11,菌,1,1,0,正篆,卷.部首.頁：1下.艸.21,菌說文‧艸部,,是,glyphwiki,https://www.zdic.net/hans/菌/xiaozhuan,https://img.zdic.net/zy/xiaozhuan/27_83CC.svg
2322,155,12,菏,1,1,0,正篆,卷.部首.頁：11上.水.227,菏說文‧水部,,是,glyphwiki,https://www.zdic.net/hans/菏/xiaozhuan,https://img.zdic.net/zy/xiaozhuan/27_6E2E.svg
2323,155,13,菔,1,1,0,正篆,卷.部首.頁：1下.艸.16,菔說文‧艸部,,是,glyphwiki,https://www.zdic.net/hans/菔/xiaozhuan,https://img.zdic.net/zy/xiaozhuan/27_83D4.svg
2324,155,14,菩,1,1,0,正篆,卷.部首.頁：1下.艸.17,菩說文‧艸部,,是,glyphwiki,https://www.zdic.net/hans/菩/xiaozhuan,https://img.zdic.net/zy/xiaozhuan/27_83E9.svg
2325,155,15,菲,1,1,0,正篆,卷.部首.頁：1下.艸.26,菲說文‧艸部,,是,glyphwiki,https://www.zdic.net/hans/菲/xiaozhuan,https://img.zdic.net/zy/xiaozhuan/27_83F2.svg
2326,156,1,菹,3,1,2,或體+正篆,卷.部首.頁：1下.艸.24,菹說文‧艸部 | 菹說文或體 | 菹說文或體,,是,glyphwiki,https://www.zdic.net/hans/菹/xiaozhuan,https://img.zdic.net/zy/xiaozhuan/27_83F9.svg;https://img.zdic.net/zy/xiaozhuan/27_E0A9.svg;https://img.zdic.net/zy/xiaozhuan/27_E0AA.svg
2327,156,2,萋,1,1,0,正篆,卷.部首.頁：1下.艸.22,萋說文‧艸部,,是,glyphwiki,https://www.zdic.net/hans/萋/xiaozhuan,https://img.zdic.net/zy/xiaozhuan/27_840B.svg
2328,156,3,萍,1,1,0,正篆,卷.部首.頁：11上.水.237,萍說文‧水部,,是,glyphwiki,https://www.zdic.net/hans/萍/xiaozhuan,https://img.zdic.net/zy/xiaozhuan/27_840D.svg
2329,156,4,萎,1,1,0,正篆,卷.部首.頁：1下.艸.25,萎說文‧艸部,,是,glyphwiki,https://www.zdic.net/hans/萎/xiaozhuan,https://img.zdic.net/zy/xiaozhuan/27_840E.svg
2330,156,5,萚,1,1,0,正篆,卷.部首.頁：1下.艸.23,萚說文‧艸部,,是,glyphwiki,https://www.zdic.net/hans/萚/xiaozhuan,https://img.zdic.net/zy/xiaozhuan/27_8600.svg
2331,156,6,萝,1,1,0,正篆,卷.部首.頁：1下.艸.20,萝說文‧艸部,,是,glyphwiki,https://www.zdic.net/hans/萝/xiaozhuan,https://img.zdic.net/zy/xiaozhuan/27_863F.svg
2332,156,7,萧,1,1,0,正篆,卷.部首.頁：1下.艸.20,萧說文‧艸部,,是,glyphwiki,https://www.zdic.net/hans/萧/xiaozhuan,https://img.zdic.net/zy/xiaozhuan/27_856D.svg
2333,156,8,萱,3,1,2,或體+正篆,卷.部首.頁：1下.艸.16,萱說文‧艸部 | 萱說文或體 | 萱說文或體,,是,glyphwiki,https://www.zdic.net/hans/萱/xiaozhuan,https://img.zdic.net/zy/xiaozhuan/27_E058.svg;https://img.zdic.net/zy/xiaozhuan/27_E059.svg;https://img.zdic.net/zy/xiaozhuan/27_8431.svg
2334,156,9,萸,1,1,0,正篆,卷.部首.頁：1下.艸.21,萸說文‧艸部,,是,glyphwiki,https://www.zdic.net/hans/萸/xiaozhuan,https://img.zdic.net/zy/xiaozhuan/27_8438.svg
2335,156,10,萹,1,1,0,正篆,卷.部首.頁：1下.艸.16,萹說文‧艸部,,是,glyphwiki,https://www.zdic.net/hans/萹/xiaozhuan,https://img.zdic.net/zy/xiaozhuan/27_8439.svg
2336,156,11,落,1,1,0,正篆,卷.部首.頁：1下.艸.23,落說文‧艸部,,是,glyphwiki,https://www.zdic.net/hans/落/xiaozhuan,https://img.zdic.net/zy/xiaozhuan/27_843D.svg
2337,156,12,葎,1,1,0,正篆,卷.部首.頁：1下.艸.19,葎說文‧艸部,,是,glyphwiki,https://www.zdic.net/hans/葎/xiaozhuan,https://img.zdic.net/zy/xiaozhuan/27_844E.svg
2338,156,13,葑,1,1,0,正篆,卷.部首.頁：1下.艸.19,葑說文‧艸部,,是,glyphwiki,https://www.zdic.net/hans/葑/xiaozhuan,https://img.zdic.net/zy/xiaozhuan/27_8451.svg
2339,156,14,葩,1,1,0,正篆,卷.部首.頁：1下.艸.22,葩說文‧艸部,,是,glyphwiki,https://www.zdic.net/hans/葩/xiaozhuan,https://img.zdic.net/zy/xiaozhuan/27_8469.svg
2340,156,15,葫,1,1,0,正篆,卷.部首.頁：7下.瓠.150,葫說文‧瓠部,,是,glyphwiki,https://www.zdic.net/hans/葫/xiaozhuan,https://img.zdic.net/zy/xiaozhuan/27_74E0.svg
2341,157,1,葰,1,1,0,正篆,卷.部首.頁：1下.艸.16,葰說文‧艸部,,是,glyphwiki,https://www.zdic.net/hans/葰/xiaozhuan,https://img.zdic.net/zy/xiaozhuan/27_8470.svg
2342,157,2,葴,1,1,0,正篆,卷.部首.頁：1下.艸.18,葴說文‧艸部,,是,glyphwiki,https://www.zdic.net/hans/葴/xiaozhuan,https://img.zdic.net/zy/xiaozhuan/27_8474.svg
2343,157,3,蒇,1,1,0,正篆,卷.部首.頁：1下.艸.27,蒇說文‧艸部,,是,glyphwiki,https://www.zdic.net/hans/蒇/xiaozhuan,https://img.zdic.net/zy/xiaozhuan/27_8546.svg
2344,157,4,蒋,1,1,0,正篆,卷.部首.頁：1下.艸.21,蒋說文‧艸部,,是,glyphwiki,https://www.zdic.net/hans/蒋/xiaozhuan,https://img.zdic.net/zy/xiaozhuan/27_8523.svg
2345,157,5,蒻,1,1,0,正篆,卷.部首.頁：1下.艸.17,蒻說文‧艸部,,是,glyphwiki,https://www.zdic.net/hans/蒻/xiaozhuan,https://img.zdic.net/zy/xiaozhuan/27_84BB.svg
2346,157,6,蓉,1,1,0,正篆,卷.部首.頁：1下.艸.27,蓉說文‧艸部,,是,glyphwiki,https://www.zdic.net/hans/蓉/xiaozhuan,https://img.zdic.net/zy/xiaozhuan/27_84C9.svg
2347,157,7,蓝,1,1,0,正篆,卷.部首.頁：1下.艸.16、1下.艸.24,蓝說文‧艸部,,是,bamboo-silk/glyphwiki,https://www.zdic.net/hans/蓝/xiaozhuan,https://img.zdic.net/zy/xiaozhuan/27_85CD.svg
2348,157,8,蓟,1,1,0,正篆,卷.部首.頁：1下.艸.17,蓟說文‧艸部,,是,glyphwiki,https://www.zdic.net/hans/蓟/xiaozhuan,https://img.zdic.net/zy/xiaozhuan/27_858A.svg
2349,157,9,蓠,1,1,0,正篆,卷.部首.頁：1下.艸.16,蓠說文‧艸部,,是,glyphwiki,https://www.zdic.net/hans/蓠/xiaozhuan,https://img.zdic.net/zy/xiaozhuan/27_863A.svg
2350,157,10,蓬,2,1,1,正篆+籀文,卷.部首.頁：1下.艸.26,蓬說文‧艸部 | 蓬說文籀文,,是,glyphwiki,https://www.zdic.net/hans/蓬/xiaozhuan,https://img.zdic.net/zy/xiaozhuan/27_84EC.svg;https://img.zdic.net/zy/xiaozhuan/27_EF07.svg
2351,157,11,蔈,1,1,0,正篆,卷.部首.頁：1下.艸.22,蔈說文‧艸部,,是,glyphwiki,https://www.zdic.net/hans/蔈/xiaozhuan,https://img.zdic.net/zy/xiaozhuan/27_8508.svg
2352,157,12,蔚,1,1,0,正篆,卷.部首.頁：1下.艸.20,蔚說文‧艸部,,是,glyphwiki,https://www.zdic.net/hans/蔚/xiaozhuan,https://img.zdic.net/zy/xiaozhuan/27_851A.svg
2353,157,13,蔟,1,1,0,正篆,卷.部首.頁：1下.艸.25,蔟說文‧艸部,,是,glyphwiki,https://www.zdic.net/hans/蔟/xiaozhuan,https://img.zdic.net/zy/xiaozhuan/27_851F.svg
2354,157,14,蔫,1,1,0,正篆,卷.部首.頁：1下.艸.23,蔫說文‧艸部,,是,glyphwiki,https://www.zdic.net/hans/蔫/xiaozhuan,https://img.zdic.net/zy/xiaozhuan/27_852B.svg
2355,157,15,蔸,1,1,0,正篆,卷.部首.頁：8下.𠑹.177,蔸說文‧𠑹部,,是,glyphwiki,https://www.zdic.net/hans/蔸/xiaozhuan,https://img.zdic.net/zy/xiaozhuan/27_515C.svg
2356,158,1,蔹,2,1,1,或體+正篆,卷.部首.頁：1下.艸.19,蔹說文‧艸部 | 蔹說文或體,,是,glyphwiki,https://www.zdic.net/hans/蔹/xiaozhuan,https://img.zdic.net/zy/xiaozhuan/27_859F.svg;https://img.zdic.net/zy/xiaozhuan/27_861E.svg
2357,158,2,蔼,1,1,0,正篆,卷.部首.頁：3上.言.52,蔼說文‧言部,,是,glyphwiki,https://www.zdic.net/hans/蔼/xiaozhuan,https://img.zdic.net/zy/xiaozhuan/27_85F9.svg
2358,158,3,蕊,1,1,0,正篆,卷.部首.頁：10下.惢.224,蕊說文‧惢部,,是,glyphwiki,https://www.zdic.net/hans/蕊/xiaozhuan,https://img.zdic.net/zy/xiaozhuan/27_60E2.svg
2359,158,4,蕤,1,1,0,正篆,卷.部首.頁：1下.艸.22,蕤說文‧艸部,,是,glyphwiki,https://www.zdic.net/hans/蕤/xiaozhuan,https://img.zdic.net/zy/xiaozhuan/27_8564.svg
2360,158,5,蕨,1,1,0,正篆,卷.部首.頁：1下.艸.26,蕨說文‧艸部,,是,glyphwiki,https://www.zdic.net/hans/蕨/xiaozhuan,https://img.zdic.net/zy/xiaozhuan/27_8568.svg
2361,158,6,蕰,1,1,0,正篆,卷.部首.頁：1下.艸.23,蕰說文‧艸部,,是,glyphwiki,https://www.zdic.net/hans/蕰/xiaozhuan,https://img.zdic.net/zy/xiaozhuan/27_8580.svg
2362,158,7,蕲,1,1,0,正篆,卷.部首.頁：1下.艸.17,蕲說文‧艸部,,是,glyphwiki,https://www.zdic.net/hans/蕲/xiaozhuan,https://img.zdic.net/zy/xiaozhuan/27_8604.svg
2363,158,8,薅,3,1,2,或體+正篆+籀文,卷.部首.頁：1下.蓐.27,薅說文‧蓐部 | 薅說文籀文 | 薅說文或體,,是,glyphwiki,https://www.zdic.net/hans/薅/xiaozhuan,https://img.zdic.net/zy/xiaozhuan/27_8585.svg;https://img.zdic.net/zy/xiaozhuan/27_E0CD.svg;https://img.zdic.net/zy/xiaozhuan/27_8320.svg
2364,158,9,薇,2,1,1,正篆+籀文,卷.部首.頁：1下.艸.16,薇說文‧艸部 | 薇說文籀文,,是,glyphwiki,https://www.zdic.net/hans/薇/xiaozhuan,https://img.zdic.net/zy/xiaozhuan/27_8587.svg;https://img.zdic.net/zy/xiaozhuan/27_E054.svg
2365,158,10,薜,1,1,0,正篆,卷.部首.頁：1下.艸.19,薜說文‧艸部,,是,glyphwiki,https://www.zdic.net/hans/薜/xiaozhuan,https://img.zdic.net/zy/xiaozhuan/27_859C.svg
2366,158,11,薢,1,1,0,正篆,卷.部首.頁：1下.艸.20,薢說文‧艸部,,是,glyphwiki,https://www.zdic.net/hans/薢/xiaozhuan,https://img.zdic.net/zy/xiaozhuan/27_85A2.svg
2367,158,12,薨,1,1,0,正篆,卷.部首.頁：4下.死.86,薨說文‧死部,,是,glyphwiki,https://www.zdic.net/hans/薨/xiaozhuan,https://img.zdic.net/zy/xiaozhuan/27_85A8.svg
2368,158,13,薮,1,1,0,正篆,卷.部首.頁：1下.艸.23,薮說文‧艸部,,是,glyphwiki,https://www.zdic.net/hans/薮/xiaozhuan,https://img.zdic.net/zy/xiaozhuan/27_85EA.svg
2369,158,14,薿,1,1,0,正篆,卷.部首.頁：1下.艸.22,薿說文‧艸部,,是,glyphwiki,https://www.zdic.net/hans/薿/xiaozhuan,https://img.zdic.net/zy/xiaozhuan/27_85BF.svg
2370,158,15,藉,1,1,0,正篆,卷.部首.頁：1下.艸.24,藉說文‧艸部,,是,glyphwiki,https://www.zdic.net/hans/藉/xiaozhuan,https://img.zdic.net/zy/xiaozhuan/27_85C9.svg
2371,159,1,藕,1,1,0,正篆,卷.部首.頁：1下.艸.20,藕說文‧艸部,,是,glyphwiki,https://www.zdic.net/hans/藕/xiaozhuan,https://img.zdic.net/zy/xiaozhuan/27_8545.svg
2372,159,2,藜,1,1,0,正篆,卷.部首.頁：1下.艸.26,藜說文‧艸部,,是,glyphwiki,https://www.zdic.net/hans/藜/xiaozhuan,https://img.zdic.net/zy/xiaozhuan/27_85DC.svg
2373,159,3,藩,1,1,0,正篆,卷.部首.頁：1下.艸.24,藩說文‧艸部,,是,glyphwiki,https://www.zdic.net/hans/藩/xiaozhuan,https://img.zdic.net/zy/xiaozhuan/27_85E9.svg
2374,159,4,藿,1,1,0,正篆,卷.部首.頁：1下.艸.15,藿說文‧艸部,,是,glyphwiki,https://www.zdic.net/hans/藿/xiaozhuan,https://img.zdic.net/zy/xiaozhuan/27_85FF.svg
2375,159,5,蘖,4,1,3,古文+或體+正篆,卷.部首.頁：6上.木.125,蘖說文‧木部 | 蘖說文或體 | 蘖說文古文 | 蘖說文古文,,是,glyphwiki,https://www.zdic.net/hans/蘖/xiaozhuan,https://img.zdic.net/zy/xiaozhuan/27_EDF7.svg;https://img.zdic.net/zy/xiaozhuan/27_6AF1.svg;https://img.zdic.net/zy/xiaozhuan/27_E529.svg;https://img.zdic.net/zy/xiaozhuan/27_E52A.svg
2376,159,6,蘧,1,1,0,正篆,卷.部首.頁：1下.艸.16,蘧說文‧艸部,,是,glyphwiki,https://www.zdic.net/hans/蘧/xiaozhuan,https://img.zdic.net/zy/xiaozhuan/27_8627.svg
2377,159,7,蘸,1,1,0,正篆,卷.部首.頁：1下.艸.27,蘸說文‧艸部,,是,glyphwiki,https://www.zdic.net/hans/蘸/xiaozhuan,https://img.zdic.net/zy/xiaozhuan/27_8638.svg
2378,159,8,虓,1,1,0,正篆,卷.部首.頁：5上.虎.103,虓說文‧虎部,,是,glyphwiki,https://www.zdic.net/hans/虓/xiaozhuan,https://img.zdic.net/zy/xiaozhuan/27_8653.svg
2379,159,9,虢,1,1,0,正篆,卷.部首.頁：5上.虎.103,虢說文‧虎部,,是,bronze/glyphwiki,https://www.zdic.net/hans/虢/xiaozhuan,https://img.zdic.net/zy/xiaozhuan/27_8662.svg
2380,159,10,虮,1,1,0,正篆,卷.部首.頁：13上.虫.279,虮說文‧虫部,,是,glyphwiki,https://www.zdic.net/hans/虮/xiaozhuan,https://img.zdic.net/zy/xiaozhuan/27_87E3.svg
2381,159,11,蚁,1,1,0,正篆,卷.部首.頁：13上.虫.280,蚁說文‧虫部,,是,glyphwiki,https://www.zdic.net/hans/蚁/xiaozhuan,https://img.zdic.net/zy/xiaozhuan/27_8798.svg
2382,159,12,蚄,1,1,0,正篆,卷.部首.頁：13上.虫.282,蚄說文‧虫部,,是,glyphwiki,https://www.zdic.net/hans/蚄/xiaozhuan,https://img.zdic.net/zy/xiaozhuan/27_868C.svg
2383,159,13,蚌,1,1,0,正篆,卷.部首.頁：13上.虫.282,蚌說文‧虫部,,是,glyphwiki,https://www.zdic.net/hans/蚌/xiaozhuan,https://img.zdic.net/zy/xiaozhuan/27_868C.svg
2384,159,14,蚍,2,1,1,或體+正篆,卷.部首.頁：13下.蟲.284,蚍說文‧蟲部 | 蚍說文或體,,是,glyphwiki,https://www.zdic.net/hans/蚍/xiaozhuan,https://img.zdic.net/zy/xiaozhuan/27_EB39.svg;https://img.zdic.net/zy/xiaozhuan/27_868D.svg
2385,159,15,蚝,1,1,0,正篆,卷.部首.頁：13上.虫.279,蚝說文‧虫部,,是,glyphwiki,https://www.zdic.net/hans/蚝/xiaozhuan,https://img.zdic.net/zy/xiaozhuan/27_86D3.svg
2386,160,1,蚣,2,1,1,或體+正篆,卷.部首.頁：13上.虫.280,蚣說文‧虫部 | 蚣說文或體,,是,glyphwiki,https://www.zdic.net/hans/蚣/xiaozhuan,https://img.zdic.net/zy/xiaozhuan/27_8719.svg;https://img.zdic.net/zy/xiaozhuan/27_86A3.svg
2387,160,2,蚨,1,1,0,正篆,卷.部首.頁：13上.虫.282,蚨說文‧虫部,,是,glyphwiki,https://www.zdic.net/hans/蚨/xiaozhuan,https://img.zdic.net/zy/xiaozhuan/27_86A8.svg
2388,160,3,蚱,1,1,0,正篆,卷.部首.頁：13上.虫.283,蚱說文‧虫部,,是,glyphwiki,https://www.zdic.net/hans/蚱/xiaozhuan,https://img.zdic.net/zy/xiaozhuan/27_8674.svg
2389,160,4,蚺,1,1,0,正篆,卷.部首.頁：13上.虫.278,蚺說文‧虫部,,是,glyphwiki,https://www.zdic.net/hans/蚺/xiaozhuan,https://img.zdic.net/zy/xiaozhuan/27_86BA.svg
2390,160,5,蛋,1,1,0,正篆,卷.部首.頁：13上.虫.283,蛋說文‧虫部,,是,glyphwiki,https://www.zdic.net/hans/蛋/xiaozhuan,https://img.zdic.net/zy/xiaozhuan/27_8711.svg
2391,160,6,蛑,2,1,1,古文+正篆,卷.部首.頁：13上.虫.280、13下.蟲.284,蛑說文‧蟲部 | 蛑說文古文,蛑說文或體,是,glyphwiki,https://www.zdic.net/hans/蛑/xiaozhuan,https://img.zdic.net/zy/xiaozhuan/27_EDFA.svg;https://img.zdic.net/zy/xiaozhuan/27_86D1.svg
2392,160,7,蛘,1,1,0,正篆,卷.部首.頁：13上.虫.281,蛘說文‧虫部,,是,glyphwiki,https://www.zdic.net/hans/蛘/xiaozhuan,https://img.zdic.net/zy/xiaozhuan/27_86D8.svg
2393,160,8,蛛,2,1,1,或體+正篆,卷.部首.頁：13下.黽.285,蛛說文‧黽部 | 蛛說文或體,,是,glyphwiki,https://www.zdic.net/hans/蛛/xiaozhuan,https://img.zdic.net/zy/xiaozhuan/27_EB4C.svg;https://img.zdic.net/zy/xiaozhuan/27_86DB.svg
2394,160,9,蛟,1,1,0,正篆,卷.部首.頁：13上.虫.281,蛟說文‧虫部,,是,glyphwiki,https://www.zdic.net/hans/蛟/xiaozhuan,https://img.zdic.net/zy/xiaozhuan/27_86DF.svg
2395,160,10,蛩,1,1,0,正篆,卷.部首.頁：13上.虫.282,蛩說文‧虫部,,是,glyphwiki,https://www.zdic.net/hans/蛩/xiaozhuan,https://img.zdic.net/zy/xiaozhuan/27_86E9.svg
2396,160,11,蛭,1,1,0,正篆,卷.部首.頁：13上.虫.279,蛭說文‧虫部,,是,glyphwiki,https://www.zdic.net/hans/蛭/xiaozhuan,https://img.zdic.net/zy/xiaozhuan/27_86ED.svg
2397,160,12,蛱,1,1,0,正篆,卷.部首.頁：13上.虫.280,蛱說文‧虫部,,是,glyphwiki,https://www.zdic.net/hans/蛱/xiaozhuan,https://img.zdic.net/zy/xiaozhuan/27_86FA.svg
2398,160,13,蛲,1,1,0,正篆,卷.部首.頁：13上.虫.279,蛲說文‧虫部,,是,glyphwiki,https://www.zdic.net/hans/蛲/xiaozhuan,https://img.zdic.net/zy/xiaozhuan/27_87EF.svg
2399,160,14,蛹,1,1,0,正篆,卷.部首.頁：13上.虫.278,蛹說文‧虫部,,是,glyphwiki,https://www.zdic.net/hans/蛹/xiaozhuan,https://img.zdic.net/zy/xiaozhuan/27_86F9.svg
2400,160,15,蛾,1,1,0,正篆,卷.部首.頁：13上.虫.280,蛾說文‧虫部,,是,glyphwiki,https://www.zdic.net/hans/蛾/xiaozhuan,https://img.zdic.net/zy/xiaozhuan/27_86FE.svg
2401,161,1,蜃,1,1,0,正篆,卷.部首.頁：13上.虫.281,蜃說文‧虫部,,是,glyphwiki,https://www.zdic.net/hans/蜃/xiaozhuan,https://img.zdic.net/zy/xiaozhuan/27_8703.svg
2402,161,2,蜉,2,1,1,或體+正篆,卷.部首.頁：13下.䖵.284,蜉說文‧䖵部 | 蜉說文或體,,是,glyphwiki,https://www.zdic.net/hans/蜉/xiaozhuan,https://img.zdic.net/zy/xiaozhuan/27_EB36.svg;https://img.zdic.net/zy/xiaozhuan/27_8709.svg
2403,161,3,蜎,1,1,0,正篆,卷.部首.頁：13上.虫.282,蜎說文‧虫部,,是,glyphwiki,https://www.zdic.net/hans/蜎/xiaozhuan,https://img.zdic.net/zy/xiaozhuan/27_870E.svg
2404,161,4,蜒,1,1,0,正篆,卷.部首.頁：13上.虫.283,蜒說文‧虫部,,是,glyphwiki,https://www.zdic.net/hans/蜒/xiaozhuan,https://img.zdic.net/zy/xiaozhuan/27_8711.svg
2405,161,5,蜓,1,1,0,正篆,卷.部首.頁：13上.虫.279,蜓說文‧虫部,,是,glyphwiki,https://www.zdic.net/hans/蜓/xiaozhuan,https://img.zdic.net/zy/xiaozhuan/27_8713.svg
2406,161,6,蜕,1,1,0,正篆,卷.部首.頁：13上.虫.281,蜕說文‧虫部,,是,glyphwiki,https://www.zdic.net/hans/蜕/xiaozhuan,https://img.zdic.net/zy/xiaozhuan/27_86FB.svg
2407,161,7,蜗,1,1,0,正篆,卷.部首.頁：13上.虫.282,蜗說文‧虫部,,是,glyphwiki,https://www.zdic.net/hans/蜗/xiaozhuan,https://img.zdic.net/zy/xiaozhuan/27_8778.svg
2408,161,8,蜘,2,1,1,或體+正篆,卷.部首.頁：13下.黽.285,蜘說文‧黽部 | 蜘說文或體,,是,glyphwiki,https://www.zdic.net/hans/蜘/xiaozhuan,https://img.zdic.net/zy/xiaozhuan/27_EB4B.svg;https://img.zdic.net/zy/xiaozhuan/27_8718.svg
2409,161,9,蜚,2,1,1,或體+正篆,卷.部首.頁：13下.蟲.284,蜚說文‧蟲部 | 蜚說文或體,,是,glyphwiki,https://www.zdic.net/hans/蜚/xiaozhuan,https://img.zdic.net/zy/xiaozhuan/27_EB3B.svg;https://img.zdic.net/zy/xiaozhuan/27_871A.svg
2410,161,10,蜜,2,1,1,或體+正篆,卷.部首.頁：13下.䖵.283,蜜說文‧䖵部 | 蜜說文或體,,是,glyphwiki,https://www.zdic.net/hans/蜜/xiaozhuan,https://img.zdic.net/zy/xiaozhuan/27_EB2F.svg;https://img.zdic.net/zy/xiaozhuan/27_871C.svg
2411,161,11,蜡,1,1,0,正篆,卷.部首.頁：13上.虫.281,蜡說文‧虫部,,是,glyphwiki,https://www.zdic.net/hans/蜡/xiaozhuan,https://img.zdic.net/zy/xiaozhuan/27_8721.svg
2412,161,12,蜢,1,1,0,正篆,卷.部首.頁：13上.虫.283,蜢說文‧虫部,,是,glyphwiki,https://www.zdic.net/hans/蜢/xiaozhuan,https://img.zdic.net/zy/xiaozhuan/27_8722.svg
2413,161,13,蜥,1,1,0,正篆,卷.部首.頁：13上.虫.279,蜥說文‧虫部,,是,glyphwiki,https://www.zdic.net/hans/蜥/xiaozhuan,https://img.zdic.net/zy/xiaozhuan/27_8725.svg
2414,161,14,蜩,2,1,1,或體+正篆,卷.部首.頁：13上.虫.280,蜩說文‧虫部 | 蜩說文或體,,是,glyphwiki,https://www.zdic.net/hans/蜩/xiaozhuan,https://img.zdic.net/zy/xiaozhuan/27_8729.svg;https://img.zdic.net/zy/xiaozhuan/27_EB12.svg
2415,161,15,蜱,2,1,1,或體+正篆,卷.部首.頁：13下.䖵.283,蜱說文‧䖵部 | 蜱說文或體,,是,glyphwiki,https://www.zdic.net/hans/蜱/xiaozhuan,https://img.zdic.net/zy/xiaozhuan/27_EB2D.svg;https://img.zdic.net/zy/xiaozhuan/27_8731.svg
2416,162,1,蜻,1,1,0,正篆,卷.部首.頁：13上.虫.281,蜻說文‧虫部,,是,glyphwiki,https://www.zdic.net/hans/蜻/xiaozhuan,https://img.zdic.net/zy/xiaozhuan/27_873B.svg
2417,162,2,蜾,2,1,1,或體+正篆,卷.部首.頁：13上.虫.280,蜾說文‧虫部 | 蜾說文或體,,是,glyphwiki,https://www.zdic.net/hans/蜾/xiaozhuan,https://img.zdic.net/zy/xiaozhuan/27_EB0E.svg;https://img.zdic.net/zy/xiaozhuan/27_873E.svg
2418,162,3,蝇,1,1,0,正篆,卷.部首.頁：13下.黽.285,蝇說文‧黽部,,是,glyphwiki,https://www.zdic.net/hans/蝇/xiaozhuan,https://img.zdic.net/zy/xiaozhuan/27_8805.svg
2419,162,4,蝈,2,1,1,或體+正篆,卷.部首.頁：13上.虫.282,蝈說文‧虫部 | 蝈說文或體,,是,glyphwiki,https://www.zdic.net/hans/蝈/xiaozhuan,https://img.zdic.net/zy/xiaozhuan/27_872E.svg;https://img.zdic.net/zy/xiaozhuan/27_87C8.svg
2420,162,5,蝗,1,1,0,正篆,卷.部首.頁：13上.虫.280,蝗說文‧虫部,,是,glyphwiki,https://www.zdic.net/hans/蝗/xiaozhuan,https://img.zdic.net/zy/xiaozhuan/27_8757.svg
2421,162,6,蝙,1,1,0,正篆,卷.部首.頁：13上.虫.282,蝙說文‧虫部,,是,glyphwiki,https://www.zdic.net/hans/蝙/xiaozhuan,https://img.zdic.net/zy/xiaozhuan/27_8759.svg
2422,162,7,蝤,1,1,0,正篆,卷.部首.頁：13上.虫.279,蝤說文‧虫部,,是,glyphwiki,https://www.zdic.net/hans/蝤/xiaozhuan,https://img.zdic.net/zy/xiaozhuan/27_8764.svg
2423,162,8,蝥,1,1,0,正篆,卷.部首.頁：13上.虫.280、13下.蟲.284,蝥說文‧虫部,,是,glyphwiki,https://www.zdic.net/hans/蝥/xiaozhuan,https://img.zdic.net/zy/xiaozhuan/27_8765.svg
2424,162,9,螅,1,1,0,正篆,卷.部首.頁：13上.虫.279,螅說文‧虫部,,是,glyphwiki,https://www.zdic.net/hans/螅/xiaozhuan,https://img.zdic.net/zy/xiaozhuan/27_86D3.svg
2425,162,10,螟,1,1,0,正篆,卷.部首.頁：13上.虫.279,螟說文‧虫部,,是,glyphwiki,https://www.zdic.net/hans/螟/xiaozhuan,https://img.zdic.net/zy/xiaozhuan/27_879F.svg
2426,162,11,螫,1,1,0,正篆,卷.部首.頁：13上.虫.281,螫說文‧虫部,,是,glyphwiki,https://www.zdic.net/hans/螫/xiaozhuan,https://img.zdic.net/zy/xiaozhuan/27_87AB.svg
2427,162,12,螳,1,1,0,正篆,卷.部首.頁：13上.虫.283,螳說文‧虫部,,是,glyphwiki,https://www.zdic.net/hans/螳/xiaozhuan,https://img.zdic.net/zy/xiaozhuan/27_87B3.svg
2428,162,13,螽,2,1,1,或體+正篆,卷.部首.頁：13下.䖵.283,螽說文‧䖵部 | 螽說文或體,,是,glyphwiki,https://www.zdic.net/hans/螽/xiaozhuan,https://img.zdic.net/zy/xiaozhuan/27_87BD.svg;https://img.zdic.net/zy/xiaozhuan/27_EB28.svg
2429,162,14,蟊,1,1,0,正篆,卷.部首.頁：13下.䖵.283,蟊說文‧䖵部,,是,glyphwiki,https://www.zdic.net/hans/蟊/xiaozhuan,https://img.zdic.net/zy/xiaozhuan/27_87CA.svg
2430,162,15,蟋,1,1,0,正篆,卷.部首.頁：13上.虫.283,蟋說文‧虫部,,是,glyphwiki,https://www.zdic.net/hans/蟋/xiaozhuan,https://img.zdic.net/zy/xiaozhuan/27_87CB.svg
2431,163,1,蟠,1,1,0,正篆,卷.部首.頁：13上.虫.280,蟠說文‧虫部,,是,glyphwiki,https://www.zdic.net/hans/蟠/xiaozhuan,https://img.zdic.net/zy/xiaozhuan/27_87E0.svg
2432,163,2,蟥,1,1,0,正篆,卷.部首.頁：13上.虫.280,蟥說文‧虫部,,是,glyphwiki,https://www.zdic.net/hans/蟥/xiaozhuan,https://img.zdic.net/zy/xiaozhuan/27_87E5.svg
2433,163,3,蠖,1,1,0,正篆,卷.部首.頁：13上.虫.279,蠖說文‧虫部,,是,glyphwiki,https://www.zdic.net/hans/蠖/xiaozhuan,https://img.zdic.net/zy/xiaozhuan/27_8816.svg
2434,163,4,蠡,2,1,1,古文+正篆,卷.部首.頁：13下.䖵.284,蠡說文‧䖵部 | 蠡說文古文,,是,glyphwiki,https://www.zdic.net/hans/蠡/xiaozhuan,https://img.zdic.net/zy/xiaozhuan/27_8821.svg;https://img.zdic.net/zy/xiaozhuan/27_EB34.svg
2435,163,5,衃,1,1,0,正篆,卷.部首.頁：5上.血.105,衃說文‧血部,,是,glyphwiki,https://www.zdic.net/hans/衃/xiaozhuan,https://img.zdic.net/zy/xiaozhuan/27_8843.svg
2436,163,6,衄,1,1,0,正篆,卷.部首.頁：5上.血.105,衄說文‧血部,,是,glyphwiki,https://www.zdic.net/hans/衄/xiaozhuan,https://img.zdic.net/zy/xiaozhuan/27_8844.svg
2437,163,7,衎,1,1,0,正篆,卷.部首.頁：2下.行.44,衎說文‧行部,,是,glyphwiki,https://www.zdic.net/hans/衎/xiaozhuan,https://img.zdic.net/zy/xiaozhuan/27_884E.svg
2438,163,8,衒,2,1,1,或體+正篆,卷.部首.頁：2下.行.44,衒說文‧行部 | 衒說文或體,,是,glyphwiki,https://www.zdic.net/hans/衒/xiaozhuan,https://img.zdic.net/zy/xiaozhuan/27_E19F.svg;https://img.zdic.net/zy/xiaozhuan/27_8852.svg
2439,163,9,衙,1,1,0,正篆,卷.部首.頁：2下.行.44,衙說文‧行部,,是,glyphwiki,https://www.zdic.net/hans/衙/xiaozhuan,https://img.zdic.net/zy/xiaozhuan/27_8859.svg
2440,163,10,袂,1,1,0,正篆,卷.部首.頁：8上.衣.171,袂說文‧衣部,,是,glyphwiki,https://www.zdic.net/hans/袂/xiaozhuan,https://img.zdic.net/zy/xiaozhuan/27_8882.svg
2441,163,11,袆,1,1,0,正篆,卷.部首.頁：8上.衣.170,袆說文‧衣部,,是,glyphwiki,https://www.zdic.net/hans/袆/xiaozhuan,https://img.zdic.net/zy/xiaozhuan/27_8918.svg
2442,163,12,袢,1,1,0,正篆,卷.部首.頁：8上.衣.172,袢說文‧衣部,,是,glyphwiki,https://www.zdic.net/hans/袢/xiaozhuan,https://img.zdic.net/zy/xiaozhuan/27_88A2.svg
2443,163,13,装,1,1,0,正篆,卷.部首.頁：8上.衣.172,装說文‧衣部,,是,glyphwiki,https://www.zdic.net/hans/装/xiaozhuan,https://img.zdic.net/zy/xiaozhuan/27_88DD.svg
2444,163,14,裈,2,1,1,或體+正篆,卷.部首.頁：7下.巾.159,裈說文‧巾部 | 裈說文或體,,是,glyphwiki,https://www.zdic.net/hans/裈/xiaozhuan,https://img.zdic.net/zy/xiaozhuan/27_E680.svg;https://img.zdic.net/zy/xiaozhuan/27_890C.svg
2445,163,15,裎,1,1,0,正篆,卷.部首.頁：8上.衣.172,裎說文‧衣部,,是,glyphwiki,https://www.zdic.net/hans/裎/xiaozhuan,https://img.zdic.net/zy/xiaozhuan/27_88CE.svg
2446,164,1,裴,1,1,0,正篆,卷.部首.頁：8上.衣.172,裴說文‧衣部,,是,glyphwiki,https://www.zdic.net/hans/裴/xiaozhuan,https://img.zdic.net/zy/xiaozhuan/27_88F4.svg
2447,164,2,裸,2,1,1,或體+正篆,卷.部首.頁：8上.衣.172,裸說文‧衣部 | 裸說文或體,,是,glyphwiki,https://www.zdic.net/hans/裸/xiaozhuan,https://img.zdic.net/zy/xiaozhuan/27_E6EF.svg;https://img.zdic.net/zy/xiaozhuan/27_88F8.svg
2448,164,3,裾,1,1,0,正篆,卷.部首.頁：8上.衣.171,裾說文‧衣部,,是,glyphwiki,https://www.zdic.net/hans/裾/xiaozhuan,https://img.zdic.net/zy/xiaozhuan/27_88FE.svg
2449,164,4,褒,1,1,0,正篆,卷.部首.頁：8上.衣.171,褒說文‧衣部,,是,glyphwiki,https://www.zdic.net/hans/褒/xiaozhuan,https://img.zdic.net/zy/xiaozhuan/27_8912.svg
2450,164,5,褛,1,1,0,正篆,卷.部首.頁：8上.衣.170,褛說文‧衣部,,是,glyphwiki,https://www.zdic.net/hans/褛/xiaozhuan,https://img.zdic.net/zy/xiaozhuan/27_8938.svg
2451,164,6,褫,1,1,0,正篆,卷.部首.頁：8上.衣.172,褫說文‧衣部,,是,glyphwiki,https://www.zdic.net/hans/褫/xiaozhuan,https://img.zdic.net/zy/xiaozhuan/27_892B.svg
2452,164,7,襁,1,1,0,正篆,卷.部首.頁：8上.衣.170,襁說文‧衣部,,是,glyphwiki,https://www.zdic.net/hans/襁/xiaozhuan,https://img.zdic.net/zy/xiaozhuan/27_8941.svg
2453,164,8,觋,1,1,0,正篆,卷.部首.頁：5上.巫.100,觋說文‧巫部,,是,glyphwiki,https://www.zdic.net/hans/觋/xiaozhuan,https://img.zdic.net/zy/xiaozhuan/27_89A1.svg
2454,164,9,觎,1,1,0,正篆,卷.部首.頁：8下.見.178,觎說文‧見部,,是,glyphwiki,https://www.zdic.net/hans/觎/xiaozhuan,https://img.zdic.net/zy/xiaozhuan/27_89A6.svg
2455,164,10,觏,1,1,0,正篆,卷.部首.頁：8下.見.178,觏說文‧見部,,是,glyphwiki,https://www.zdic.net/hans/觏/xiaozhuan,https://img.zdic.net/zy/xiaozhuan/27_89AF.svg
2456,164,11,觚,1,1,0,正篆,卷.部首.頁：4下.角.94,觚說文‧角部,,是,glyphwiki,https://www.zdic.net/hans/觚/xiaozhuan,https://img.zdic.net/zy/xiaozhuan/27_89DA.svg
2457,164,12,觯,3,1,2,或體+正篆,卷.部首.頁：4下.角.94,觯說文‧角部 | 觯說文或體 | 觯說文或體,,是,glyphwiki,https://www.zdic.net/hans/觯/xiaozhuan,https://img.zdic.net/zy/xiaozhuan/27_89F6.svg;https://img.zdic.net/zy/xiaozhuan/27_E3DE.svg;https://img.zdic.net/zy/xiaozhuan/27_E3DF.svg
2458,164,13,觳,1,1,0,正篆,卷.部首.頁：4下.角.94,觳說文‧角部,,是,glyphwiki,https://www.zdic.net/hans/觳/xiaozhuan,https://img.zdic.net/zy/xiaozhuan/27_89F3.svg
2459,164,14,誊,1,1,0,正篆,卷.部首.頁：3上.言.54,誊說文‧言部,,是,glyphwiki,https://www.zdic.net/hans/誊/xiaozhuan,https://img.zdic.net/zy/xiaozhuan/27_8B04.svg
2460,164,15,譬,1,1,0,正篆,卷.部首.頁：3上.言.51,譬說文‧言部,,是,glyphwiki,https://www.zdic.net/hans/譬/xiaozhuan,https://img.zdic.net/zy/xiaozhuan/27_8B6C.svg
2461,165,1,讥,1,1,0,正篆,卷.部首.頁：3上.言.54,讥說文‧言部,,是,glyphwiki,https://www.zdic.net/hans/讥/xiaozhuan,https://img.zdic.net/zy/xiaozhuan/27_8B4F.svg
2462,165,2,讦,1,1,0,正篆,卷.部首.頁：3上.言.56,讦說文‧言部,,是,glyphwiki,https://www.zdic.net/hans/讦/xiaozhuan,https://img.zdic.net/zy/xiaozhuan/27_8A10.svg
2463,165,3,讧,1,1,0,正篆,卷.部首.頁：3上.言.55,讧說文‧言部,,是,glyphwiki,https://www.zdic.net/hans/讧/xiaozhuan,https://img.zdic.net/zy/xiaozhuan/27_8A0C.svg
2464,165,4,讫,1,1,0,正篆,卷.部首.頁：3上.言.53,讫說文‧言部,,是,glyphwiki,https://www.zdic.net/hans/讫/xiaozhuan,https://img.zdic.net/zy/xiaozhuan/27_8A16.svg
2465,165,5,讲,1,1,0,正篆,卷.部首.頁：3上.言.53,讲說文‧言部,,是,glyphwiki,https://www.zdic.net/hans/讲/xiaozhuan,https://img.zdic.net/zy/xiaozhuan/27_8B1B.svg
2466,165,6,讶,2,1,1,或體+正篆,卷.部首.頁：3上.言.53,讶說文‧言部 | 讶說文或體,,是,glyphwiki,https://www.zdic.net/hans/讶/xiaozhuan,https://img.zdic.net/zy/xiaozhuan/27_8A1D.svg;https://img.zdic.net/zy/xiaozhuan/27_8FD3.svg
2467,165,7,讷,1,1,0,正篆,卷.部首.頁：3上.言.54,讷說文‧言部,,是,glyphwiki,https://www.zdic.net/hans/讷/xiaozhuan,https://img.zdic.net/zy/xiaozhuan/27_8A25.svg
2468,165,8,讻,3,1,2,或體+正篆,卷.部首.頁：3上.言.56,讻說文‧言部 | 讻說文或體 | 讻說文或體,,是,glyphwiki,https://www.zdic.net/hans/讻/xiaozhuan,https://img.zdic.net/zy/xiaozhuan/27_E21D.svg;https://img.zdic.net/zy/xiaozhuan/27_E21E.svg;https://img.zdic.net/zy/xiaozhuan/27_E21F.svg
2469,165,9,讽,1,1,0,正篆,卷.部首.頁：3上.言.51,讽說文‧言部,,是,glyphwiki,https://www.zdic.net/hans/讽/xiaozhuan,https://img.zdic.net/zy/xiaozhuan/27_8AF7.svg
2470,165,10,诀,1,1,0,正篆,卷.部首.頁：3上.言.58,诀說文‧言部,,是,glyphwiki,https://www.zdic.net/hans/诀/xiaozhuan,https://img.zdic.net/zy/xiaozhuan/27_8A23.svg
2471,165,11,证,1,1,0,正篆,卷.部首.頁：3上.言.57,证說文‧言部,,是,glyphwiki,https://www.zdic.net/hans/证/xiaozhuan,https://img.zdic.net/zy/xiaozhuan/27_8B49.svg
2472,165,12,诉,3,1,2,或體+正篆,卷.部首.頁：3上.言.56,诉說文‧言部 | 诉說文或體 | 诉說文或體,,是,glyphwiki,https://www.zdic.net/hans/诉/xiaozhuan,https://img.zdic.net/zy/xiaozhuan/27_8A34.svg;https://img.zdic.net/zy/xiaozhuan/27_E222.svg;https://img.zdic.net/zy/xiaozhuan/27_612C.svg
2473,165,13,诔,1,1,0,正篆,卷.部首.頁：3上.言.57,诔說文‧言部,,是,glyphwiki,https://www.zdic.net/hans/诔/xiaozhuan,https://img.zdic.net/zy/xiaozhuan/27_8A84.svg
2474,165,14,诖,1,1,0,正篆,卷.部首.頁：3上.言.55、3上.言.56,诖說文‧言部,,是,glyphwiki,https://www.zdic.net/hans/诖/xiaozhuan,https://img.zdic.net/zy/xiaozhuan/27_8A7F.svg
2475,165,15,诜,1,1,0,正篆,卷.部首.頁：3上.言.51,诜說文‧言部,,是,glyphwiki,https://www.zdic.net/hans/诜/xiaozhuan,https://img.zdic.net/zy/xiaozhuan/27_8A75.svg
2476,166,1,诠,1,1,0,正篆,卷.部首.頁：3上.言.53,诠說文‧言部,,是,glyphwiki,https://www.zdic.net/hans/诠/xiaozhuan,https://img.zdic.net/zy/xiaozhuan/27_8A6E.svg
2477,166,2,诤,1,1,0,正篆,卷.部首.頁：3上.言.53,诤說文‧言部,,是,glyphwiki,https://www.zdic.net/hans/诤/xiaozhuan,https://img.zdic.net/zy/xiaozhuan/27_8ACD.svg
2478,166,3,该,1,1,0,正篆,卷.部首.頁：3上.言.57,该說文‧言部,,是,glyphwiki,https://www.zdic.net/hans/该/xiaozhuan,https://img.zdic.net/zy/xiaozhuan/27_8A72.svg
2479,166,4,详,1,1,0,正篆,卷.部首.頁：3上.言.52,详說文‧言部,,是,glyphwiki,https://www.zdic.net/hans/详/xiaozhuan,https://img.zdic.net/zy/xiaozhuan/27_8A73.svg
2480,166,5,诫,1,1,0,正篆,卷.部首.頁：3上.言.52,诫說文‧言部,,是,glyphwiki,https://www.zdic.net/hans/诫/xiaozhuan,https://img.zdic.net/zy/xiaozhuan/27_8AA1.svg
2481,166,6,诮,2,1,1,古文+正篆,卷.部首.頁：3上.言.57,诮說文‧言部 | 诮說文古文,,是,glyphwiki,https://www.zdic.net/hans/诮/xiaozhuan,https://img.zdic.net/zy/xiaozhuan/27_8B59.svg;https://img.zdic.net/zy/xiaozhuan/27_8A9A.svg
2482,166,7,诳,1,1,0,正篆,卷.部首.頁：3上.言.54,诳說文‧言部,,是,glyphwiki,https://www.zdic.net/hans/诳/xiaozhuan,https://img.zdic.net/zy/xiaozhuan/27_8A91.svg
2483,166,8,诵,1,1,0,正篆,卷.部首.頁：3上.言.51,诵說文‧言部,,是,glyphwiki,https://www.zdic.net/hans/诵/xiaozhuan,https://img.zdic.net/zy/xiaozhuan/27_8AA6.svg
2484,166,9,诹,1,1,0,正篆,卷.部首.頁：3上.言.52,诹說文‧言部,,是,glyphwiki,https://www.zdic.net/hans/诹/xiaozhuan,https://img.zdic.net/zy/xiaozhuan/27_8ACF.svg
2485,166,10,诽,1,1,0,正篆,卷.部首.頁：3上.言.54,诽說文‧言部,,是,glyphwiki,https://www.zdic.net/hans/诽/xiaozhuan,https://img.zdic.net/zy/xiaozhuan/27_8AB9.svg
2486,166,11,诿,1,1,0,正篆,卷.部首.頁：3上.言.53,诿說文‧言部,,是,glyphwiki,https://www.zdic.net/hans/诿/xiaozhuan,https://img.zdic.net/zy/xiaozhuan/27_8AC9.svg
2487,166,12,谀,1,1,0,正篆,卷.部首.頁：3上.言.54,谀說文‧言部,,是,glyphwiki,https://www.zdic.net/hans/谀/xiaozhuan,https://img.zdic.net/zy/xiaozhuan/27_8ADB.svg
2488,166,13,调,1,1,0,正篆,卷.部首.頁：3上.言.53,调說文‧言部,,是,glyphwiki,https://www.zdic.net/hans/调/xiaozhuan,https://img.zdic.net/zy/xiaozhuan/27_8ABF.svg
2489,166,14,谄,2,1,1,或體+正篆,卷.部首.頁：3上.言.54,谄說文‧言部 | 谄說文或體,,是,glyphwiki,https://www.zdic.net/hans/谄/xiaozhuan,https://img.zdic.net/zy/xiaozhuan/27_E1FC.svg;https://img.zdic.net/zy/xiaozhuan/27_8AC2.svg
2490,166,15,谆,1,1,0,正篆,卷.部首.頁：3上.言.51,谆說文‧言部,,是,glyphwiki,https://www.zdic.net/hans/谆/xiaozhuan,https://img.zdic.net/zy/xiaozhuan/27_8AC4.svg
2491,167,1,谊,1,1,0,正篆,卷.部首.頁：3上.言.53,谊說文‧言部,,是,glyphwiki,https://www.zdic.net/hans/谊/xiaozhuan,https://img.zdic.net/zy/xiaozhuan/27_8ABC.svg
2492,167,2,谑,1,1,0,正篆,卷.部首.頁：3上.言.55,谑說文‧言部,,是,glyphwiki,https://www.zdic.net/hans/谑/xiaozhuan,https://img.zdic.net/zy/xiaozhuan/27_8B14.svg
2493,167,3,谖,1,1,0,正篆,卷.部首.頁：3上.言.54,谖說文‧言部,,是,glyphwiki,https://www.zdic.net/hans/谖/xiaozhuan,https://img.zdic.net/zy/xiaozhuan/27_8AFC.svg
2494,167,4,谗,1,1,0,正篆,卷.部首.頁：3上.言.56,谗說文‧言部,,是,glyphwiki,https://www.zdic.net/hans/谗/xiaozhuan,https://img.zdic.net/zy/xiaozhuan/27_8B92.svg
2495,167,5,谛,1,1,0,正篆,卷.部首.頁：3上.言.52,谛說文‧言部,,是,glyphwiki,https://www.zdic.net/hans/谛/xiaozhuan,https://img.zdic.net/zy/xiaozhuan/27_8AE6.svg
2496,167,6,谝,1,1,0,正篆,卷.部首.頁：3上.言.55,谝說文‧言部,,是,glyphwiki,https://www.zdic.net/hans/谝/xiaozhuan,https://img.zdic.net/zy/xiaozhuan/27_8ADE.svg
2497,167,7,谞,1,1,0,正篆,卷.部首.頁：3上.言.52,谞說文‧言部,,是,glyphwiki,https://www.zdic.net/hans/谞/xiaozhuan,https://img.zdic.net/zy/xiaozhuan/27_8ADD.svg
2498,167,8,谠,1,1,0,正篆,卷.部首.頁：3上.言.57,谠說文‧言部,,是,glyphwiki,https://www.zdic.net/hans/谠/xiaozhuan,https://img.zdic.net/zy/xiaozhuan/27_8B9C.svg
2499,167,9,谢,1,1,0,正篆,卷.部首.頁：3上.言.53,谢說文‧言部,,是,glyphwiki,https://www.zdic.net/hans/谢/xiaozhuan,https://img.zdic.net/zy/xiaozhuan/27_8B1D.svg
2500,167,10,谥,1,1,0,正篆,卷.部首.頁：3上.言.57,谥說文‧言部,,是,glyphwiki,https://www.zdic.net/hans/谥/xiaozhuan,https://img.zdic.net/zy/xiaozhuan/27_8B1A.svg
2501,167,11,谩,1,1,0,正篆,卷.部首.頁：3上.言.54,谩說文‧言部,,是,glyphwiki,https://www.zdic.net/hans/谩/xiaozhuan,https://img.zdic.net/zy/xiaozhuan/27_8B3E.svg
2502,167,12,谪,1,1,0,正篆,卷.部首.頁：3上.言.56,谪說文‧言部,,是,glyphwiki,https://www.zdic.net/hans/谪/xiaozhuan,https://img.zdic.net/zy/xiaozhuan/27_8B2B.svg
2503,167,13,谬,1,1,0,正篆,卷.部首.頁：3上.言.56,谬說文‧言部,,是,glyphwiki,https://www.zdic.net/hans/谬/xiaozhuan,https://img.zdic.net/zy/xiaozhuan/27_8B2C.svg
2504,167,14,谱,1,1,0,正篆,卷.部首.頁：3上.言.57,谱說文‧言部,,是,glyphwiki,https://www.zdic.net/hans/谱/xiaozhuan,https://img.zdic.net/zy/xiaozhuan/27_8B5C.svg
2505,167,15,谶,1,1,0,正篆,卷.部首.頁：3上.言.51,谶說文‧言部,,是,glyphwiki,https://www.zdic.net/hans/谶/xiaozhuan,https://img.zdic.net/zy/xiaozhuan/27_8B96.svg
2506,168,1,谼,1,1,0,正篆,卷.部首.頁：11上.水.229,谼說文‧水部,,是,glyphwiki,https://www.zdic.net/hans/谼/xiaozhuan,https://img.zdic.net/zy/xiaozhuan/27_6D2A.svg
2507,168,2,豁,1,1,0,正篆,卷.部首.頁：11下.谷.240,豁說文‧谷部,,是,glyphwiki,https://www.zdic.net/hans/豁/xiaozhuan,https://img.zdic.net/zy/xiaozhuan/27_8C41.svg
2508,168,3,贡,1,1,0,正篆,卷.部首.頁：6下.貝.130,贡說文‧貝部,,是,glyphwiki,https://www.zdic.net/hans/贡/xiaozhuan,https://img.zdic.net/zy/xiaozhuan/27_8CA2.svg
2509,168,4,财,1,1,0,正篆,卷.部首.頁：6下.貝.130,财說文‧貝部,,是,glyphwiki,https://www.zdic.net/hans/财/xiaozhuan,https://img.zdic.net/zy/xiaozhuan/27_8CA1.svg
2510,168,5,贬,1,1,0,正篆,卷.部首.頁：6下.貝.131,贬說文‧貝部,,是,glyphwiki,https://www.zdic.net/hans/贬/xiaozhuan,https://img.zdic.net/zy/xiaozhuan/27_8CB6.svg
2511,168,6,贻,1,1,0,正篆,卷.部首.頁：6下.貝.131,贻說文‧貝部,,是,glyphwiki,https://www.zdic.net/hans/贻/xiaozhuan,https://img.zdic.net/zy/xiaozhuan/27_8CBD.svg
2512,168,7,贿,1,1,0,正篆,卷.部首.頁：6下.貝.130,贿說文‧貝部,,是,glyphwiki,https://www.zdic.net/hans/贿/xiaozhuan,https://img.zdic.net/zy/xiaozhuan/27_8CC4.svg
2513,168,8,赇,1,1,0,正篆,卷.部首.頁：6下.貝.131,赇說文‧貝部,,是,glyphwiki,https://www.zdic.net/hans/赇/xiaozhuan,https://img.zdic.net/zy/xiaozhuan/27_8CD5.svg
2514,168,9,赙,1,1,0,正篆,卷.部首.頁：6下.貝.131,赙說文‧貝部,,是,glyphwiki,https://www.zdic.net/hans/赙/xiaozhuan,https://img.zdic.net/zy/xiaozhuan/27_8CFB.svg
2515,168,10,赧,1,1,0,正篆,卷.部首.頁：10下.赤.213,赧說文‧赤部,,是,glyphwiki,https://www.zdic.net/hans/赧/xiaozhuan,https://img.zdic.net/zy/xiaozhuan/27_8D67.svg
2516,168,11,赪,3,1,2,或體+正篆,卷.部首.頁：10下.赤.213,赪說文‧赤部 | 赪說文或體 | 赪說文或體,,是,glyphwiki,https://www.zdic.net/hans/赪/xiaozhuan,https://img.zdic.net/zy/xiaozhuan/27_E8B1.svg;https://img.zdic.net/zy/xiaozhuan/27_8D6C.svg;https://img.zdic.net/zy/xiaozhuan/27_E8B2.svg
2517,168,12,赭,1,1,0,正篆,卷.部首.頁：10下.赤.213,赭說文‧赤部,,是,glyphwiki,https://www.zdic.net/hans/赭/xiaozhuan,https://img.zdic.net/zy/xiaozhuan/27_8D6D.svg
2518,168,13,赶,1,1,0,正篆,卷.部首.頁：2上.走.38,赶說文‧走部,,是,glyphwiki,https://www.zdic.net/hans/赶/xiaozhuan,https://img.zdic.net/zy/xiaozhuan/27_8D76.svg
2519,168,14,趁,1,1,0,正篆,卷.部首.頁：2上.走.36,趁說文‧走部,,是,glyphwiki,https://www.zdic.net/hans/趁/xiaozhuan,https://img.zdic.net/zy/xiaozhuan/27_8D81.svg
2520,168,15,超,1,1,0,正篆,卷.部首.頁：2上.走.36,超說文‧走部,,是,glyphwiki,https://www.zdic.net/hans/超/xiaozhuan,https://img.zdic.net/zy/xiaozhuan/27_8D85.svg
2521,169,1,趼,1,1,0,正篆,卷.部首.頁：2下.足.48,趼說文‧足部,,是,glyphwiki,https://www.zdic.net/hans/趼/xiaozhuan,https://img.zdic.net/zy/xiaozhuan/27_8DBC.svg
2522,169,2,趿,1,1,0,正篆,卷.部首.頁：2下.足.47,趿說文‧足部,,是,glyphwiki,https://www.zdic.net/hans/趿/xiaozhuan,https://img.zdic.net/zy/xiaozhuan/27_8DBF.svg
2523,169,3,跌,1,1,0,正篆,卷.部首.頁：2下.足.47,跌說文‧足部,,是,glyphwiki,https://www.zdic.net/hans/跌/xiaozhuan,https://img.zdic.net/zy/xiaozhuan/27_8DCC.svg
2524,169,4,跗,1,1,0,正篆,卷.部首.頁：6上.木.124,跗說文‧木部,,是,glyphwiki,https://www.zdic.net/hans/跗/xiaozhuan,https://img.zdic.net/zy/xiaozhuan/27_67CE.svg
2525,169,5,跟,2,1,1,或體+正篆,卷.部首.頁：2下.足.46,跟說文‧足部 | 跟說文或體,,是,glyphwiki,https://www.zdic.net/hans/跟/xiaozhuan,https://img.zdic.net/zy/xiaozhuan/27_8DDF.svg;https://img.zdic.net/zy/xiaozhuan/27_E1BC.svg
2526,169,6,跣,1,1,0,正篆,卷.部首.頁：2下.足.47,跣說文‧足部,,是,glyphwiki,https://www.zdic.net/hans/跣/xiaozhuan,https://img.zdic.net/zy/xiaozhuan/27_8DE3.svg
2527,169,7,跨,1,1,0,正篆,卷.部首.頁：2下.足.46,跨說文‧足部,,是,glyphwiki,https://www.zdic.net/hans/跨/xiaozhuan,https://img.zdic.net/zy/xiaozhuan/27_8DE8.svg
2528,169,8,跷,1,1,0,正篆,卷.部首.頁：2下.足.46,跷說文‧足部,,是,glyphwiki,https://www.zdic.net/hans/跷/xiaozhuan,https://img.zdic.net/zy/xiaozhuan/27_8E7B.svg
2529,169,9,跽,1,1,0,正篆,卷.部首.頁：2下.足.46,跽說文‧足部,,是,glyphwiki,https://www.zdic.net/hans/跽/xiaozhuan,https://img.zdic.net/zy/xiaozhuan/27_8DFD.svg
2530,169,10,踊,1,1,0,正篆,卷.部首.頁：2下.足.46,踊說文‧足部,,是,glyphwiki,https://www.zdic.net/hans/踊/xiaozhuan,https://img.zdic.net/zy/xiaozhuan/27_8E0A.svg
2531,169,11,踝,1,1,0,正篆,卷.部首.頁：2下.足.46,踝說文‧足部,,是,glyphwiki,https://www.zdic.net/hans/踝/xiaozhuan,https://img.zdic.net/zy/xiaozhuan/27_8E1D.svg
2532,169,12,踣,1,1,0,正篆,卷.部首.頁：2下.足.47,踣說文‧足部,,是,glyphwiki,https://www.zdic.net/hans/踣/xiaozhuan,https://img.zdic.net/zy/xiaozhuan/27_8E23.svg
2533,169,13,踬,1,1,0,正篆,卷.部首.頁：2下.足.47,踬說文‧足部,,是,glyphwiki,https://www.zdic.net/hans/踬/xiaozhuan,https://img.zdic.net/zy/xiaozhuan/27_8E93.svg
2534,169,14,踽,1,1,0,正篆,卷.部首.頁：2下.足.46,踽說文‧足部,,是,glyphwiki,https://www.zdic.net/hans/踽/xiaozhuan,https://img.zdic.net/zy/xiaozhuan/27_8E3D.svg
2535,169,15,蹁,1,1,0,正篆,卷.部首.頁：2下.足.47,蹁說文‧足部,,是,glyphwiki,https://www.zdic.net/hans/蹁/xiaozhuan,https://img.zdic.net/zy/xiaozhuan/27_8E41.svg
2536,170,1,蹋,1,1,0,正篆,卷.部首.頁：2下.足.46,蹋說文‧足部,,是,glyphwiki,https://www.zdic.net/hans/蹋/xiaozhuan,https://img.zdic.net/zy/xiaozhuan/27_8E4B.svg
2537,170,2,蹐,1,1,0,正篆,卷.部首.頁：2下.足.47,蹐說文‧足部,,是,glyphwiki,https://www.zdic.net/hans/蹐/xiaozhuan,https://img.zdic.net/zy/xiaozhuan/27_8E50.svg
2538,170,3,蹑,1,1,0,正篆,卷.部首.頁：2下.足.46,蹑說文‧足部,,是,glyphwiki,https://www.zdic.net/hans/蹑/xiaozhuan,https://img.zdic.net/zy/xiaozhuan/27_8EA1.svg
2539,170,4,蹙,1,1,0,正篆,卷.部首.頁：2下.足.48,蹙說文‧足部,,是,glyphwiki,https://www.zdic.net/hans/蹙/xiaozhuan,https://img.zdic.net/zy/xiaozhuan/27_8E59.svg
2540,170,5,蹩,1,1,0,正篆,卷.部首.頁：2下.足.46,蹩說文‧足部,,是,glyphwiki,https://www.zdic.net/hans/蹩/xiaozhuan,https://img.zdic.net/zy/xiaozhuan/27_8E69.svg
2541,170,6,蹲,1,1,0,正篆,卷.部首.頁：2下.足.47,蹲說文‧足部,,是,glyphwiki,https://www.zdic.net/hans/蹲/xiaozhuan,https://img.zdic.net/zy/xiaozhuan/27_8E72.svg
2542,170,7,蹶,2,1,1,或體+正篆,卷.部首.頁：2下.足.47,蹶說文‧足部 | 蹶說文或體,,是,glyphwiki,https://www.zdic.net/hans/蹶/xiaozhuan,https://img.zdic.net/zy/xiaozhuan/27_8E76.svg;https://img.zdic.net/zy/xiaozhuan/27_E1C1.svg
2543,170,8,躁,1,1,0,正篆,卷.部首.頁：10下.心.222,躁說文‧心部,,是,glyphwiki,https://www.zdic.net/hans/躁/xiaozhuan,https://img.zdic.net/zy/xiaozhuan/27_61C6.svg
2544,170,9,躔,1,1,0,正篆,卷.部首.頁：2下.足.46,躔說文‧足部,,是,glyphwiki,https://www.zdic.net/hans/躔/xiaozhuan,https://img.zdic.net/zy/xiaozhuan/27_8E94.svg
2545,170,10,躬,2,1,1,或體+正篆,卷.部首.頁：7下.呂.152,躬說文‧呂部 | 躬說文或體,,是,glyphwiki,https://www.zdic.net/hans/躬/xiaozhuan,https://img.zdic.net/zy/xiaozhuan/27_F4BB.svg;https://img.zdic.net/zy/xiaozhuan/27_8EAC.svg
2546,170,11,轲,1,1,0,正篆,卷.部首.頁：14上.車.303,轲說文‧車部,,是,glyphwiki,https://www.zdic.net/hans/轲/xiaozhuan,https://img.zdic.net/zy/xiaozhuan/27_8EFB.svg
2547,170,12,轴,1,1,0,正篆,卷.部首.頁：14上.車.301,轴說文‧車部,,是,glyphwiki,https://www.zdic.net/hans/轴/xiaozhuan,https://img.zdic.net/zy/xiaozhuan/27_8EF8.svg
2548,170,13,轵,1,1,0,正篆,卷.部首.頁：14上.車.302,轵說文‧車部,,是,glyphwiki,https://www.zdic.net/hans/轵/xiaozhuan,https://img.zdic.net/zy/xiaozhuan/27_8EF9.svg
2549,170,14,轶,1,1,0,正篆,卷.部首.頁：14上.車.303,轶說文‧車部,,是,glyphwiki,https://www.zdic.net/hans/轶/xiaozhuan,https://img.zdic.net/zy/xiaozhuan/27_8EFC.svg
2550,170,15,轺,1,1,0,正篆,卷.部首.頁：14上.車.301,轺說文‧車部,,是,glyphwiki,https://www.zdic.net/hans/轺/xiaozhuan,https://img.zdic.net/zy/xiaozhuan/27_8EFA.svg
2551,171,1,轼,1,1,0,正篆,卷.部首.頁：14上.車.301,轼說文‧車部,,是,glyphwiki,https://www.zdic.net/hans/轼/xiaozhuan,https://img.zdic.net/zy/xiaozhuan/27_8EFE.svg
2552,171,2,辁,1,1,0,正篆,卷.部首.頁：14上.車.303,辁說文‧車部,,是,glyphwiki,https://www.zdic.net/hans/辁/xiaozhuan,https://img.zdic.net/zy/xiaozhuan/27_8F07.svg
2553,171,3,辈,1,1,0,正篆,卷.部首.頁：14上.車.302,辈說文‧車部,,是,glyphwiki,https://www.zdic.net/hans/辈/xiaozhuan,https://img.zdic.net/zy/xiaozhuan/27_8F29.svg
2554,171,4,辊,1,1,0,正篆,卷.部首.頁：14上.車.302,辊說文‧車部,,是,glyphwiki,https://www.zdic.net/hans/辊/xiaozhuan,https://img.zdic.net/zy/xiaozhuan/27_8F25.svg
2555,171,5,辌,1,1,0,正篆,卷.部首.頁：14上.車.301,辌說文‧車部,,是,glyphwiki,https://www.zdic.net/hans/辌/xiaozhuan,https://img.zdic.net/zy/xiaozhuan/27_8F2C.svg
2556,171,6,辍,1,1,0,正篆,卷.部首.頁：7下.网.157、14上.車.303,辍說文‧車部,,是,glyphwiki,https://www.zdic.net/hans/辍/xiaozhuan,https://img.zdic.net/zy/xiaozhuan/27_8F1F.svg
2557,171,7,辎,1,1,0,正篆,卷.部首.頁：14上.車.301,辎說文‧車部,,是,glyphwiki,https://www.zdic.net/hans/辎/xiaozhuan,https://img.zdic.net/zy/xiaozhuan/27_8F1C.svg
2558,171,8,辑,1,1,0,正篆,卷.部首.頁：14上.車.301,辑說文‧車部,,是,glyphwiki,https://www.zdic.net/hans/辑/xiaozhuan,https://img.zdic.net/zy/xiaozhuan/27_8F2F.svg
2559,171,9,辒,1,1,0,正篆,卷.部首.頁：14上.車.301,辒說文‧車部,,是,glyphwiki,https://www.zdic.net/hans/辒/xiaozhuan,https://img.zdic.net/zy/xiaozhuan/27_8F40.svg
2560,171,10,辙,1,1,0,正篆,卷.部首.頁：14上.車.303,辙說文‧車部,,是,glyphwiki,https://www.zdic.net/hans/辙/xiaozhuan,https://img.zdic.net/zy/xiaozhuan/27_8F4D.svg
2561,171,11,辚,1,1,0,正篆,卷.部首.頁：14上.車.303,辚說文‧車部,,是,glyphwiki,https://www.zdic.net/hans/辚/xiaozhuan,https://img.zdic.net/zy/xiaozhuan/27_8F54.svg
2562,171,12,迢,1,1,0,正篆,卷.部首.頁：2下.辵.42,迢說文‧辵部,,是,glyphwiki,https://www.zdic.net/hans/迢/xiaozhuan,https://img.zdic.net/zy/xiaozhuan/27_8FE2.svg
2563,171,13,迫,1,1,0,正篆,卷.部首.頁：2下.辵.41,迫說文‧辵部,,是,glyphwiki,https://www.zdic.net/hans/迫/xiaozhuan,https://img.zdic.net/zy/xiaozhuan/27_8FEB.svg
2564,171,14,迭,1,1,0,正篆,卷.部首.頁：2下.辵.41,迭說文‧辵部,,是,glyphwiki,https://www.zdic.net/hans/迭/xiaozhuan,https://img.zdic.net/zy/xiaozhuan/27_8FED.svg
2565,171,15,迸,1,1,0,正篆,卷.部首.頁：2下.辵.42,迸說文‧辵部,,是,glyphwiki,https://www.zdic.net/hans/迸/xiaozhuan,https://img.zdic.net/zy/xiaozhuan/27_8FF8.svg
2566,172,1,逅,1,1,0,正篆,卷.部首.頁：2下.辵.42,逅說文‧辵部,,是,glyphwiki,https://www.zdic.net/hans/逅/xiaozhuan,https://img.zdic.net/zy/xiaozhuan/27_9005.svg
2567,172,2,逖,2,1,1,古文+正篆,卷.部首.頁：2下.辵.42,逖說文‧辵部 | 逖說文古文,,是,glyphwiki,https://www.zdic.net/hans/逖/xiaozhuan,https://img.zdic.net/zy/xiaozhuan/27_9016.svg;https://img.zdic.net/zy/xiaozhuan/27_E186.svg
2568,172,3,逭,2,1,1,或體+正篆,卷.部首.頁：2下.辵.41,逭說文‧辵部 | 逭說文或體,,是,glyphwiki,https://www.zdic.net/hans/逭/xiaozhuan,https://img.zdic.net/zy/xiaozhuan/27_902D.svg;https://img.zdic.net/zy/xiaozhuan/27_E177.svg
2569,172,4,逻,1,1,0,正篆,卷.部首.頁：2下.辵.42,逻說文‧辵部,,是,glyphwiki,https://www.zdic.net/hans/逻/xiaozhuan,https://img.zdic.net/zy/xiaozhuan/27_908F.svg
2570,172,5,遁,1,1,0,正篆,卷.部首.頁：2下.辵.40,遁說文‧辵部,,是,glyphwiki,https://www.zdic.net/hans/遁/xiaozhuan,https://img.zdic.net/zy/xiaozhuan/27_9041.svg
2571,172,6,遑,1,1,0,正篆,卷.部首.頁：2下.辵.42,遑說文‧辵部,,是,glyphwiki,https://www.zdic.net/hans/遑/xiaozhuan,https://img.zdic.net/zy/xiaozhuan/27_9051.svg
2572,172,7,遒,2,1,1,或體+正篆,卷.部首.頁：2下.辵.41,遒說文‧辵部 | 遒說文或體,,是,glyphwiki,https://www.zdic.net/hans/遒/xiaozhuan,https://img.zdic.net/zy/xiaozhuan/27_E17A.svg;https://img.zdic.net/zy/xiaozhuan/27_9052.svg
2573,172,8,遥,1,1,0,正篆,卷.部首.頁：2下.辵.42,遥說文‧辵部,,是,glyphwiki,https://www.zdic.net/hans/遥/xiaozhuan,https://img.zdic.net/zy/xiaozhuan/27_9059.svg
2574,172,9,遨,1,1,0,正篆,卷.部首.頁：8上.人.163,遨說文‧人部,,是,glyphwiki,https://www.zdic.net/hans/遨/xiaozhuan,https://img.zdic.net/zy/xiaozhuan/27_50B2.svg
2575,172,10,遴,2,1,1,或體+正篆,卷.部首.頁：2下.辵.41,遴說文‧辵部 | 遴說文或體,,是,glyphwiki,https://www.zdic.net/hans/遴/xiaozhuan,https://img.zdic.net/zy/xiaozhuan/27_9074.svg;https://img.zdic.net/zy/xiaozhuan/27_50EF.svg
2576,172,11,遵,1,1,0,正篆,卷.部首.頁：2下.辵.39,遵說文‧辵部,,是,glyphwiki,https://www.zdic.net/hans/遵/xiaozhuan,https://img.zdic.net/zy/xiaozhuan/27_9075.svg
2577,172,12,邂,1,1,0,正篆,卷.部首.頁：2下.辵.42,邂說文‧辵部,,是,glyphwiki,https://www.zdic.net/hans/邂/xiaozhuan,https://img.zdic.net/zy/xiaozhuan/27_9082.svg
2578,172,13,邃,1,1,0,正篆,卷.部首.頁：7下.穴.153,邃說文‧穴部,,是,glyphwiki,https://www.zdic.net/hans/邃/xiaozhuan,https://img.zdic.net/zy/xiaozhuan/27_9083.svg
2579,172,14,邈,3,1,2,或體+正篆+籀文,卷.部首.頁：8下.皃.177,邈說文‧皃部 | 邈說文或體 | 邈說文籀文,,是,glyphwiki,https://www.zdic.net/hans/邈/xiaozhuan,https://img.zdic.net/zy/xiaozhuan/27_F655.svg;https://img.zdic.net/zy/xiaozhuan/27_F09B.svg;https://img.zdic.net/zy/xiaozhuan/27_8C8C.svg
2580,172,15,邢,1,1,0,正篆,卷.部首.頁：6下.邑.133,邢說文‧邑部,,是,glyphwiki,https://www.zdic.net/hans/邢/xiaozhuan,https://img.zdic.net/zy/xiaozhuan/27_90A2.svg
2581,173,1,郅,1,1,0,正篆,卷.部首.頁：6下.邑.133,郅說文‧邑部,,是,glyphwiki,https://www.zdic.net/hans/郅/xiaozhuan,https://img.zdic.net/zy/xiaozhuan/27_90C5.svg
2582,173,2,郈,1,1,0,正篆,卷.部首.頁：6下.邑.135,郈說文‧邑部,,是,glyphwiki,https://www.zdic.net/hans/郈/xiaozhuan,https://img.zdic.net/zy/xiaozhuan/27_90C8.svg
2583,173,3,郏,1,1,0,正篆,卷.部首.頁：6下.邑.134,郏說文‧邑部,,是,glyphwiki,https://www.zdic.net/hans/郏/xiaozhuan,https://img.zdic.net/zy/xiaozhuan/27_90DF.svg
2584,173,4,郗,1,1,0,正篆,卷.部首.頁：6下.邑.133,郗說文‧邑部,,是,glyphwiki,https://www.zdic.net/hans/郗/xiaozhuan,https://img.zdic.net/zy/xiaozhuan/27_90D7.svg
2585,173,5,郝,1,1,0,正篆,卷.部首.頁：6下.邑.132,郝說文‧邑部,,是,glyphwiki,https://www.zdic.net/hans/郝/xiaozhuan,https://img.zdic.net/zy/xiaozhuan/27_90DD.svg
2586,173,6,郦,1,1,0,正篆,卷.部首.頁：6下.邑.136,郦說文‧邑部,,是,glyphwiki,https://www.zdic.net/hans/郦/xiaozhuan,https://img.zdic.net/zy/xiaozhuan/27_9148.svg
2587,173,7,鄄,1,1,0,正篆,卷.部首.頁：6下.邑.135,鄄說文‧邑部,,是,glyphwiki,https://www.zdic.net/hans/鄄/xiaozhuan,https://img.zdic.net/zy/xiaozhuan/27_9104.svg
2588,173,8,鄅,1,1,0,正篆,卷.部首.頁：6下.邑.135,鄅說文‧邑部,,是,glyphwiki,https://www.zdic.net/hans/鄅/xiaozhuan,https://img.zdic.net/zy/xiaozhuan/27_9105.svg
2589,173,9,鄑,1,1,0,正篆,卷.部首.頁：6下.邑.135,鄑說文‧邑部,,是,glyphwiki,https://www.zdic.net/hans/鄑/xiaozhuan,https://img.zdic.net/zy/xiaozhuan/27_9111.svg
2590,173,10,酂,1,1,0,正篆,卷.部首.頁：6下.邑.131,酂說文‧邑部,,是,glyphwiki,https://www.zdic.net/hans/酂/xiaozhuan,https://img.zdic.net/zy/xiaozhuan/27_9147.svg
2591,173,11,酃,1,1,0,正篆,卷.部首.頁：6下.邑.134,酃說文‧邑部,,是,glyphwiki,https://www.zdic.net/hans/酃/xiaozhuan,https://img.zdic.net/zy/xiaozhuan/27_9143.svg
2592,173,12,酏,1,1,0,正篆,卷.部首.頁：14下.酉.313,酏說文‧酉部,,是,glyphwiki,https://www.zdic.net/hans/酏/xiaozhuan,https://img.zdic.net/zy/xiaozhuan/27_914F.svg
2593,173,13,酝,1,1,0,正篆,卷.部首.頁：14下.酉.311,酝說文‧酉部,,是,glyphwiki,https://www.zdic.net/hans/酝/xiaozhuan,https://img.zdic.net/zy/xiaozhuan/27_919E.svg
2594,173,14,酩,1,1,0,正篆,卷.部首.頁：14下.酉.313,酩說文‧酉部,,是,glyphwiki,https://www.zdic.net/hans/酩/xiaozhuan,https://img.zdic.net/zy/xiaozhuan/27_9169.svg
2595,173,15,酲,1,1,0,正篆,卷.部首.頁：14下.酉.313,酲說文‧酉部,,是,glyphwiki,https://www.zdic.net/hans/酲/xiaozhuan,https://img.zdic.net/zy/xiaozhuan/27_9172.svg
2596,174,1,酹,1,1,0,正篆,卷.部首.頁：14下.酉.313,酹說文‧酉部,,是,glyphwiki,https://www.zdic.net/hans/酹/xiaozhuan,https://img.zdic.net/zy/xiaozhuan/27_9179.svg
2597,174,2,酾,1,1,0,正篆,卷.部首.頁：14下.酉.312,酾說文‧酉部,,是,glyphwiki,https://www.zdic.net/hans/酾/xiaozhuan,https://img.zdic.net/zy/xiaozhuan/27_91C3.svg
2598,174,3,酿,1,1,0,正篆,卷.部首.頁：14下.酉.311,酿說文‧酉部,,是,glyphwiki,https://www.zdic.net/hans/酿/xiaozhuan,https://img.zdic.net/zy/xiaozhuan/27_91C0.svg
2599,174,4,醅,1,1,0,正篆,卷.部首.頁：14下.酉.312,醅說文‧酉部,,是,glyphwiki,https://www.zdic.net/hans/醅/xiaozhuan,https://img.zdic.net/zy/xiaozhuan/27_9185.svg
2600,174,5,醇,1,1,0,正篆,卷.部首.頁：14下.酉.312,醇說文‧酉部,,是,glyphwiki,https://www.zdic.net/hans/醇/xiaozhuan,https://img.zdic.net/zy/xiaozhuan/27_9187.svg
2601,174,6,醋,1,1,0,正篆,卷.部首.頁：14下.酉.312,醋說文‧酉部,,是,glyphwiki,https://www.zdic.net/hans/醋/xiaozhuan,https://img.zdic.net/zy/xiaozhuan/27_918B.svg
2602,174,7,醍,1,1,0,正篆,卷.部首.頁：14下.酉.313,醍說文‧酉部,,是,glyphwiki,https://www.zdic.net/hans/醍/xiaozhuan,https://img.zdic.net/zy/xiaozhuan/27_918D.svg
2603,174,8,醐,1,1,0,正篆,卷.部首.頁：14下.酉.313,醐說文‧酉部,,是,glyphwiki,https://www.zdic.net/hans/醐/xiaozhuan,https://img.zdic.net/zy/xiaozhuan/27_9190.svg
2604,174,9,醒,1,1,0,正篆,卷.部首.頁：14下.酉.313,醒說文‧酉部,,是,glyphwiki,https://www.zdic.net/hans/醒/xiaozhuan,https://img.zdic.net/zy/xiaozhuan/27_9192.svg
2605,174,10,醨,1,1,0,正篆,卷.部首.頁：14下.酉.313,醨說文‧酉部,,是,glyphwiki,https://www.zdic.net/hans/醨/xiaozhuan,https://img.zdic.net/zy/xiaozhuan/27_91A8.svg
2606,174,11,醪,1,1,0,正篆,卷.部首.頁：14下.酉.312,醪說文‧酉部,,是,glyphwiki,https://www.zdic.net/hans/醪/xiaozhuan,https://img.zdic.net/zy/xiaozhuan/27_91AA.svg
2607,174,12,醮,2,1,1,或體+正篆,卷.部首.頁：14下.酉.312,醮說文‧酉部 | 醮說文或體,,是,glyphwiki,https://www.zdic.net/hans/醮/xiaozhuan,https://img.zdic.net/zy/xiaozhuan/27_91AE.svg;https://img.zdic.net/zy/xiaozhuan/27_EC38.svg
2608,174,13,醵,2,1,1,或體+正篆,卷.部首.頁：14下.酉.312,醵說文‧酉部 | 醵說文或體,,是,glyphwiki,https://www.zdic.net/hans/醵/xiaozhuan,https://img.zdic.net/zy/xiaozhuan/27_91B5.svg;https://img.zdic.net/zy/xiaozhuan/27_EC3D.svg
2609,174,14,醺,1,1,0,正篆,卷.部首.頁：14下.酉.312,醺說文‧酉部,,是,glyphwiki,https://www.zdic.net/hans/醺/xiaozhuan,https://img.zdic.net/zy/xiaozhuan/27_91BA.svg
2610,174,15,銎,1,1,0,正篆,卷.部首.頁：14上.金.295,銎說文‧金部,,是,glyphwiki,https://www.zdic.net/hans/銎/xiaozhuan,https://img.zdic.net/zy/xiaozhuan/27_928E.svg
2611,175,1,錾,1,1,0,正篆,卷.部首.頁：14上.金.295,錾說文‧金部,,是,glyphwiki,https://www.zdic.net/hans/錾/xiaozhuan,https://img.zdic.net/zy/xiaozhuan/27_93E8.svg
2612,175,2,鍪,1,1,0,正篆,卷.部首.頁：14上.金.294,鍪說文‧金部,,是,glyphwiki,https://www.zdic.net/hans/鍪/xiaozhuan,https://img.zdic.net/zy/xiaozhuan/27_936A.svg
2613,175,3,钏,1,1,0,正篆,卷.部首.頁：14上.金.299,钏說文‧金部,,是,glyphwiki,https://www.zdic.net/hans/钏/xiaozhuan,https://img.zdic.net/zy/xiaozhuan/27_91E7.svg
2614,175,4,钗,1,1,0,正篆,卷.部首.頁：14上.金.299,钗說文‧金部,,是,glyphwiki,https://www.zdic.net/hans/钗/xiaozhuan,https://img.zdic.net/zy/xiaozhuan/27_91F5.svg
2615,175,5,钜,1,1,0,正篆,卷.部首.頁：14上.金.298,钜說文‧金部,,是,glyphwiki,https://www.zdic.net/hans/钜/xiaozhuan,https://img.zdic.net/zy/xiaozhuan/27_9245.svg
2616,175,6,钫,1,1,0,正篆,卷.部首.頁：14上.金.297,钫說文‧金部,,是,glyphwiki,https://www.zdic.net/hans/钫/xiaozhuan,https://img.zdic.net/zy/xiaozhuan/27_9201.svg
2617,175,7,钯,1,1,0,正篆,卷.部首.頁：14上.金.296,钯說文‧金部,,是,glyphwiki,https://www.zdic.net/hans/钯/xiaozhuan,https://img.zdic.net/zy/xiaozhuan/27_9200.svg
2618,175,8,钿,1,1,0,正篆,卷.部首.頁：14上.金.299,钿說文‧金部,,是,glyphwiki,https://www.zdic.net/hans/钿/xiaozhuan,https://img.zdic.net/zy/xiaozhuan/27_923F.svg
2619,175,9,铄,1,1,0,正篆,卷.部首.頁：14上.金.294,铄說文‧金部,,是,glyphwiki,https://www.zdic.net/hans/铄/xiaozhuan,https://img.zdic.net/zy/xiaozhuan/27_9460.svg
2620,175,10,铅,1,1,0,正篆,卷.部首.頁：14上.金.293,铅說文‧金部,,是,glyphwiki,https://www.zdic.net/hans/铅/xiaozhuan,https://img.zdic.net/zy/xiaozhuan/27_925B.svg
2621,175,11,铏,1,1,0,正篆,卷.部首.頁：14上.金.294,铏說文‧金部,,是,glyphwiki,https://www.zdic.net/hans/铏/xiaozhuan,https://img.zdic.net/zy/xiaozhuan/27_9276.svg
2622,175,12,铢,1,1,0,正篆,卷.部首.頁：14上.金.296,铢說文‧金部,,是,glyphwiki,https://www.zdic.net/hans/铢/xiaozhuan,https://img.zdic.net/zy/xiaozhuan/27_9296.svg
2623,175,13,铣,1,1,0,正篆,卷.部首.頁：14上.金.294,铣說文‧金部,,是,glyphwiki,https://www.zdic.net/hans/铣/xiaozhuan,https://img.zdic.net/zy/xiaozhuan/27_9291.svg
2624,175,14,铤,1,1,0,正篆,卷.部首.頁：14上.金.294,铤說文‧金部,,是,glyphwiki,https://www.zdic.net/hans/铤/xiaozhuan,https://img.zdic.net/zy/xiaozhuan/27_92CC.svg
2625,175,15,铨,1,1,0,正篆,卷.部首.頁：14上.金.296,铨說文‧金部,,是,glyphwiki,https://www.zdic.net/hans/铨/xiaozhuan,https://img.zdic.net/zy/xiaozhuan/27_9293.svg
2626,176,1,铩,1,1,0,正篆,卷.部首.頁：14上.金.295,铩說文‧金部,,是,glyphwiki,https://www.zdic.net/hans/铩/xiaozhuan,https://img.zdic.net/zy/xiaozhuan/27_93A9.svg
2627,176,2,铮,1,1,0,正篆,卷.部首.頁：14上.金.297,铮說文‧金部,,是,glyphwiki,https://www.zdic.net/hans/铮/xiaozhuan,https://img.zdic.net/zy/xiaozhuan/27_931A.svg
2628,176,3,铲,1,1,0,正篆,卷.部首.頁：14上.金.295,铲說文‧金部,,是,glyphwiki,https://www.zdic.net/hans/铲/xiaozhuan,https://img.zdic.net/zy/xiaozhuan/27_93DF.svg
2629,176,4,铻,2,1,1,或體+正篆,卷.部首.頁：14上.金.295,铻說文‧金部 | 铻說文或體,,是,glyphwiki,https://www.zdic.net/hans/铻/xiaozhuan,https://img.zdic.net/zy/xiaozhuan/27_EBAC.svg;https://img.zdic.net/zy/xiaozhuan/27_92D9.svg
2630,176,5,链,1,1,0,正篆,卷.部首.頁：14上.金.293,链說文‧金部,,是,glyphwiki,https://www.zdic.net/hans/链/xiaozhuan,https://img.zdic.net/zy/xiaozhuan/27_93C8.svg
2631,176,6,锁,1,1,0,正篆,卷.部首.頁：14上.金.299,锁說文‧金部,,是,glyphwiki,https://www.zdic.net/hans/锁/xiaozhuan,https://img.zdic.net/zy/xiaozhuan/27_9396.svg
2632,176,7,锋,1,1,0,正篆,卷.部首.頁：14上.金.297,锋說文‧金部,,是,glyphwiki,https://www.zdic.net/hans/锋/xiaozhuan,https://img.zdic.net/zy/xiaozhuan/27_92D2.svg
2633,176,8,锏,1,1,0,正篆,卷.部首.頁：14上.金.297,锏說文‧金部,,是,glyphwiki,https://www.zdic.net/hans/锏/xiaozhuan,https://img.zdic.net/zy/xiaozhuan/27_EBBA.svg
2634,176,9,锐,2,1,1,正篆+籀文,卷.部首.頁：14上.金.296,锐說文‧金部 | 锐說文籀文,,是,glyphwiki,https://www.zdic.net/hans/锐/xiaozhuan,https://img.zdic.net/zy/xiaozhuan/27_92B3.svg;https://img.zdic.net/zy/xiaozhuan/27_F4B1.svg
2635,176,10,锭,1,1,0,正篆,卷.部首.頁：14上.金.295,锭說文‧金部,,是,glyphwiki,https://www.zdic.net/hans/锭/xiaozhuan,https://img.zdic.net/zy/xiaozhuan/27_9320.svg
2636,176,11,键,1,1,0,正篆,卷.部首.頁：14上.金.295,键說文‧金部,,是,glyphwiki,https://www.zdic.net/hans/键/xiaozhuan,https://img.zdic.net/zy/xiaozhuan/27_9375.svg
2637,176,12,锱,1,1,0,正篆,卷.部首.頁：14上.金.296,锱說文‧金部,,是,glyphwiki,https://www.zdic.net/hans/锱/xiaozhuan,https://img.zdic.net/zy/xiaozhuan/27_9319.svg
2638,176,13,锲,1,1,0,正篆,卷.部首.頁：14上.金.296,锲說文‧金部,,是,glyphwiki,https://www.zdic.net/hans/锲/xiaozhuan,https://img.zdic.net/zy/xiaozhuan/27_9365.svg
2639,176,14,锴,1,1,0,正篆,卷.部首.頁：14上.金.293,锴說文‧金部,,是,glyphwiki,https://www.zdic.net/hans/锴/xiaozhuan,https://img.zdic.net/zy/xiaozhuan/27_9347.svg
2640,176,15,锸,1,1,0,正篆,卷.部首.頁：14上.金.295,锸說文‧金部,,是,glyphwiki,https://www.zdic.net/hans/锸/xiaozhuan,https://img.zdic.net/zy/xiaozhuan/27_9364.svg
2641,177,1,锻,1,1,0,正篆,卷.部首.頁：14上.金.294,锻說文‧金部,,是,glyphwiki,https://www.zdic.net/hans/锻/xiaozhuan,https://img.zdic.net/zy/xiaozhuan/27_935B.svg
2642,177,2,锽,1,1,0,正篆,卷.部首.頁：14上.金.297,锽說文‧金部,,是,glyphwiki,https://www.zdic.net/hans/锽/xiaozhuan,https://img.zdic.net/zy/xiaozhuan/27_9360.svg
2643,177,3,锾,1,1,0,正篆,卷.部首.頁：14上.金.296,锾說文‧金部,,是,glyphwiki,https://www.zdic.net/hans/锾/xiaozhuan,https://img.zdic.net/zy/xiaozhuan/27_9370.svg
2644,177,4,镃,2,1,1,或體+正篆,卷.部首.頁：7上.鼎.143,镃說文‧鼎部 | 镃說文或體,,是,glyphwiki,https://www.zdic.net/hans/镃/xiaozhuan,https://img.zdic.net/zy/xiaozhuan/27_9F12.svg;https://img.zdic.net/zy/xiaozhuan/27_93A1.svg
2645,177,5,镌,1,1,0,正篆,卷.部首.頁：14上.金.295,镌說文‧金部,,是,glyphwiki,https://www.zdic.net/hans/镌/xiaozhuan,https://img.zdic.net/zy/xiaozhuan/27_942B.svg
2646,177,6,镏,1,1,0,正篆,卷.部首.頁：14上.金.298,镏說文‧金部,,是,glyphwiki,https://www.zdic.net/hans/镏/xiaozhuan,https://img.zdic.net/zy/xiaozhuan/27_93A6.svg
2647,177,7,镕,1,1,0,正篆,卷.部首.頁：14上.金.294,镕說文‧金部,,是,glyphwiki,https://www.zdic.net/hans/镕/xiaozhuan,https://img.zdic.net/zy/xiaozhuan/27_9394.svg
2648,177,8,镖,1,1,0,正篆,卷.部首.頁：14上.金.297,镖說文‧金部,,是,glyphwiki,https://www.zdic.net/hans/镖/xiaozhuan,https://img.zdic.net/zy/xiaozhuan/27_93E2.svg
2649,177,9,镗,1,1,0,正篆,卷.部首.頁：14上.金.297,镗說文‧金部,,是,glyphwiki,https://www.zdic.net/hans/镗/xiaozhuan,https://img.zdic.net/zy/xiaozhuan/27_93DC.svg
2650,177,10,镘,1,1,0,正篆,卷.部首.頁：14上.金.296、6上.木.121,镘說文‧金部,镘說文或體,是,glyphwiki,https://www.zdic.net/hans/镘/xiaozhuan,https://img.zdic.net/zy/xiaozhuan/27_93DD.svg
2651,177,11,镛,1,1,0,正篆,卷.部首.頁：14上.金.297,镛說文‧金部,,是,glyphwiki,https://www.zdic.net/hans/镛/xiaozhuan,https://img.zdic.net/zy/xiaozhuan/27_93DE.svg
2652,177,12,镝,1,1,0,正篆,卷.部首.頁：14上.金.297,镝說文‧金部,,是,glyphwiki,https://www.zdic.net/hans/镝/xiaozhuan,https://img.zdic.net/zy/xiaozhuan/27_93D1.svg
2653,177,13,镞,1,1,0,正篆,卷.部首.頁：14上.金.298,镞說文‧金部,,是,glyphwiki,https://www.zdic.net/hans/镞/xiaozhuan,https://img.zdic.net/zy/xiaozhuan/27_93C3.svg
2654,177,14,镢,1,1,0,正篆,卷.部首.頁：14上.金.296,镢說文‧金部,,是,glyphwiki,https://www.zdic.net/hans/镢/xiaozhuan,https://img.zdic.net/zy/xiaozhuan/27_9481.svg
2655,177,15,镣,1,1,0,正篆,卷.部首.頁：14上.金.293,镣說文‧金部,,是,glyphwiki,https://www.zdic.net/hans/镣/xiaozhuan,https://img.zdic.net/zy/xiaozhuan/27_9410.svg
2656,178,1,镫,1,1,0,正篆,卷.部首.頁：14上.金.295,镫說文‧金部,,是,glyphwiki,https://www.zdic.net/hans/镫/xiaozhuan,https://img.zdic.net/zy/xiaozhuan/27_9419.svg
2657,178,2,镯,1,1,0,正篆,卷.部首.頁：14上.金.296,镯說文‧金部,,是,glyphwiki,https://www.zdic.net/hans/镯/xiaozhuan,https://img.zdic.net/zy/xiaozhuan/27_9432.svg
2658,178,3,镳,2,1,1,或體+正篆,卷.部首.頁：14上.金.298,镳說文‧金部 | 镳說文或體,,是,glyphwiki,https://www.zdic.net/hans/镳/xiaozhuan,https://img.zdic.net/zy/xiaozhuan/27_9463.svg;https://img.zdic.net/zy/xiaozhuan/27_EBBB.svg
2659,178,4,镶,1,1,0,正篆,卷.部首.頁：14上.金.294,镶說文‧金部,,是,glyphwiki,https://www.zdic.net/hans/镶/xiaozhuan,https://img.zdic.net/zy/xiaozhuan/27_9472.svg
2660,178,5,闯,1,1,0,正篆,卷.部首.頁：12上.門.249,闯說文‧門部,,是,glyphwiki,https://www.zdic.net/hans/闯/xiaozhuan,https://img.zdic.net/zy/xiaozhuan/27_95D6.svg
2661,178,6,闶,1,1,0,正篆,卷.部首.頁：12上.門.249,闶說文‧門部,,是,glyphwiki,https://www.zdic.net/hans/闶/xiaozhuan,https://img.zdic.net/zy/xiaozhuan/27_958C.svg
2662,178,7,闺,1,1,0,正篆,卷.部首.頁：12上.門.248,闺說文‧門部,,是,glyphwiki,https://www.zdic.net/hans/闺/xiaozhuan,https://img.zdic.net/zy/xiaozhuan/27_95A8.svg
2663,178,8,闼,1,1,0,正篆,卷.部首.頁：12上.門.249,闼說文‧門部,,是,glyphwiki,https://www.zdic.net/hans/闼/xiaozhuan,https://img.zdic.net/zy/xiaozhuan/27_95E5.svg
2664,178,9,闽,1,1,0,正篆,卷.部首.頁：13上.虫.282,闽說文‧虫部,,是,glyphwiki,https://www.zdic.net/hans/闽/xiaozhuan,https://img.zdic.net/zy/xiaozhuan/27_95A9.svg
2665,178,10,闿,1,1,0,正篆,卷.部首.頁：12上.門.248,闿說文‧門部,,是,glyphwiki,https://www.zdic.net/hans/闿/xiaozhuan,https://img.zdic.net/zy/xiaozhuan/27_95D3.svg
2666,178,11,阇,1,1,0,正篆,卷.部首.頁：12上.門.248,阇說文‧門部,,是,glyphwiki,https://www.zdic.net/hans/阇/xiaozhuan,https://img.zdic.net/zy/xiaozhuan/27_95CD.svg
2667,178,12,阋,1,1,0,正篆,卷.部首.頁：3下.鬥.63,阋說文‧鬥部,,是,glyphwiki,https://www.zdic.net/hans/阋/xiaozhuan,https://img.zdic.net/zy/xiaozhuan/27_9B29.svg
2668,178,13,阍,1,1,0,正篆,卷.部首.頁：12上.門.249,阍說文‧門部,,是,glyphwiki,https://www.zdic.net/hans/阍/xiaozhuan,https://img.zdic.net/zy/xiaozhuan/27_95BD.svg
2669,178,14,阏,1,1,0,正篆,卷.部首.頁：12上.門.248,阏說文‧門部,,是,glyphwiki,https://www.zdic.net/hans/阏/xiaozhuan,https://img.zdic.net/zy/xiaozhuan/27_95BC.svg
2670,178,15,阗,1,1,0,正篆,卷.部首.頁：12上.門.249,阗說文‧門部,,是,glyphwiki,https://www.zdic.net/hans/阗/xiaozhuan,https://img.zdic.net/zy/xiaozhuan/27_95D0.svg
2671,179,1,阘,1,1,0,正篆,卷.部首.頁：12上.門.248,阘說文‧門部,,是,glyphwiki,https://www.zdic.net/hans/阘/xiaozhuan,https://img.zdic.net/zy/xiaozhuan/27_95D2.svg
2672,179,2,阚,1,1,0,正篆,卷.部首.頁：12上.門.249,阚說文‧門部,,是,glyphwiki,https://www.zdic.net/hans/阚/xiaozhuan,https://img.zdic.net/zy/xiaozhuan/27_95DE.svg
2673,179,3,阮,1,1,0,正篆,卷.部首.頁：14下.阜.306,阮說文‧阜部,,是,glyphwiki,https://www.zdic.net/hans/阮/xiaozhuan,https://img.zdic.net/zy/xiaozhuan/27_962E.svg
2674,179,4,防,2,1,1,或體+正篆,卷.部首.頁：14下.阜.305,防說文‧阜部 | 防說文或體,,是,glyphwiki,https://www.zdic.net/hans/防/xiaozhuan,https://img.zdic.net/zy/xiaozhuan/27_9632.svg;https://img.zdic.net/zy/xiaozhuan/27_EC01.svg
2675,179,5,阿,1,1,0,正篆,卷.部首.頁：14下.阜.304,阿說文‧阜部,,是,bronze/glyphwiki,https://www.zdic.net/hans/阿/xiaozhuan,https://img.zdic.net/zy/xiaozhuan/27_963F.svg
2676,179,6,附,1,1,0,正篆,卷.部首.頁：14下.阜.305,附說文‧阜部,,是,glyphwiki,https://www.zdic.net/hans/附/xiaozhuan,https://img.zdic.net/zy/xiaozhuan/27_9644.svg
2677,179,7,际,1,1,0,正篆,卷.部首.頁：14下.阜.306,际說文‧阜部,,是,glyphwiki,https://www.zdic.net/hans/际/xiaozhuan,https://img.zdic.net/zy/xiaozhuan/27_969B.svg
2678,179,8,陔,1,1,0,正篆,卷.部首.頁：14下.阜.306,陔說文‧阜部,,是,glyphwiki,https://www.zdic.net/hans/陔/xiaozhuan,https://img.zdic.net/zy/xiaozhuan/27_9654.svg
2679,179,9,陕,1,1,0,正篆,卷.部首.頁：14下.阜.306,陕說文‧阜部,,是,glyphwiki,https://www.zdic.net/hans/陕/xiaozhuan,https://img.zdic.net/zy/xiaozhuan/27_965D.svg
2680,179,10,陪,1,1,0,正篆,卷.部首.頁：14下.阜.306,陪說文‧阜部,,是,glyphwiki,https://www.zdic.net/hans/陪/xiaozhuan,https://img.zdic.net/zy/xiaozhuan/27_966A.svg
2681,179,11,隆,1,1,0,正篆,卷.部首.頁：6下.生.127,隆說文‧生部,,是,glyphwiki,https://www.zdic.net/hans/隆/xiaozhuan,https://img.zdic.net/zy/xiaozhuan/27_9686.svg
2682,179,12,隈,1,1,0,正篆,卷.部首.頁：14下.阜.306,隈說文‧阜部,,是,glyphwiki,https://www.zdic.net/hans/隈/xiaozhuan,https://img.zdic.net/zy/xiaozhuan/27_9688.svg
2683,179,13,隍,1,1,0,正篆,卷.部首.頁：14下.阜.306,隍說文‧阜部,,是,glyphwiki,https://www.zdic.net/hans/隍/xiaozhuan,https://img.zdic.net/zy/xiaozhuan/27_968D.svg
2684,179,14,隗,1,1,0,正篆,卷.部首.頁：14下.阜.305,隗說文‧阜部,,是,glyphwiki,https://www.zdic.net/hans/隗/xiaozhuan,https://img.zdic.net/zy/xiaozhuan/27_9697.svg
2685,179,15,隘,2,1,1,正篆+籀文,卷.部首.頁：14下.𨺅.307,隘說文‧𨺅部 | 隘說文籀文,,是,glyphwiki,https://www.zdic.net/hans/隘/xiaozhuan,https://img.zdic.net/zy/xiaozhuan/27_EC14.svg;https://img.zdic.net/zy/xiaozhuan/27_9698.svg
2686,180,1,隙,1,1,0,正篆,卷.部首.頁：14下.阜.306,隙說文‧阜部,,是,glyphwiki,https://www.zdic.net/hans/隙/xiaozhuan,https://img.zdic.net/zy/xiaozhuan/27_9699.svg
2687,180,2,隼,2,1,1,或體+正篆,卷.部首.頁：4上.鳥.79,隼說文‧鳥部 | 隼說文或體,,是,glyphwiki,https://www.zdic.net/hans/隼/xiaozhuan,https://img.zdic.net/zy/xiaozhuan/27_9D7B.svg;https://img.zdic.net/zy/xiaozhuan/27_96BC.svg
2688,180,3,霁,1,1,0,正篆,卷.部首.頁：11下.雨.242,霁說文‧雨部,,是,glyphwiki,https://www.zdic.net/hans/霁/xiaozhuan,https://img.zdic.net/zy/xiaozhuan/27_973D.svg
2689,180,4,霈,1,1,0,正篆,卷.部首.頁：11上.水.228,霈說文‧水部,,是,glyphwiki,https://www.zdic.net/hans/霈/xiaozhuan,https://img.zdic.net/zy/xiaozhuan/27_6C9B.svg
2690,180,5,霎,1,1,0,正篆,卷.部首.頁：11下.雨.242,霎說文‧雨部,,是,glyphwiki,https://www.zdic.net/hans/霎/xiaozhuan,https://img.zdic.net/zy/xiaozhuan/27_970E.svg
2691,180,6,霓,1,1,0,正篆,卷.部首.頁：11下.雨.242,霓說文‧雨部,,是,glyphwiki,https://www.zdic.net/hans/霓/xiaozhuan,https://img.zdic.net/zy/xiaozhuan/27_9713.svg
2692,180,7,霜,1,1,0,正篆,卷.部首.頁：11下.雨.242,霜說文‧雨部,,是,glyphwiki,https://www.zdic.net/hans/霜/xiaozhuan,https://img.zdic.net/zy/xiaozhuan/27_971C.svg
2693,180,8,霭,1,1,0,正篆,卷.部首.頁：11下.雨.242,霭說文‧雨部,,是,glyphwiki,https://www.zdic.net/hans/霭/xiaozhuan,https://img.zdic.net/zy/xiaozhuan/27_9744.svg
2694,180,9,靓,1,1,0,正篆,卷.部首.頁：8下.見.178,靓說文‧見部,,是,glyphwiki,https://www.zdic.net/hans/靓/xiaozhuan,https://img.zdic.net/zy/xiaozhuan/27_975A.svg
2695,180,10,靖,1,1,0,正篆,卷.部首.頁：10下.立.216,靖說文‧立部,,是,glyphwiki,https://www.zdic.net/hans/靖/xiaozhuan,https://img.zdic.net/zy/xiaozhuan/27_9756.svg
2696,180,11,靛,1,1,0,正篆,卷.部首.頁：11上.水.236,靛說文‧水部,,是,glyphwiki,https://www.zdic.net/hans/靛/xiaozhuan,https://img.zdic.net/zy/xiaozhuan/27_6FB1.svg
2697,180,12,靠,1,1,0,正篆,卷.部首.頁：11下.非.246,靠說文‧非部,,是,glyphwiki,https://www.zdic.net/hans/靠/xiaozhuan,https://img.zdic.net/zy/xiaozhuan/27_9760.svg
2698,180,13,靥,1,1,0,正篆,卷.部首.頁：9上.面.184,靥說文‧面部,,是,glyphwiki,https://www.zdic.net/hans/靥/xiaozhuan,https://img.zdic.net/zy/xiaozhuan/27_9768.svg
2699,180,14,靸,1,1,0,正篆,卷.部首.頁：3下.革.61,靸說文‧革部,,是,glyphwiki,https://www.zdic.net/hans/靸/xiaozhuan,https://img.zdic.net/zy/xiaozhuan/27_9778.svg
2700,180,15,鞣,1,1,0,正篆,卷.部首.頁：3下.革.60,鞣說文‧革部,,是,glyphwiki,https://www.zdic.net/hans/鞣/xiaozhuan,https://img.zdic.net/zy/xiaozhuan/27_97A3.svg
2701,181,1,鞬,1,1,0,正篆,卷.部首.頁：3下.革.62,鞬說文‧革部,,是,glyphwiki,https://www.zdic.net/hans/鞬/xiaozhuan,https://img.zdic.net/zy/xiaozhuan/27_97AC.svg
2702,181,2,韵,1,1,0,正篆,卷.部首.頁：3上.音.58,韵說文‧音部,,是,glyphwiki,https://www.zdic.net/hans/韵/xiaozhuan,https://img.zdic.net/zy/xiaozhuan/27_97FB.svg
2703,181,3,韶,1,1,0,正篆,卷.部首.頁：3上.音.58,韶說文‧音部,,是,glyphwiki,https://www.zdic.net/hans/韶/xiaozhuan,https://img.zdic.net/zy/xiaozhuan/27_97F6.svg
2704,181,4,预,1,1,0,正篆,卷.部首.頁：9上.頁.184,预說文‧頁部,,是,glyphwiki,https://www.zdic.net/hans/预/xiaozhuan,https://img.zdic.net/zy/xiaozhuan/27_9810.svg
2705,181,5,颅,1,1,0,正篆,卷.部首.頁：9上.頁.181,颅說文‧頁部,,是,glyphwiki,https://www.zdic.net/hans/颅/xiaozhuan,https://img.zdic.net/zy/xiaozhuan/27_9871.svg
2706,181,6,颇,1,1,0,正篆,卷.部首.頁：9上.頁.183,颇說文‧頁部,,是,glyphwiki,https://www.zdic.net/hans/颇/xiaozhuan,https://img.zdic.net/zy/xiaozhuan/27_9817.svg
2707,181,7,颋,1,1,0,正篆,卷.部首.頁：9上.頁.182,颋說文‧頁部,,是,glyphwiki,https://www.zdic.net/hans/颋/xiaozhuan,https://img.zdic.net/zy/xiaozhuan/27_9832.svg
2708,181,8,颎,1,1,0,正篆,卷.部首.頁：10上.火.208,颎說文‧火部,,是,glyphwiki,https://www.zdic.net/hans/颎/xiaozhuan,https://img.zdic.net/zy/xiaozhuan/27_71B2.svg
2709,181,9,颏,1,1,0,正篆,卷.部首.頁：9上.頁.184,颏說文‧頁部,,是,glyphwiki,https://www.zdic.net/hans/颏/xiaozhuan,https://img.zdic.net/zy/xiaozhuan/27_9826.svg
2710,181,10,颐,3,1,2,正篆+篆文+籀文,卷.部首.頁：12上.𦣞.250,颐說文‧𦣞部 | 颐說文篆文 | 颐說文籀文,,是,glyphwiki,https://www.zdic.net/hans/颐/xiaozhuan,https://img.zdic.net/zy/xiaozhuan/27_F68D.svg;https://img.zdic.net/zy/xiaozhuan/27_9824.svg;https://img.zdic.net/zy/xiaozhuan/27_E9F5.svg
2711,181,11,颗,1,1,0,正篆,卷.部首.頁：9上.頁.182,颗說文‧頁部,,是,glyphwiki,https://www.zdic.net/hans/颗/xiaozhuan,https://img.zdic.net/zy/xiaozhuan/27_9846.svg
2712,181,12,颙,1,1,0,正篆,卷.部首.頁：9上.頁.182,颙說文‧頁部,,是,glyphwiki,https://www.zdic.net/hans/颙/xiaozhuan,https://img.zdic.net/zy/xiaozhuan/27_9852.svg
2713,181,13,颡,1,1,0,正篆,卷.部首.頁：9上.頁.181,颡說文‧頁部,,是,glyphwiki,https://www.zdic.net/hans/颡/xiaozhuan,https://img.zdic.net/zy/xiaozhuan/27_9859.svg
2714,181,14,飏,1,1,0,正篆,卷.部首.頁：13下.風.284,飏說文‧風部,,是,glyphwiki,https://www.zdic.net/hans/飏/xiaozhuan,https://img.zdic.net/zy/xiaozhuan/27_98BA.svg
2715,181,15,飕,1,1,0,正篆,卷.部首.頁：13下.風.285,飕說文‧風部,,是,glyphwiki,https://www.zdic.net/hans/飕/xiaozhuan,https://img.zdic.net/zy/xiaozhuan/27_98BC.svg
2716,182,1,飘,1,1,0,正篆,卷.部首.頁：13下.風.284,飘說文‧風部,,是,glyphwiki,https://www.zdic.net/hans/飘/xiaozhuan,https://img.zdic.net/zy/xiaozhuan/27_98C4.svg
2717,182,2,飙,2,1,1,或體+正篆,卷.部首.頁：13下.風.284,飙說文‧風部 | 飙說文或體,,是,glyphwiki,https://www.zdic.net/hans/飙/xiaozhuan,https://img.zdic.net/zy/xiaozhuan/27_98C6.svg;https://img.zdic.net/zy/xiaozhuan/27_98AE.svg
2718,182,3,飧,1,1,0,正篆,卷.部首.頁：5下.食.107,飧說文‧食部,,是,glyphwiki,https://www.zdic.net/hans/飧/xiaozhuan,https://img.zdic.net/zy/xiaozhuan/27_98E7.svg
2719,182,4,饪,2,1,1,古文+正篆,卷.部首.頁：5下.食.107、10下.心.220,饪說文‧食部 | 饪說文古文,饪說文古文,是,glyphwiki,https://www.zdic.net/hans/饪/xiaozhuan,https://img.zdic.net/zy/xiaozhuan/27_98EA.svg;https://img.zdic.net/zy/xiaozhuan/27_E46C.svg
2720,182,5,饫,1,1,0,正篆,卷.部首.頁：5下.食.108,饫說文‧食部,,是,glyphwiki,https://www.zdic.net/hans/饫/xiaozhuan,https://img.zdic.net/zy/xiaozhuan/27_E481.svg
2721,182,6,饯,1,1,0,正篆,卷.部首.頁：5下.食.108,饯說文‧食部,,是,glyphwiki,https://www.zdic.net/hans/饯/xiaozhuan,https://img.zdic.net/zy/xiaozhuan/27_991E.svg
2722,182,7,饰,1,1,0,正篆,卷.部首.頁：7下.巾.159,饰說文‧巾部,,是,glyphwiki,https://www.zdic.net/hans/饰/xiaozhuan,https://img.zdic.net/zy/xiaozhuan/27_98FE.svg
2723,182,8,饶,1,1,0,正篆,卷.部首.頁：5下.食.108,饶說文‧食部,,是,glyphwiki,https://www.zdic.net/hans/饶/xiaozhuan,https://img.zdic.net/zy/xiaozhuan/27_9952.svg
2724,182,9,馏,1,1,0,正篆,卷.部首.頁：5下.食.107,馏說文‧食部,,是,glyphwiki,https://www.zdic.net/hans/馏/xiaozhuan,https://img.zdic.net/zy/xiaozhuan/27_993E.svg
2725,182,10,馓,1,1,0,正篆,卷.部首.頁：5下.食.107,馓說文‧食部,,是,glyphwiki,https://www.zdic.net/hans/馓/xiaozhuan,https://img.zdic.net/zy/xiaozhuan/27_E470.svg
2726,182,11,驮,1,1,0,正篆,卷.部首.頁：10上.馬.202,驮說文‧馬部,,是,glyphwiki,https://www.zdic.net/hans/驮/xiaozhuan,https://img.zdic.net/zy/xiaozhuan/27_99B1.svg
2727,182,12,驯,1,1,0,正篆,卷.部首.頁：10上.馬.201,驯說文‧馬部,,是,glyphwiki,https://www.zdic.net/hans/驯/xiaozhuan,https://img.zdic.net/zy/xiaozhuan/27_99B4.svg
2728,182,13,驸,1,1,0,正篆,卷.部首.頁：10上.馬.200,驸說文‧馬部,,是,glyphwiki,https://www.zdic.net/hans/驸/xiaozhuan,https://img.zdic.net/zy/xiaozhuan/27_99D9.svg
2729,182,14,骀,1,1,0,正篆,卷.部首.頁：10上.馬.201,骀說文‧馬部,,是,glyphwiki,https://www.zdic.net/hans/骀/xiaozhuan,https://img.zdic.net/zy/xiaozhuan/27_99D8.svg
2730,182,15,骁,1,1,0,正篆,卷.部首.頁：10上.馬.200,骁說文‧馬部,,是,glyphwiki,https://www.zdic.net/hans/骁/xiaozhuan,https://img.zdic.net/zy/xiaozhuan/27_9A4D.svg
2731,183,1,骃,1,1,0,正篆,卷.部首.頁：10上.馬.199,骃說文‧馬部,,是,glyphwiki,https://www.zdic.net/hans/骃/xiaozhuan,https://img.zdic.net/zy/xiaozhuan/27_99F0.svg
2732,183,2,骇,1,1,0,正篆,卷.部首.頁：10上.馬.201,骇說文‧馬部,,是,glyphwiki,https://www.zdic.net/hans/骇/xiaozhuan,https://img.zdic.net/zy/xiaozhuan/27_99ED.svg
2733,183,3,骈,1,1,0,正篆,卷.部首.頁：10上.馬.200,骈說文‧馬部,,是,glyphwiki,https://www.zdic.net/hans/骈/xiaozhuan,https://img.zdic.net/zy/xiaozhuan/27_99E2.svg
2734,183,4,骊,1,1,0,正篆,卷.部首.頁：10上.馬.199,骊說文‧馬部,,是,glyphwiki,https://www.zdic.net/hans/骊/xiaozhuan,https://img.zdic.net/zy/xiaozhuan/27_9A6A.svg
2735,183,5,骋,1,1,0,正篆,卷.部首.頁：10上.馬.201,骋說文‧馬部,,是,glyphwiki,https://www.zdic.net/hans/骋/xiaozhuan,https://img.zdic.net/zy/xiaozhuan/27_9A01.svg
2736,183,6,骎,1,1,0,正篆,卷.部首.頁：10上.馬.200,骎說文‧馬部,,是,glyphwiki,https://www.zdic.net/hans/骎/xiaozhuan,https://img.zdic.net/zy/xiaozhuan/27_99F8.svg
2737,183,7,骏,1,1,0,正篆,卷.部首.頁：10上.馬.200,骏說文‧馬部,,是,glyphwiki,https://www.zdic.net/hans/骏/xiaozhuan,https://img.zdic.net/zy/xiaozhuan/27_99FF.svg
2738,183,8,骙,1,1,0,正篆,卷.部首.頁：10上.馬.200,骙說文‧馬部,,是,glyphwiki,https://www.zdic.net/hans/骙/xiaozhuan,https://img.zdic.net/zy/xiaozhuan/27_9A24.svg
2739,183,9,骛,1,1,0,正篆,卷.部首.頁：10上.馬.201,骛說文‧馬部,,是,glyphwiki,https://www.zdic.net/hans/骛/xiaozhuan,https://img.zdic.net/zy/xiaozhuan/27_9A16.svg
2740,183,10,骠,1,1,0,正篆,卷.部首.頁：10上.馬.199,骠說文‧馬部,,是,glyphwiki,https://www.zdic.net/hans/骠/xiaozhuan,https://img.zdic.net/zy/xiaozhuan/27_9A43.svg
2741,183,11,骢,1,1,0,正篆,卷.部首.頁：10上.馬.199,骢說文‧馬部,,是,glyphwiki,https://www.zdic.net/hans/骢/xiaozhuan,https://img.zdic.net/zy/xiaozhuan/27_9A44.svg
2742,183,12,骧,1,1,0,正篆,卷.部首.頁：10上.馬.200,骧說文‧馬部,,是,glyphwiki,https://www.zdic.net/hans/骧/xiaozhuan,https://img.zdic.net/zy/xiaozhuan/27_9A64.svg
2743,183,13,骸,1,1,0,正篆,卷.部首.頁：4下.骨.86,骸說文‧骨部,,是,glyphwiki,https://www.zdic.net/hans/骸/xiaozhuan,https://img.zdic.net/zy/xiaozhuan/27_9AB8.svg
2744,183,14,髁,1,1,0,正篆,卷.部首.頁：4下.骨.86,髁說文‧骨部,,是,glyphwiki,https://www.zdic.net/hans/髁/xiaozhuan,https://img.zdic.net/zy/xiaozhuan/27_9AC1.svg
2745,183,15,髃,1,1,0,正篆,卷.部首.頁：4下.骨.86,髃說文‧骨部,,是,glyphwiki,https://www.zdic.net/hans/髃/xiaozhuan,https://img.zdic.net/zy/xiaozhuan/27_E386.svg
2746,184,1,髦,1,1,0,正篆,卷.部首.頁：9上.髟.185,髦說文‧髟部,,是,glyphwiki,https://www.zdic.net/hans/髦/xiaozhuan,https://img.zdic.net/zy/xiaozhuan/27_9AE6.svg
2747,184,2,髻,1,1,0,正篆,卷.部首.頁：9上.髟.186,髻說文‧髟部,,是,glyphwiki,https://www.zdic.net/hans/髻/xiaozhuan,https://img.zdic.net/zy/xiaozhuan/27_9AFB.svg
2748,184,3,髽,1,1,0,正篆,卷.部首.頁：9上.髟.186,髽說文‧髟部,,是,glyphwiki,https://www.zdic.net/hans/髽/xiaozhuan,https://img.zdic.net/zy/xiaozhuan/27_9AFD.svg
2749,184,4,鬈,1,1,0,正篆,卷.部首.頁：9上.髟.185,鬈說文‧髟部,,是,glyphwiki,https://www.zdic.net/hans/鬈/xiaozhuan,https://img.zdic.net/zy/xiaozhuan/27_9B08.svg
2750,184,5,鬷,1,1,0,正篆,卷.部首.頁：3下.鬲.62,鬷說文‧鬲部,,是,glyphwiki,https://www.zdic.net/hans/鬷/xiaozhuan,https://img.zdic.net/zy/xiaozhuan/27_9B37.svg
2751,184,6,鬻,1,1,0,正篆,卷.部首.頁：3下.䰜.62,鬻說文‧䰜部,,是,glyphwiki,https://www.zdic.net/hans/鬻/xiaozhuan,https://img.zdic.net/zy/xiaozhuan/27_9B3B.svg
2752,184,7,魇,1,1,0,正篆,卷.部首.頁：9上.鬼.189,魇說文‧鬼部,,是,glyphwiki,https://www.zdic.net/hans/魇/xiaozhuan,https://img.zdic.net/zy/xiaozhuan/27_9B58.svg
2753,184,8,魔,1,1,0,正篆,卷.部首.頁：9上.鬼.189,魔說文‧鬼部,,是,glyphwiki,https://www.zdic.net/hans/魔/xiaozhuan,https://img.zdic.net/zy/xiaozhuan/27_9B54.svg
2754,184,9,鲂,2,1,1,或體+正篆,卷.部首.頁：11下.魚.243,鲂說文‧魚部 | 鲂說文或體,,是,glyphwiki,https://www.zdic.net/hans/鲂/xiaozhuan,https://img.zdic.net/zy/xiaozhuan/27_9B74.svg;https://img.zdic.net/zy/xiaozhuan/27_E9AB.svg
2755,184,10,鲇,1,1,0,正篆,卷.部首.頁：11下.魚.244,鲇說文‧魚部,,是,glyphwiki,https://www.zdic.net/hans/鲇/xiaozhuan,https://img.zdic.net/zy/xiaozhuan/27_E9B4.svg
2756,184,11,鲋,1,1,0,正篆,卷.部首.頁：11下.魚.243,鲋說文‧魚部,,是,glyphwiki,https://www.zdic.net/hans/鲋/xiaozhuan,https://img.zdic.net/zy/xiaozhuan/27_9B92.svg
2757,184,12,鲌,1,1,0,正篆,卷.部首.頁：11下.魚.244,鲌說文‧魚部,,是,glyphwiki,https://www.zdic.net/hans/鲌/xiaozhuan,https://img.zdic.net/zy/xiaozhuan/27_E9C2.svg
2758,184,13,鲏,1,1,0,正篆,卷.部首.頁：11下.魚.243,鲏說文‧魚部,,是,glyphwiki,https://www.zdic.net/hans/鲏/xiaozhuan,https://img.zdic.net/zy/xiaozhuan/27_E9AC.svg
2759,184,14,鲐,1,1,0,正篆,卷.部首.頁：11下.魚.244,鲐說文‧魚部,,是,glyphwiki,https://www.zdic.net/hans/鲐/xiaozhuan,https://img.zdic.net/zy/xiaozhuan/27_9B90.svg
2760,184,15,鲒,1,1,0,正篆,卷.部首.頁：11下.魚.245,鲒說文‧魚部,,是,glyphwiki,https://www.zdic.net/hans/鲒/xiaozhuan,https://img.zdic.net/zy/xiaozhuan/27_9B9A.svg
2761,185,1,鲔,1,1,0,正篆,卷.部首.頁：11下.魚.243,鲔說文‧魚部,,是,glyphwiki,https://www.zdic.net/hans/鲔/xiaozhuan,https://img.zdic.net/zy/xiaozhuan/27_9BAA.svg
2762,185,2,鲕,1,1,0,正篆,卷.部首.頁：11下.魚.242,鲕說文‧魚部,,是,glyphwiki,https://www.zdic.net/hans/鲕/xiaozhuan,https://img.zdic.net/zy/xiaozhuan/27_9B9E.svg
2763,185,3,鲖,1,1,0,正篆,卷.部首.頁：11下.魚.243,鲖說文‧魚部,,是,glyphwiki,https://www.zdic.net/hans/鲖/xiaozhuan,https://img.zdic.net/zy/xiaozhuan/27_9BA6.svg
2764,185,4,鲗,2,1,1,或體+正篆,卷.部首.頁：11下.魚.244,鲗說文‧魚部 | 鲗說文或體,,是,glyphwiki,https://www.zdic.net/hans/鲗/xiaozhuan,https://img.zdic.net/zy/xiaozhuan/27_E9C1.svg;https://img.zdic.net/zy/xiaozhuan/27_9BFD.svg
2765,185,5,鲛,1,1,0,正篆,卷.部首.頁：11下.魚.244,鲛說文‧魚部,,是,glyphwiki,https://www.zdic.net/hans/鲛/xiaozhuan,https://img.zdic.net/zy/xiaozhuan/27_9BAB.svg
2766,185,6,鲝,1,1,0,正篆,卷.部首.頁：11下.魚.244,鲝說文‧魚部,,是,glyphwiki,https://www.zdic.net/hans/鲝/xiaozhuan,https://img.zdic.net/zy/xiaozhuan/27_F0D1.svg
2767,185,7,鲠,1,1,0,正篆,卷.部首.頁：11下.魚.244,鲠說文‧魚部,,是,glyphwiki,https://www.zdic.net/hans/鲠/xiaozhuan,https://img.zdic.net/zy/xiaozhuan/27_9BC1.svg
2768,185,8,鲡,1,1,0,正篆,卷.部首.頁：11下.魚.243,鲡說文‧魚部,,是,glyphwiki,https://www.zdic.net/hans/鲡/xiaozhuan,https://img.zdic.net/zy/xiaozhuan/27_9C7A.svg
2769,185,9,鲢,1,1,0,正篆,卷.部首.頁：11下.魚.243,鲢說文‧魚部,,是,glyphwiki,https://www.zdic.net/hans/鲢/xiaozhuan,https://img.zdic.net/zy/xiaozhuan/27_9C31.svg
2770,185,10,鲤,1,1,0,正篆,卷.部首.頁：11下.魚.243,鲤說文‧魚部,,是,glyphwiki,https://www.zdic.net/hans/鲤/xiaozhuan,https://img.zdic.net/zy/xiaozhuan/27_9BC9.svg
2771,185,11,鲦,1,1,0,正篆,卷.部首.頁：11下.魚.243,鲦說文‧魚部,,是,glyphwiki,https://www.zdic.net/hans/鲦/xiaozhuan,https://img.zdic.net/zy/xiaozhuan/27_9BC8.svg
2772,185,12,鲩,1,1,0,正篆,卷.部首.頁：11下.魚.243,鲩說文‧魚部,,是,glyphwiki,https://www.zdic.net/hans/鲩/xiaozhuan,https://img.zdic.net/zy/xiaozhuan/27_9BC7.svg
2773,185,13,鲫,2,1,1,或體+正篆,卷.部首.頁：11下.魚.244,鲫說文‧魚部 | 鲫說文或體,,是,glyphwiki,https://www.zdic.net/hans/鲫/xiaozhuan,https://img.zdic.net/zy/xiaozhuan/27_E9C1.svg;https://img.zdic.net/zy/xiaozhuan/27_9BFD.svg
2774,185,14,鲰,1,1,0,正篆,卷.部首.頁：11下.魚.244,鲰說文‧魚部,,是,glyphwiki,https://www.zdic.net/hans/鲰/xiaozhuan,https://img.zdic.net/zy/xiaozhuan/27_9BEB.svg
2775,185,15,鲸,2,1,1,或體+正篆,卷.部首.頁：11下.魚.244,鲸說文‧魚部 | 鲸說文或體,,是,glyphwiki,https://www.zdic.net/hans/鲸/xiaozhuan,https://img.zdic.net/zy/xiaozhuan/27_E9C3.svg;https://img.zdic.net/zy/xiaozhuan/27_9BE8.svg
2776,186,1,鲽,1,1,0,正篆,卷.部首.頁：11下.鱻.245,鲽說文‧鱻部,,是,glyphwiki,https://www.zdic.net/hans/鲽/xiaozhuan,https://img.zdic.net/zy/xiaozhuan/27_9C08.svg
2777,186,2,鳊,2,1,1,或體+正篆,卷.部首.頁：11下.魚.243,鳊說文‧魚部 | 鳊說文或體,,是,glyphwiki,https://www.zdic.net/hans/鳊/xiaozhuan,https://img.zdic.net/zy/xiaozhuan/27_E9A9.svg;https://img.zdic.net/zy/xiaozhuan/27_E9AA.svg
2778,186,3,鳎,1,1,0,正篆,卷.部首.頁：11下.魚.242,鳎說文‧魚部,,是,glyphwiki,https://www.zdic.net/hans/鳎/xiaozhuan,https://img.zdic.net/zy/xiaozhuan/27_9C28.svg
2779,186,4,鳐,1,1,0,正篆,卷.部首.頁：11下.鱻.245,鳐說文‧鱻部,,是,glyphwiki,https://www.zdic.net/hans/鳐/xiaozhuan,https://img.zdic.net/zy/xiaozhuan/27_9C29.svg
2780,186,5,鳑,2,1,1,或體+正篆,卷.部首.頁：11下.魚.243,鳑說文‧魚部 | 鳑說文或體,,是,glyphwiki,https://www.zdic.net/hans/鳑/xiaozhuan,https://img.zdic.net/zy/xiaozhuan/27_9B74.svg;https://img.zdic.net/zy/xiaozhuan/27_E9AB.svg
2781,186,6,鳙,1,1,0,正篆,卷.部首.頁：11下.魚.244,鳙說文‧魚部,,是,glyphwiki,https://www.zdic.net/hans/鳙/xiaozhuan,https://img.zdic.net/zy/xiaozhuan/27_E9C0.svg
2782,186,7,鳛,1,1,0,正篆,卷.部首.頁：11下.魚.243,鳛說文‧魚部,,是,glyphwiki,https://www.zdic.net/hans/鳛/xiaozhuan,https://img.zdic.net/zy/xiaozhuan/27_9C3C.svg
2783,186,8,鳜,1,1,0,正篆,卷.部首.頁：11下.魚.244,鳜說文‧魚部,,是,glyphwiki,https://www.zdic.net/hans/鳜/xiaozhuan,https://img.zdic.net/zy/xiaozhuan/27_9C56.svg
2784,186,9,鳟,1,1,0,正篆,卷.部首.頁：11下.魚.242,鳟說文‧魚部,,是,glyphwiki,https://www.zdic.net/hans/鳟/xiaozhuan,https://img.zdic.net/zy/xiaozhuan/27_9C52.svg
2785,186,10,鳠,1,1,0,正篆,卷.部首.頁：11下.魚.243,鳠說文‧魚部,,是,glyphwiki,https://www.zdic.net/hans/鳠/xiaozhuan,https://img.zdic.net/zy/xiaozhuan/27_E9B0.svg
2786,186,11,鳢,1,1,0,正篆,卷.部首.頁：11下.魚.243,鳢說文‧魚部,,是,glyphwiki,https://www.zdic.net/hans/鳢/xiaozhuan,https://img.zdic.net/zy/xiaozhuan/27_9C67.svg
2787,186,12,鸬,1,1,0,正篆,卷.部首.頁：4上.鳥.81,鸬說文‧鳥部,,是,glyphwiki,https://www.zdic.net/hans/鸬/xiaozhuan,https://img.zdic.net/zy/xiaozhuan/27_9E15.svg
2788,186,13,鸭,1,1,0,正篆,卷.部首.頁：4上.鳥.82,鸭說文‧鳥部,,是,glyphwiki,https://www.zdic.net/hans/鸭/xiaozhuan,https://img.zdic.net/zy/xiaozhuan/27_9D28.svg
2789,186,14,鸮,1,1,0,正篆,卷.部首.頁：4上.鳥.80,鸮說文‧鳥部,,是,glyphwiki,https://www.zdic.net/hans/鸮/xiaozhuan,https://img.zdic.net/zy/xiaozhuan/27_9D1E.svg
2790,186,15,鸯,1,1,0,正篆,卷.部首.頁：4上.鳥.80,鸯說文‧鳥部,,是,glyphwiki,https://www.zdic.net/hans/鸯/xiaozhuan,https://img.zdic.net/zy/xiaozhuan/27_9D26.svg
2791,187,1,鸱,2,1,1,正篆+籀文,卷.部首.頁：4上.隹.76,鸱說文‧隹部 | 鸱說文籀文,,是,glyphwiki,https://www.zdic.net/hans/鸱/xiaozhuan,https://img.zdic.net/zy/xiaozhuan/27_E31E.svg;https://img.zdic.net/zy/xiaozhuan/27_9D1F.svg
2792,187,2,鸳,1,1,0,正篆,卷.部首.頁：4上.鳥.80,鸳說文‧鳥部,,是,glyphwiki,https://www.zdic.net/hans/鸳/xiaozhuan,https://img.zdic.net/zy/xiaozhuan/27_9D1B.svg
2793,187,3,鸷,1,1,0,正篆,卷.部首.頁：4上.鳥.82,鸷說文‧鳥部,,是,glyphwiki,https://www.zdic.net/hans/鸷/xiaozhuan,https://img.zdic.net/zy/xiaozhuan/27_9DD9.svg
2794,187,4,鸹,1,1,0,正篆,卷.部首.頁：4上.鳥.81,鸹說文‧鳥部,,是,glyphwiki,https://www.zdic.net/hans/鸹/xiaozhuan,https://img.zdic.net/zy/xiaozhuan/27_9D30.svg
2795,187,5,鸺,2,1,1,或體+正篆,卷.部首.頁：4上.雈.77,鸺說文‧雈部 | 鸺說文或體,,是,glyphwiki,https://www.zdic.net/hans/鸺/xiaozhuan,https://img.zdic.net/zy/xiaozhuan/27_820A.svg;https://img.zdic.net/zy/xiaozhuan/27_9D42.svg
2796,187,6,鸼,1,1,0,正篆,卷.部首.頁：4上.鳥.79,鸼說文‧鳥部,,是,glyphwiki,https://www.zdic.net/hans/鸼/xiaozhuan,https://img.zdic.net/zy/xiaozhuan/27_9D43.svg
2797,187,7,鹄,1,1,0,正篆,卷.部首.頁：4上.鳥.80,鹄說文‧鳥部,,是,glyphwiki,https://www.zdic.net/hans/鹄/xiaozhuan,https://img.zdic.net/zy/xiaozhuan/27_9D60.svg
2798,187,8,鹇,1,1,0,正篆,卷.部首.頁：4上.鳥.81,鹇說文‧鳥部,,是,glyphwiki,https://www.zdic.net/hans/鹇/xiaozhuan,https://img.zdic.net/zy/xiaozhuan/27_9DF3.svg
2799,187,9,鹏,3,1,2,古文+正篆,卷.部首.頁：4上.鳥.79,鹏說文‧鳥部 | 鹏說文古文 | 鹏說文古文,,是,glyphwiki,https://www.zdic.net/hans/鹏/xiaozhuan,https://img.zdic.net/zy/xiaozhuan/27_9CF3.svg;https://img.zdic.net/zy/xiaozhuan/27_670B.svg;https://img.zdic.net/zy/xiaozhuan/27_9D6C.svg
2800,187,10,鹔,2,1,1,或體+正篆,卷.部首.頁：4上.鳥.79,鹔說文‧鳥部 | 鹔說文或體,,是,glyphwiki,https://www.zdic.net/hans/鹔/xiaozhuan,https://img.zdic.net/zy/xiaozhuan/27_9DEB.svg;https://img.zdic.net/zy/xiaozhuan/27_E33B.svg
2801,187,11,鹘,1,1,0,正篆,卷.部首.頁：4上.鳥.79,鹘說文‧鳥部,,是,glyphwiki,https://www.zdic.net/hans/鹘/xiaozhuan,https://img.zdic.net/zy/xiaozhuan/27_9DBB.svg
2802,187,12,鹙,2,1,1,或體+正篆,卷.部首.頁：4上.鳥.80,鹙說文‧鳥部 | 鹙說文或體,,是,glyphwiki,https://www.zdic.net/hans/鹙/xiaozhuan,https://img.zdic.net/zy/xiaozhuan/27_E34E.svg;https://img.zdic.net/zy/xiaozhuan/27_9D96.svg
2803,187,13,鹜,1,1,0,正篆,卷.部首.頁：4上.鳥.81,鹜說文‧鳥部,,是,glyphwiki,https://www.zdic.net/hans/鹜/xiaozhuan,https://img.zdic.net/zy/xiaozhuan/27_9DA9.svg
2804,187,14,鹝,3,1,2,或體+正篆,卷.部首.頁：4上.鳥.81,鹝說文‧鳥部 | 鹝說文或體 | 鹝說文或體,,是,glyphwiki,https://www.zdic.net/hans/鹝/xiaozhuan,https://img.zdic.net/zy/xiaozhuan/27_9D82.svg;https://img.zdic.net/zy/xiaozhuan/27_9DCA.svg;https://img.zdic.net/zy/xiaozhuan/27_E358.svg
2805,187,15,鹠,1,1,0,正篆,卷.部首.頁：4上.鳥.80,鹠說文‧鳥部,,是,glyphwiki,https://www.zdic.net/hans/鹠/xiaozhuan,https://img.zdic.net/zy/xiaozhuan/27_9DB9.svg
2806,188,1,鹤,1,1,0,正篆,卷.部首.頁：4上.鳥.80,鹤說文‧鳥部,,是,glyphwiki,https://www.zdic.net/hans/鹤/xiaozhuan,https://img.zdic.net/zy/xiaozhuan/27_9DB4.svg
2807,188,2,鹧,1,1,0,正篆,卷.部首.頁：4上.鳥.82,鹧說文‧鳥部,,是,glyphwiki,https://www.zdic.net/hans/鹧/xiaozhuan,https://img.zdic.net/zy/xiaozhuan/27_9DD3.svg
2808,188,3,鹨,1,1,0,正篆,卷.部首.頁：4上.鳥.79,鹨說文‧鳥部,,是,glyphwiki,https://www.zdic.net/hans/鹨/xiaozhuan,https://img.zdic.net/zy/xiaozhuan/27_9DDA.svg
2809,188,4,鹩,1,1,0,正篆,卷.部首.頁：4上.鳥.80,鹩說文‧鳥部,,是,glyphwiki,https://www.zdic.net/hans/鹩/xiaozhuan,https://img.zdic.net/zy/xiaozhuan/27_9DEF.svg
2810,188,5,鹪,1,1,0,正篆,卷.部首.頁：4上.鳥.80,鹪說文‧鳥部,,是,glyphwiki,https://www.zdic.net/hans/鹪/xiaozhuan,https://img.zdic.net/zy/xiaozhuan/27_9DE6.svg
2811,188,6,鹰,2,1,1,正篆+籀文,卷.部首.頁：4上.隹.76,鹰說文‧隹部 | 鹰說文籀文,,是,glyphwiki,https://www.zdic.net/hans/鹰/xiaozhuan,https://img.zdic.net/zy/xiaozhuan/27_EDED.svg;https://img.zdic.net/zy/xiaozhuan/27_9DF9.svg
2812,188,7,鹾,1,1,0,正篆,卷.部首.頁：12上.鹵.247,鹾說文‧鹵部,,是,glyphwiki,https://www.zdic.net/hans/鹾/xiaozhuan,https://img.zdic.net/zy/xiaozhuan/27_9E7A.svg
2813,188,8,麂,2,1,1,或體+正篆,卷.部首.頁：10上.鹿.202,麂說文‧鹿部 | 麂說文或體,,是,glyphwiki,https://www.zdic.net/hans/麂/xiaozhuan,https://img.zdic.net/zy/xiaozhuan/27_E840.svg;https://img.zdic.net/zy/xiaozhuan/27_9E82.svg
2814,188,9,麈,1,1,0,正篆,卷.部首.頁：10上.鹿.203,麈說文‧鹿部,,是,glyphwiki,https://www.zdic.net/hans/麈/xiaozhuan,https://img.zdic.net/zy/xiaozhuan/27_9E88.svg
2815,188,10,麸,2,1,1,或體+正篆,卷.部首.頁：5下.麥.112,麸說文‧麥部 | 麸說文或體,,是,glyphwiki,https://www.zdic.net/hans/麸/xiaozhuan,https://img.zdic.net/zy/xiaozhuan/27_9EA9.svg;https://img.zdic.net/zy/xiaozhuan/27_E4B2.svg
2816,188,11,鼋,1,1,0,正篆,卷.部首.頁：13下.黽.285,鼋說文‧黽部,,是,glyphwiki,https://www.zdic.net/hans/鼋/xiaozhuan,https://img.zdic.net/zy/xiaozhuan/27_9EFF.svg
2817,188,12,鼬,1,1,0,正篆,卷.部首.頁：10上.鼠.206,鼬說文‧鼠部,,是,glyphwiki,https://www.zdic.net/hans/鼬/xiaozhuan,https://img.zdic.net/zy/xiaozhuan/27_9F2C.svg
2818,188,13,鼾,1,1,0,正篆,卷.部首.頁：4上.鼻.74,鼾說文‧鼻部,,是,glyphwiki,https://www.zdic.net/hans/鼾/xiaozhuan,https://img.zdic.net/zy/xiaozhuan/27_9F3E.svg
2819,188,14,龂,1,1,0,正篆,卷.部首.頁：2下.齒.44,龂說文‧齒部,,是,glyphwiki,https://www.zdic.net/hans/龂/xiaozhuan,https://img.zdic.net/zy/xiaozhuan/27_9F57.svg
2820,188,15,龈,1,1,0,正篆,卷.部首.頁：2下.齒.45,龈說文‧齒部,,是,glyphwiki,https://www.zdic.net/hans/龈/xiaozhuan,https://img.zdic.net/zy/xiaozhuan/27_9F66.svg
2821,189,1,𤫉,1,1,0,正篆,卷.部首.頁：1上.玉.12,𤫉說文‧玉部,,是,glyphwiki,https://www.zdic.net/hans/𤫉/xiaozhuan,https://img.zdic.net/zy/xiaozhuan/27_E035.svg
